ID,Tên sản phẩm,Giá Nhật (¥),Nguồn,Link,Ghi chú
173,Lion Pair Acne Cream W Kem Trị Mụn 14g,714,amazon,https://www.amazon.co.jp/dp/B002NST1IO,nguồn yếu — kiểm tra lại
187,Spirulina Tảo Xoắn 2400 Viên,2484,amazon,https://www.amazon.co.jp/dp/B000IBURUE,nguồn yếu — kiểm tra lại
193,BB Chocola Trị Mụn 170 Viên,2883,amazon,https://www.amazon.co.jp/dp/B004312MSK,nguồn yếu — kiểm tra lại
197,Orihiro Ukon Tea Trà Nghệ 60 Gói,847,amazon,https://www.amazon.co.jp/dp/B000FQS2KO,nguồn yếu — kiểm tra lại
223,Pair Acne Lotion Ngừa Trị Mụn,1650,amazon,https://www.amazon.co.jp/dp/B0012X3NCG,nguồn yếu — kiểm tra lại
226,Pair Acne Sữa Rửa Mặt Ngừa-Trị Mụn,706,amazon,https://www.amazon.co.jp/dp/B000L428DM,nguồn yếu — kiểm tra lại
228,Transino White C Clear 120 Viên,2183,amazon,https://www.amazon.co.jp/dp/B07864XVDJ,
232,Perfect White Clay Sữa Rửa Mặt – Trắng,988,amazon,https://www.amazon.co.jp/dp/B01JFPPBQS,nguồn yếu — kiểm tra lại
245,Lion Pair Acne Cream W Kem Trị Mụn 24g,760,amazon,https://www.amazon.co.jp/dp/B00F4LXVMY,nguồn yếu — kiểm tra lại
247,LuLuLun Face Mask White Mặt Nạ-Dưỡng Trắng,2280,amazon,https://www.amazon.co.jp/dp/B07TVHXCPK,nguồn yếu — kiểm tra lại
250,LuLuLun Face Mask Pink Mặt Nạ-Cân Bằng Ẩm,1980,amazon,https://www.amazon.co.jp/dp/B09JLQ55B9,nguồn yếu — kiểm tra lại
256,Mask Moritaya Tofu Mặt Nạ Đậu Phụ 150g,3780,amazon,https://www.amazon.co.jp/dp/B07B3JGDNT,nguồn yếu — kiểm tra lại
258,Mask Keana Rice Mặt Nạ Gạo 10 Miếng,715,amazon,https://www.amazon.co.jp/dp/B018FM03CO,
274,Perfect Whip Sữa Rửa Mặt – Xanh,549,amazon,https://www.amazon.co.jp/dp/B0BYJKR532,nguồn yếu — kiểm tra lại
278,Perfect Whip Sữa Rửa Mặt – Hồng,770,amazon,https://www.amazon.co.jp/dp/B0DVC6ZFN8,nguồn yếu — kiểm tra lại
280,Skin Aqua Tone Up Kem Chống Nắng 80g,950,amazon,https://www.amazon.co.jp/dp/B09R6MW9S5,nguồn yếu — kiểm tra lại
301,Arau Baby Sữa Tắm Gội Cho Bé 450ml,655,amazon,https://www.amazon.co.jp/dp/B0B9FR7997,
303,Skina Babe Sữa Tắm Trị Rôm Sẩy Cho Bé,4180,amazon,https://www.amazon.co.jp/dp/B09LYJ3DGR,nguồn yếu — kiểm tra lại
320,Transino Trị Nám 240 Viên,6299,amazon,https://www.amazon.co.jp/dp/B0CRTSXBPK,nguồn yếu — kiểm tra lại
659,Spirulina Tảo Xoắn Chai 2200 Viên,1999,amazon,https://www.amazon.co.jp/dp/B0012SMOHQ,nguồn yếu — kiểm tra lại
730,Kem Dưỡng -Trị Thâm Mắt Meishoku 30g,860,amazon,https://www.amazon.co.jp/dp/B0B5YXM9V1,nguồn yếu — kiểm tra lại
753,Mặt Nạ Dưỡng Trị Thâm Môi Choosy,1350,amazon,https://www.amazon.co.jp/dp/B0DYV6DWX5,nguồn yếu — kiểm tra lại
762,Son Dưỡng Trị Thâm Môi Mentholatum 5g,689,amazon,https://www.amazon.co.jp/dp/B07HCHQVZ9,nguồn yếu — kiểm tra lại
791,Sữa Rửa Mặt Trà Xanh Rohto,455,amazon,https://www.amazon.co.jp/dp/B005IPE5BM,nguồn yếu — kiểm tra lại
911,Kem Dưỡng Thoa Tay – Hand Cream Kose,368,amazon,https://www.amazon.co.jp/dp/B08DV94SCV,nguồn yếu — kiểm tra lại
912,Sữa Rửa Mặt Oxy Màu Đen 130g,519,amazon,https://www.amazon.co.jp/dp/B00BP2Y6N4,
915,Sữa Rửa Mặt Oxy Màu Xanh 130g,899,amazon,https://www.amazon.co.jp/dp/B0GBVDS3BB,nguồn yếu — kiểm tra lại
916,Dầu Tẩy Trang Oliu Naive  Kracie Natural Deep Cleansing,1850,amazon,https://www.amazon.co.jp/dp/B078WTKR21,nguồn yếu — kiểm tra lại
1228,Giảm Cân 12kg Deru Deru Diet Supplement Nhật Bản,3980,amazon,https://www.amazon.co.jp/dp/B0F665DT81,nguồn yếu — kiểm tra lại
1229,Lululun Face Mask Blue Mặt Nạ- Dưỡng Ẩm Sâu,2743,amazon,https://www.amazon.co.jp/dp/B0823GLKHD,
1234,Viên Uống Vitamin Tổng Hợp DHC Multi Vitamins,851,amazon,https://www.amazon.co.jp/dp/B00GX1E3R6,
1249,Tẩy Trang Muji Oil Cleansing 200ml,850,amazon,https://www.amazon.co.jp/dp/B07SV58FH5,
1269,Collagen Refa 16 Dạng Nước 480ml,6804,amazon,https://www.amazon.co.jp/dp/B0GSZ38R7D,nguồn yếu — kiểm tra lại
1274,Vitamin C DHC 60 Ngày,5850,amazon,https://www.amazon.co.jp/dp/B0F9KVSXPB,
1281,Viên Uống Tinh Chất Hàu Tươi Orihiro,2184,amazon,https://www.amazon.co.jp/dp/B000FQS2H2,
1283,Viên Xương Khớp Glucosamine Orihiro,2383,amazon,https://www.amazon.co.jp/dp/B009301XGI,nguồn yếu — kiểm tra lại
1299,KÍNH CHỐNG CÁC TIA ĐỘC HẠI CHO BÉ FREESE,1290,amazon,https://www.amazon.co.jp/dp/B098KGTL6S,nguồn yếu — kiểm tra lại
1311,Sữa Dưỡng Thể Hatomugi Chống Nắng SPF31 PA+++,917,amazon,https://www.amazon.co.jp/dp/B09HML23XK,nguồn yếu — kiểm tra lại
1313,Sữa Dưỡng Thể Hatomugi Lotion Ban Đêm,1488,amazon,https://www.amazon.co.jp/dp/B09XDN5KT2,nguồn yếu — kiểm tra lại
1315,Thuốc Detox Nhuận Tràng Trị Táo Bón Kokando Byurakka,1029,amazon,https://www.amazon.co.jp/dp/B0BLSBDVFC,nguồn yếu — kiểm tra lại
1317,Viên Uống Trắng Da DHC Hatomugi 60 ngày,1530,amazon,https://www.amazon.co.jp/dp/B07FFY16F5,nguồn yếu — kiểm tra lại
1358,Viên Ngăn Ngừa Đột Quỵ An Cung Ngưu Hoàn Nhật Bản,1350,amazon,https://www.amazon.co.jp/dp/B0CY1WQLL2,nguồn yếu — kiểm tra lại
1363,Sữa Meiji Cho Bé Từ 0-1 Tuổi Dạng Thanh (48 Thanh),10800,rakuten,https://item.rakuten.co.jp/netbaby/4902705132634/?variantId=4902705132634,
1368,Sữa Meiji Cho Bé Từ 1-3 Tuổi Dạng Thanh (48 Thanh),,,,no price
1370,Kem Ủ Trắng Hasuko Cô Gái Nhật Bản 300g,2500,amazon,https://www.amazon.co.jp/dp/B07YFCPC2Q,nguồn yếu — kiểm tra lại
1410,Siro Paburon – Siro Con Hổ Trị Cảm Sốt Cho Bé,,,,no price
1412,Thuốc Trị Cảm Sốt Cho Bé Paburon Dạng Gói,727,amazon,https://www.amazon.co.jp/dp/B010PDR2O8,nguồn yếu — kiểm tra lại
1414,Thực Phẩm Bảo Vệ Sức Khỏe PLACENTA 82X 450000 SAKURA PREMIUM,12000,amazon,https://www.amazon.co.jp/dp/B081TR8XJF,nguồn yếu — kiểm tra lại
1416,Thực Phẩm Bảo Vệ Sức Khỏe COLLAGEN 82X 120000 CLASSIC,12000,amazon,https://www.amazon.co.jp/dp/B081TR8XJF,nguồn yếu — kiểm tra lại
1419,Thực Phẩm Bảo Vệ Sức Khỏe PLACENTA 82X 450000 CLASSIC,13200,amazon,https://www.amazon.co.jp/dp/B081TR66ZH,nguồn yếu — kiểm tra lại
1423,Thực Phẩm Bảo Vệ Sức Khỏe COLLAGEN 82X 120000 SAKURA PREMIUM,12000,amazon,https://www.amazon.co.jp/dp/B081TR8XJF,nguồn yếu — kiểm tra lại
1425,THực Phẩm Bảo Vệ Sức Khỏe 82X THE PINK COLLAGEN,10500,amazon,https://www.amazon.co.jp/dp/B081TT2DD5,nguồn yếu — kiểm tra lại
1427,Kem Chống Nẻ Cho Bé Pigeon Nhật,1617,amazon,https://www.amazon.co.jp/dp/B0FM8F328R,nguồn yếu — kiểm tra lại
1429,Thuốc Đặc Trị Ho Cảm Cúm PABRON S NHẬT BẢN Dạng Viên,2200,amazon,https://www.amazon.co.jp/dp/B010D3AYVS,nguồn yếu — kiểm tra lại
1431,Thuốc Đặc Trị Ho Cảm Cúm PABRON S NHẬT BẢN Dạng Gói,2200,amazon,https://www.amazon.co.jp/dp/B010D3AYVS,nguồn yếu — kiểm tra lại
1433,Thuốc Trị Cảm Cúm Cho Trẻ Taisho Pabron Gold A 46 gói,,,,no price
1436,Sữa Tắm Trắng Da Hạt Ý Dĩ Hatomugi 800ml,980,amazon,https://www.amazon.co.jp/dp/B0GMDTYDFT,nguồn yếu — kiểm tra lại
1438,Sữa Tắm Trắng Da White Conc Body 360ml,1097,amazon,https://www.amazon.co.jp/dp/B00KI9DQHC,
1476,Lăn Trị Muỗi Đốt – Côn Trùng Cắn Muhi,4000,amazon,https://www.amazon.co.jp/dp/B0HDGNPDCW,nguồn yếu — kiểm tra lại
1478,Ngũ Cốc Đỏ Calbee Nhật Bản 750g,735,amazon,https://www.amazon.co.jp/dp/B0DT3XJRLS,nguồn yếu — kiểm tra lại
1481,Ngũ Cốc Trắng Calbee Nhật Bản 600g,648,amazon,https://www.amazon.co.jp/dp/B0H2LQZD38,nguồn yếu — kiểm tra lại
1490,Sữa Rửa Mặt Tạo Bọt Màu Trắng HADA LABO,1617,amazon,https://www.amazon.co.jp/dp/B0C85KDQ97,nguồn yếu — kiểm tra lại
1493,Sữa Rửa Mặt Tạo Bọt Màu Xanh HADA LABO,1027,amazon,https://www.amazon.co.jp/dp/B09C7N8CLJ,nguồn yếu — kiểm tra lại
1525,Viên Uống Rau Củ DHC 60 Ngày,773,amazon,https://www.amazon.co.jp/dp/B01KLT4DP2,nguồn yếu — kiểm tra lại
1527,Viên Uống Thơm Cơ Thể DHC 20 Ngày,1498,amazon,https://www.amazon.co.jp/dp/B0HHRJ69QD,nguồn yếu — kiểm tra lại
1529,Viên Uống Bổ Sung Vitamin E 60 Ngày,554,amazon,https://www.amazon.co.jp/dp/B0020R8Z2Q,nguồn yếu — kiểm tra lại
1531,Kem Dưỡng Trắng Da CC Melano Brightening Gel 100g,991,amazon,https://www.amazon.co.jp/dp/B08WMJ1WF4,nguồn yếu — kiểm tra lại
1533,Viên uống Collagen DHC 60 Ngày,2580,amazon,https://www.amazon.co.jp/dp/B0GJRWWKBJ,nguồn yếu — kiểm tra lại
1536,Sữa Meiji Cho Bé Từ 1-3 Tuổi Dạng Lon 800g,2322,amazon,https://www.amazon.co.jp/dp/B0DGGV57F6,nguồn yếu — kiểm tra lại
1539,Sữa Meji Cho Bé Từ 0-1 Tuổi Dạng Lon 800g,3465,amazon,https://www.amazon.co.jp/dp/B0DLNQ2QKL,nguồn yếu — kiểm tra lại
1564,Dầu Cá Omega 3 Orihiro 180 Viên,3480,amazon,https://www.amazon.co.jp/dp/B07MCSZP8L,nguồn yếu — kiểm tra lại
1567,Tẩy Tế Bào Chết White Conc Vitamin C,1430,amazon,https://www.amazon.co.jp/dp/B00Y8AM29U,nguồn yếu — kiểm tra lại
1569,Kem Dưỡng Trắng Ban Đêm White Conc,991,amazon,https://www.amazon.co.jp/dp/B073FQJCB5,
1578,Kem Dưỡng Ngày Hadalabo Xanh 7in1,1270,amazon,https://www.amazon.co.jp/dp/B074DZXQZR,nguồn yếu — kiểm tra lại
1582,Kem Trị Sẹo Gentacin 1%,1154,amazon,https://www.amazon.co.jp/dp/B09YHN7CXG,nguồn yếu — kiểm tra lại
1584,Sữa Tắm Cool Cho Nam 600ml,3960,amazon,https://www.amazon.co.jp/dp/B0CYH2R3TY,nguồn yếu — kiểm tra lại
1586,Nước Hoa Hồng Diếp Cá 500ml,444,amazon,https://www.amazon.co.jp/dp/B0058LX8SW,
1588,Nước Hoa Hồng Tía Tô 500ml,521,amazon,https://www.amazon.co.jp/dp/B007G2WJF4,
1590,Nước Hoa Hồng CC Melano,800,amazon,https://www.amazon.co.jp/dp/B0FDPRPCRM,nguồn yếu — kiểm tra lại
1592,Dung Dịch Vệ Sinh Vùng Kín Maputi,736,amazon,https://www.amazon.co.jp/dp/B083QTXJLV,nguồn yếu — kiểm tra lại
1594,Kem Tăng Ngực Maputi,1320,amazon,https://www.amazon.co.jp/dp/B0DC6P76V1,nguồn yếu — kiểm tra lại
1599,Kem Hâp và Ủ Tóc Fino ShiSeiDo,1212,amazon,https://www.amazon.co.jp/dp/B000FQNPD8,nguồn yếu — kiểm tra lại
1603,Dầu Gội Tonic Cho Nam,1170,amazon,https://www.amazon.co.jp/dp/B0DSPWVWFB,nguồn yếu — kiểm tra lại
1623,BỘT MẦM LÚA MẠCH – BỘT TRÀ LÚA NON NHẬT BẢN,2564,amazon,https://www.amazon.co.jp/dp/B0B8G73HL1,nguồn yếu — kiểm tra lại
1630,Viên Uống Bổ Não DHA ITOH 1000,2518,amazon,https://www.amazon.co.jp/dp/B00ITGM4G0,
1632,Viên Uống Tiểu Đường Mayado Tokaijyo,2841,amazon,https://www.amazon.co.jp/dp/B000YZN6C0,nguồn yếu — kiểm tra lại
1634,KẸO CHO TRẺ BIẾNG ĂN MAMA RAMUNE,1350,amazon,https://www.amazon.co.jp/dp/B0CLNRFXT5,nguồn yếu — kiểm tra lại
1638,Nước Hoa Hồng Trị Mụn Meishoku Bigansui Medicated Skin Lotion 90ml,817,amazon,https://www.amazon.co.jp/dp/B0DFFNXZFL,
1640,SỮA RỬA MẶT PHARMAACT COOL,450,amazon,https://www.amazon.co.jp/dp/B09V4TCR3Z,nguồn yếu — kiểm tra lại
1642,DẦU CÙ LÀ MENTURM,1982,amazon,https://www.amazon.co.jp/dp/B001FMHUNW,nguồn yếu — kiểm tra lại
1644,KEM TRỊ NỨT NẺ TAY CHÂN SHSEIDO UREA CREAM 100gr,1280,amazon,https://www.amazon.co.jp/dp/B001PM4JBS,nguồn yếu — kiểm tra lại
1646,VIÊN BỔ NÃO TRỊ CHỨNG MẤT NGỦ TIỀN ĐÌNH,2363,amazon,https://www.amazon.co.jp/dp/B0BM5V92GB,nguồn yếu — kiểm tra lại
1648,VIÊN NHAI BỔ SUNG CANXI VỊ SỮA CHUA MOST,4980,amazon,https://www.amazon.co.jp/dp/B0F3W7JHRF,nguồn yếu — kiểm tra lại
1650,Dầu Gội  Trị Gàu LION,2590,amazon,https://www.amazon.co.jp/dp/B0DFBQFK5K,nguồn yếu — kiểm tra lại
1652,TẢO LỤC HOÀNG GIA,3399,amazon,https://www.amazon.co.jp/dp/B07CN7HVDZ,nguồn yếu — kiểm tra lại
1656,Viên Uống Bổ Sung Canxi DHC 60 Ngày,541,amazon,https://www.amazon.co.jp/dp/B015XA71AI,
1668,Viên Uống Trị Đau Cơ Kurema,2750,amazon,https://www.amazon.co.jp/dp/B09V7X7NN9,nguồn yếu — kiểm tra lại
1671,Xịt Chống Nắng Skin Aqua,980,amazon,https://www.amazon.co.jp/dp/B079FHJSF3,nguồn yếu — kiểm tra lại
1717,Skin Aqua Tone Up Kem Chống Nắng 80g (Dành cho da nhạy cảm),760,amazon,https://www.amazon.co.jp/dp/B07SQFG1YG,nguồn yếu — kiểm tra lại
1731,Gel tẩy tế bào chết Rosette xanh Nhật Bản,825,amazon,https://www.amazon.co.jp/dp/B0CW2ZR13B,nguồn yếu — kiểm tra lại
1734,Gel tẩy tế bào chết Rosette Hồng Nhật Bản,825,amazon,https://www.amazon.co.jp/dp/B0CW2ZR13B,nguồn yếu — kiểm tra lại
1735,Gel Tẩy Tế Bào Chết Cure Natural Aqua Nhật Bản,2750,amazon,https://www.amazon.co.jp/dp/B07GPPWPGJ,nguồn yếu — kiểm tra lại
1737,Tẩy tế bào chết Detclear Bright And Peel Nhật Bản 180ml,1798,amazon,https://www.amazon.co.jp/dp/B01M1DLMEU,nguồn yếu — kiểm tra lại
1742,Trà Ổi Orihiro Nhật Bản 60 Gói Giảm Cân Thanh Lọc Cơ Thể,497,amazon,https://www.amazon.co.jp/dp/B000FQ6MVU,nguồn yếu — kiểm tra lại
1744,TẢO VÀNG EX 2000 Viên,10380,amazon,https://www.amazon.co.jp/dp/B0DZNSQS38,nguồn yếu — kiểm tra lại
1753,THUỐC XỊT XOANG NAZAL NHẬT BẢN 30ml,,,,no price
1756,Viên Uống Bổ Mắt Noguchi Lutein EX Hộp 60,2128,amazon,https://www.amazon.co.jp/dp/B0C6PRC32S,
1758,Canxi Hữu Cơ Nhật Bản Dear-Natura,2614,amazon,https://www.amazon.co.jp/dp/B0CW85BJCN,
1760,GEL ĐẶC TRỊ HÔI NÁCH KOBAYASHI,263,amazon,https://www.amazon.co.jp/dp/B00O7E0SYS,nguồn yếu — kiểm tra lại
1765,NƯỚC NGHỆ GIẢI RƯỢU-BỔ GAN-ĐẸP DA TURMERIC DRINK,750,amazon,https://www.amazon.co.jp/dp/B0DJ8H16ZD,nguồn yếu — kiểm tra lại
1767,Tinh Chất Trị Nám – Sáng Da – Transino Whitening Essence Ex II  50g,4993,amazon,https://www.amazon.co.jp/dp/B0BSFPCHRT,nguồn yếu — kiểm tra lại
1769,Kem Dưỡng Trắng Da Transino Whitening Repair Cream EX,4400,amazon,https://www.amazon.co.jp/dp/B0DPJN4LG1,
2001,Bình sữa Pigeon (loại to / loại nhỏ),2273,amazon,https://www.amazon.co.jp/dp/B09QBS1X8S,
2002,Bình xịt ngăn ngừa sâu răng Hamikea Tampei 25g,505,amazon,https://www.amazon.co.jp/dp/B000V2FFAW,
2003,Bộ dầu gội và dầu xả mỡ ngựa Nhật Bản 600ml,2980,amazon,https://www.amazon.co.jp/dp/B08L7P92WS,
2004,Bột canxi cá tuyết Nhật Bản,4980,amazon,https://www.amazon.co.jp/dp/B0GK8NNFF1,nguồn yếu — kiểm tra lại
2005,Ngũ cốc trái cây Calbee Frugra 700g,735,amazon,https://www.amazon.co.jp/dp/B0DT3XJRLS,
2006,Bột trà sữa Matcha Milk Nhật Bản,1980,amazon,https://www.amazon.co.jp/dp/B0HHD66TKN,
2007,Bột uống Collagen Meiji Amino Collagen 196g,3388,amazon,https://www.amazon.co.jp/dp/B0070SUSC0,
2008,Chai xịt giảm đau Air Salonpas Nhật Bản,2071,amazon,https://www.amazon.co.jp/dp/B0040EQV1O,
2009,Cọ rửa mặt lông mềm Nhật Bản,998,amazon,https://www.amazon.co.jp/dp/B0C77FLL7L,nguồn yếu — kiểm tra lại
2011,"Dầu gội Head Spa (HS) cho tóc dầu, da đầu ngứa",1120,amazon,https://www.amazon.co.jp/dp/B071JRD29V,
2012,"Set dầu gội, dầu xả và sữa tắm Dove Nhật Bản (set 2 / set 3)",466,amazon,https://www.amazon.co.jp/dp/B01HSVDQMW,
2014,Dầu tẩy trang DHC Deep Cleansing Oil 70ml,2280,amazon,https://www.amazon.co.jp/dp/B000FP354S,
2015,Dầu tẩy trang Muji Cleansing Oil,990,amazon,https://www.amazon.co.jp/dp/B0GMPJ2SSM,
2017,Dung dịch vệ sinh phụ nữ pH Japan Premium 150ml,1680,amazon,https://www.amazon.co.jp/dp/B07R2C17T6,
2018,Viên uống King Fucoidan & Agaricus 120 viên,1355,amazon,https://www.amazon.co.jp/dp/B00F4LT25Y,nguồn yếu — kiểm tra lại
2019,Tinh chất dưỡng sáng da Genoptics Aura Essence,33000,amazon,https://www.amazon.co.jp/dp/B0DZCWH5PL,
2020,Trà giảm cân Night Diet Tea Orihiro Nhật Bản,886,amazon,https://www.amazon.co.jp/dp/B00COFFG9E,
2021,Kem dưỡng mắt Kose Sekkisei,5180,amazon,https://www.amazon.co.jp/dp/B0793NK215,
2022,Sữa tắm dưỡng trắng Manis White Body Soap 450ml,2818,amazon,https://www.amazon.co.jp/dp/B0CJ9N7693,nguồn yếu — kiểm tra lại
2025,Kem chống nắng Biore UV Aqua Rich Watery Gel 70ml,798,amazon,https://www.amazon.co.jp/dp/B0BT142P4G,
2026,Kem chống nắng Kanebo Allie Chrono Beauty Gel UV EX 90g,2098,amazon,https://www.amazon.co.jp/dp/B09NCS9SDJ,
2027,Kem chống nắng Shiseido Hada Senka,3900,amazon,https://www.amazon.co.jp/dp/B07NVMZ21Q,nguồn yếu — kiểm tra lại
2028,Kem chống nắng SK-II Cellumination Day Surge UV SPF30 50g,3850,amazon,https://www.amazon.co.jp/dp/B00CWWGTYK,nguồn yếu — kiểm tra lại
2029,Kem chống nhăn vùng mắt và khoé miệng Hada Labo,1055,amazon,https://www.amazon.co.jp/dp/B09PXPZ73D,
2030,Kem dưỡng da Aloins Nhật Bản,1400,amazon,https://www.amazon.co.jp/dp/B002UNAI8Y,
2031,Kem dưỡng da ban đêm Shiseido Elixir Enriched Cream,8800,amazon,https://www.amazon.co.jp/dp/B07H2RL2KV,
2032,Kem dưỡng chống lão hoá Collana La Avenir Cream EX,,,,no price
2033,Kem dưỡng da SK-II LXP Ultimate Perfecting Cream,18700,amazon,https://www.amazon.co.jp/dp/B0FMRKPPBF,nguồn yếu — kiểm tra lại
2034,Kem dưỡng da tay Kose Coenrich Q10 Whitening Medicated,657,amazon,https://www.amazon.co.jp/dp/B0D9QBM2MQ,
2035,Kem dưỡng da tay Q10,474,amazon,https://www.amazon.co.jp/dp/B0D9QB5MWP,
2036,Kem dưỡng Kose Grace One Repair Gel (50+) 100g,1980,amazon,https://www.amazon.co.jp/dp/B00MUCP7MM,
2037,Kem dưỡng đêm Shiseido Elixir White Reset Brightenist,4580,amazon,https://www.amazon.co.jp/dp/B07VH3KHJ2,nguồn yếu — kiểm tra lại
2038,Kem dưỡng SK-II Cellumination Deep Surge EX 50g,19990,rakuten,https://item.rakuten.co.jp/sayuri123/1781/?variantId=compass_sku_1710908818796,
2039,Kem dưỡng Hada Labo UV White Gel 7 trong 1,1617,amazon,https://www.amazon.co.jp/dp/B0C85KDQ97,
2040,Kem dưỡng Kanebo Freshel 5 in 1 dạng gel,2850,amazon,https://www.amazon.co.jp/dp/B00TRKYNPM,
2041,Kem dưỡng làm trắng One Day Brightener,1211,amazon,https://www.amazon.co.jp/dp/B07DY8D12F,nguồn yếu — kiểm tra lại
2042,Kem dưỡng mắt chống lão hoá SK-II R.N.A. Power Eye Cream,15400,amazon,https://www.amazon.co.jp/dp/B0FMRP6JGM,
2043,Kem dưỡng mắt Kose Hadakiwami,,,,no price
2044,Kem dưỡng trắng da Instawhite,2350,amazon,https://www.amazon.co.jp/dp/B0D987WHLM,
2045,Kem dưỡng trắng da nhau thai Meishoku Placenta Whitening Cream 55g,805,amazon,https://www.amazon.co.jp/dp/B0B5YTPJTP,
2047,Kem đánh răng trẻ em Lion,500,amazon,https://www.amazon.co.jp/dp/B002S016T4,
2048,Kem dưỡng mắt Sana Nameraka Honpo 20g,1300,amazon,https://www.amazon.co.jp/dp/B0GTHBHV57,
2050,Kem tẩy trang Kose Sekkisei 140g,2475,amazon,https://www.amazon.co.jp/dp/B08J69JVGT,
2051,Kem dưỡng trắng body Silky Veil 100g,6600,amazon,https://www.amazon.co.jp/dp/B0GGQR3J92,nguồn yếu — kiểm tra lại
2052,Kem trị rạn da Pigeon dùng trước sinh 110g,1093,amazon,https://www.amazon.co.jp/dp/B004P10LL8,
2053,Kem dưỡng mắt Meishoku Placenta Whitening Eye Cream 30g,860,amazon,https://www.amazon.co.jp/dp/B0B5YXM9V1,
2054,Kem trị viêm nang lông Rohto Zaraporo A 35g,479,amazon,https://www.amazon.co.jp/dp/B000YZT066,nguồn yếu — kiểm tra lại
2055,Viên uống IQ No.1 Nhật Bản,3080,amazon,https://www.amazon.co.jp/dp/B01M8MNJVO,nguồn yếu — kiểm tra lại
2056,Lotion se khít lỗ chân lông Labo Labo,4120,amazon,https://www.amazon.co.jp/dp/B0FM44B3DR,
2057,Lotion trị mụn Meishoku Bigansui,817,amazon,https://www.amazon.co.jp/dp/B0D66SBGP7,
2058,Mặt nạ Kose Clear Turn Essence Mask 32 miếng,870,amazon,https://www.amazon.co.jp/dp/B01HNYUG1I,
2059,Dầu gội Ichikami Kracie Smooth Care 480ml,847,amazon,https://www.amazon.co.jp/dp/B0B4RRPPSZ,
2061,Nước thần SK-II Facial Treatment Essence,29150,amazon,https://www.amazon.co.jp/dp/B08HZZFKVX,
2062,Nước hoa hồng Kose Sekkisei Lotion,5500,amazon,https://www.amazon.co.jp/dp/B0010MGT70,
2063,Nước súc miệng Propolinse 600ml,1347,amazon,https://www.amazon.co.jp/dp/B073GXHY1V,
2064,Serum HA Cosme dưỡng ẩm - hàng nội địa Nhật,2770,amazon,https://www.amazon.co.jp/dp/B001V80TMY,nguồn yếu — kiểm tra lại
2065,Serum Hyaluronic Acid dùng cho lăn kim và dưỡng da Nhật Bản,2495,amazon,https://www.amazon.co.jp/dp/B00L1K7HRC,nguồn yếu — kiểm tra lại
2066,Serum nhau thai Fracora Placenta Extract 30ml,3667,amazon,https://www.amazon.co.jp/dp/B018C13ZFA,
2067,Son dưỡng có màu DHC,946,amazon,https://www.amazon.co.jp/dp/B0747T6JQR,
2069,Son dưỡng môi DHC Lip Cream 1.5g,1159,amazon,https://www.amazon.co.jp/dp/B011R1KMG2,
2072,Bộ đôi sản phẩm trị mụn trong và ngoài,,,,no price
2073,Sữa Meiji số 9 800g,2180,amazon,https://www.amazon.co.jp/dp/B0761QFQ45,
2074,Sữa rửa mặt Nhật Bản 20g,550,amazon,https://www.amazon.co.jp/dp/B0833R7LP5,nguồn yếu — kiểm tra lại
2075,Sữa rửa mặt Kose Softymo White 150g,374,amazon,https://www.amazon.co.jp/dp/B000FQS5DS,
2076,Sữa rửa mặt Kose Softymo (mẫu 2018),1120,amazon,https://www.amazon.co.jp/dp/B0BBQGDY4S,
2078,Sữa rửa mặt tạo bọt Hada Labo,2600,amazon,https://www.amazon.co.jp/dp/B0CV7HSP59,
2079,"Sữa rửa mặt Transino dưỡng mịn da, bổ sung collagen",1980,amazon,https://www.amazon.co.jp/dp/B0DPJN749L,
2080,Sữa rửa mặt chiết xuất hạt ý dĩ Hatomugi,550,rakuten,https://item.rakuten.co.jp/at-life/4513574031302-today/?variantId=4513574031302-today,
2083,Sữa tắm Hatomugi chiết xuất hạt ý dĩ 800ml,,,,no price
2084,Sữa tắm Shiseido Senka Perfect Whip Bubble,1520,amazon,https://www.amazon.co.jp/dp/B00ST84BI2,
2085,Sữa tắm trắng da White Conc Vitamin C Nhật Bản,660,amazon,https://www.amazon.co.jp/dp/B00KI9DYFG,
2087,Sữa tắm Nhật Bản 380g,5219,amazon,https://www.amazon.co.jp/dp/B0D4DZV7FZ,nguồn yếu — kiểm tra lại
2088,Tẩy tế bào chết Apatheia 300g,4257,amazon,https://www.amazon.co.jp/dp/B0CJNHFSHR,nguồn yếu — kiểm tra lại
2089,Serum dạng thanh lăn dưỡng da Nhật Bản,2156,amazon,https://www.amazon.co.jp/dp/B0G3X33FR5,nguồn yếu — kiểm tra lại
2090,Nước uống The Collagen Shiseido,2482,amazon,https://www.amazon.co.jp/dp/B0CTZLP4BX,
2091,Viên uống The Collagen Shiseido Nhật Bản,3621,amazon,https://www.amazon.co.jp/dp/B0CTHP9V6Z,
2093,Viên uống bổ tim Healthy Care Coenzyme Q10 150mg 100 viên,2373,amazon,https://www.amazon.co.jp/dp/B0015XNJNQ,nguồn yếu — kiểm tra lại
2094,Viên uống vitamin cho bà bầu và phụ nữ sau sinh,1282,amazon,https://www.amazon.co.jp/dp/B00FMP1W1O,nguồn yếu — kiểm tra lại
2095,Viên uống Nattokinase 2000FU Noguchi 60 viên,2600,amazon,https://www.amazon.co.jp/dp/B0CKKTZXH7,
2096,Viên chống say tàu xe Anerol Nhật Bản,1940,amazon,https://www.amazon.co.jp/dp/B00F4KYU1Q,
2097,Viên uống hỗ trợ phòng ngừa ung thư Nhật Bản,3888,amazon,https://www.amazon.co.jp/dp/B011AR0UYW,nguồn yếu — kiểm tra lại
2099,Thuốc dạ dày Kowa Cabagin α 300 viên,2290,amazon,https://www.amazon.co.jp/dp/B00PRE5NY2,nguồn yếu — kiểm tra lại
2101,Thuốc đặc trị vi khuẩn HP Rabecure 400,3600,amazon,https://www.amazon.co.jp/dp/B07413ZCFV,nguồn yếu — kiểm tra lại
2102,Bột hỗ trợ tiêu hoá dạ dày Taisho Kampo 48 gói,1898,amazon,https://www.amazon.co.jp/dp/B001KURFQ6,
2103,Viên uống hỗ trợ điều trị gout,2638,amazon,https://www.amazon.co.jp/dp/B0015XNEHC,nguồn yếu — kiểm tra lại
2104,"Viên uống hỗ trợ phòng ngừa đột quỵ, tai biến",16500,amazon,https://www.amazon.co.jp/dp/4023323764,nguồn yếu — kiểm tra lại
2105,Viên uống hỗ trợ ổn định huyết áp Nhật Bản,598,amazon,https://www.amazon.co.jp/dp/B0D223K4MZ,nguồn yếu — kiểm tra lại
2106,Viên uống tăng chiều cao GH Creation EX+ 270 viên,3300,amazon,https://www.amazon.co.jp/dp/B071R4733Q,
2107,Viên uống tiền đình Ginkgo Leaf DHA-EPA chiết xuất bạch quả,2003,amazon,https://www.amazon.co.jp/dp/B0B73ZS9SF,
2108,Viên uống giảm mỡ bụng Rohto Bofutsushosan 372 viên,5752,amazon,https://www.amazon.co.jp/dp/B0C1QZNKHY,
2109,Viên uống hỗ trợ giảm đau cho người bệnh ung thư,,,,no price
2110,Thuốc xịt mũi Nhật Bản,3540,rakuten,https://item.rakuten.co.jp/papamama/4987316018775s5/?variantId=4987316018775,nguồn yếu — kiểm tra lại
2111,Viên uống xương khớp Zeria Chondroitin ZS 270 viên,6250,amazon,https://www.amazon.co.jp/dp/B008IBOA5E,
2112,Kem đánh răng muối Sunstar 170g,481,amazon,https://www.amazon.co.jp/dp/B00XTZ8PTQ,
2113,Tinh chất nâng cơ chống nhăn Shiseido Elixir Enriched Serum,3850,amazon,https://www.amazon.co.jp/dp/B08DXK1XQJ,nguồn yếu — kiểm tra lại
2114,Viên tỏi đen Orihiro Nhật Bản 180 viên,1455,amazon,https://www.amazon.co.jp/dp/B000TKDIWS,
2116,Trà lúa mạch Itoen Mugicha 54 gói,203,amazon,https://www.amazon.co.jp/dp/B08JVK6P9G,
2117,Viên bổ sung nội tiết tố nữ Equelle Nhật Bản,4320,amazon,https://www.amazon.co.jp/dp/B0B6FJKFZZ,
2118,Viên uống trị mụn Pair A Nhật Bản 120 viên,706,amazon,https://www.amazon.co.jp/dp/B000L428DM,nguồn yếu — kiểm tra lại
2119,Viên uống bổ khớp Q&P Kowa Chondroizer 90 viên,3017,amazon,https://www.amazon.co.jp/dp/B09JYN6T6H,
2121,Viên uống bổ não DHA EPA Orihiro Nhật Bản 180 viên,2489,amazon,https://www.amazon.co.jp/dp/B01DIIN5HA,
2122,Viên uống bổ sung canxi CBP tăng chiều cao DHC vị sữa,1391,amazon,https://www.amazon.co.jp/dp/B004BRU0JY,
2123,Viên uống hỗ trợ giảm cân DHC 20 ngày,690,amazon,https://www.amazon.co.jp/dp/B008S6QALG,nguồn yếu — kiểm tra lại
2126,Viên uống nhau thai cừu EX Placenta 120 viên,9900,amazon,https://www.amazon.co.jp/dp/B0D7LZJSSC,
2128,Viên uống sụn vi cá mập Orihiro 360 viên,2182,amazon,https://www.amazon.co.jp/dp/B003G90UTI,
2129,Viên uống tiền mãn kinh Kobayashi Inochi no Haha A 420 viên,1980,amazon,https://www.amazon.co.jp/dp/B005SYXKUK,nguồn yếu — kiểm tra lại
2130,Viên uống tiền mãn kinh Kobayashi 840 viên,3623,amazon,https://www.amazon.co.jp/dp/B005SYWKGA,
2131,Viên uống trắng da Transino White C,3282,amazon,https://www.amazon.co.jp/dp/B0822DVKDC,
2132,Viên uống trắng da Vita White Plus C.E.B2 240 viên,2980,amazon,https://www.amazon.co.jp/dp/B0F1XQGHZZ,nguồn yếu — kiểm tra lại
2134,Viên uống vitamin tổng hợp DHC Multi Vitamin 60 ngày,677,amazon,https://www.amazon.co.jp/dp/B0GL1VTYJS,
2135,Viên uống vitamin bầu Pigeon bổ sung axit folic và canxi 60 viên,1025,amazon,https://www.amazon.co.jp/dp/B09RPCXNC7,
2136,Viên uống trắng da DHC Vitamin C,992,amazon,https://www.amazon.co.jp/dp/B009X2DKZ8,
2137,Viên uống Vitamin D và Calcium hỗ trợ hấp thụ canxi,750,amazon,https://www.amazon.co.jp/dp/B0D9BLQC8H,nguồn yếu — kiểm tra lại
2138,Xà phòng trị thâm mông Pelican For Back 135g,700,amazon,https://www.amazon.co.jp/dp/B0GTRC13GN,
2139,Bột Canxi Cá Tuyết Kizz Kids Calcium Vị Socola 140g,563,amazon,https://www.amazon.co.jp/dp/B00BWNOP6E,
2140,Phấn Nền Chống Nắng Anessa All-In-One Beauty Pact SPF50+,2970,amazon,https://www.amazon.co.jp/dp/B0CC5Y64HB,
2141,Viên Nhai Canxi Takeda New Calcium D3 Vị Sữa Chua 100 Viên,665,amazon,https://www.amazon.co.jp/dp/B01MDLVVM8,nguồn yếu — kiểm tra lại
2142,Viên Uống Nature Made Super Calcium 600mg Với Vitamin D3 120 Viên,738,amazon,https://www.amazon.co.jp/dp/B009OB0WCW,
2143,Viên Uống Canxi Tăng Chiều Cao Kokando CBP,3790,amazon,https://www.amazon.co.jp/dp/B0FFSZR5M1,nguồn yếu — kiểm tra lại
2144,Viên Uống Xương Khớp Glucosamine MSM 1500mg 480 Viên,4640,amazon,https://www.amazon.co.jp/dp/B0013OSMRK,nguồn yếu — kiểm tra lại
2145,Viên Uống Tinh Bột Nghệ Noguchi 60 Viên,1169,amazon,https://www.amazon.co.jp/dp/B006WFKZIY,nguồn yếu — kiểm tra lại
2146,Nước Hoa Hồng Aqualabel Shiseido,1430,amazon,https://www.amazon.co.jp/dp/B0CSSWS9TP,
2147,Viên Uống Bổ Não Asahi Schwabe Ginkgo Leaf Extract,6645,amazon,https://www.amazon.co.jp/dp/B001E5BWZW,
2148,Viên Uống Bổ Gan Hepalyse Plus II 180 Viên,4315,amazon,https://www.amazon.co.jp/dp/B018VO2OSC,
2149,Viên Uống Bổ Gan Liver Extract Ornithine 90 Viên,752,amazon,https://www.amazon.co.jp/dp/B07C6D4957,
2150,Nước Uống Bổ Gan Hepalyse Hi Plus 50ml X 10 Chai,2900,amazon,https://www.amazon.co.jp/dp/B06Y56H9KK,
2151,Viên Uống Chống Nắng UV Plus Block 100,7158,amazon,https://www.amazon.co.jp/dp/B0080OJCPM,nguồn yếu — kiểm tra lại
2152,Serum NMN Bạc 60ml,1980,amazon,https://www.amazon.co.jp/dp/B0H2TVFHZQ,
2153,Nước Hồng Sâm Hong Sam Won,4580,amazon,https://www.amazon.co.jp/dp/B0CNX7T7VP,nguồn yếu — kiểm tra lại
2154,Son Shu Uemura Màu 580 Fullsize,6270,amazon,https://www.amazon.co.jp/dp/B0CFKHVB1G,
2155,Viên Uống Levante NMN22050,4980,amazon,https://www.amazon.co.jp/dp/B0CB267J1Z,
2156,Viên Uống Hỗ Trợ Xương Khớp Nhện 270 Viên,1980,amazon,https://www.amazon.co.jp/dp/B01CXOMBHK,nguồn yếu — kiểm tra lại
2157,Kem Mắt Elixir Shiseido Retinol 22g,6980,amazon,https://www.amazon.co.jp/dp/B0CD2BZF9B,
2158,Set Dao Inox Global Nhật Bản,23100,amazon,https://www.amazon.co.jp/dp/B01EMXNC5U,
2159,Đồng Hồ Nữ Casio Collection LTP-1177A-2AJH Màu Xanh,4235,amazon,https://www.amazon.co.jp/dp/B0FJQCTGSL,
2160,Đồng Hồ Nữ Casio Collection LTP-1177A-4A1JH Màu Hồng,4235,amazon,https://www.amazon.co.jp/dp/B0FJQDJ6BT,nguồn yếu — kiểm tra lại
2161,Kem Chống Nắng Elixir Tone Up,3100,amazon,https://www.amazon.co.jp/dp/B0GW7T814N,
2162,"Chăn Lông Muji Xuất Nhật 2,2 X 2,3m",3023,amazon,https://www.amazon.co.jp/dp/B0GZZQVJKF,nguồn yếu — kiểm tra lại
2163,Chì Kẻ Lông Mày 3 Trong 1 Picomonte 3 Way Eye Brow,810,amazon,https://www.amazon.co.jp/dp/B0C4SV5XWT,
2164,Viên Uống Bổ Gan Hepalyse GX 360 Viên,9603,amazon,https://www.amazon.co.jp/dp/B0DHKGHS6Y,
2165,DHA Koplina Kids Vị Cam,3984,amazon,https://www.amazon.co.jp/dp/B0DZMHQ8ZL,
2166,Sữa Tắm Lux Celestial Escape 300g,2100,amazon,https://www.amazon.co.jp/dp/B0F2B25T5C,nguồn yếu — kiểm tra lại
2167,Viên Uống Vitamin Tổng Hợp Cho Bà Bầu Pigeon 60 Viên,1197,amazon,https://www.amazon.co.jp/dp/B09R9M6J1V,
2168,Tẩy Tế Bào Chết Botanical Nhật Bản,3696,amazon,https://www.amazon.co.jp/dp/B0D62HR8T2,nguồn yếu — kiểm tra lại
2169,Kem Đánh Răng Lion Nhật Bản,3450,amazon,https://www.amazon.co.jp/dp/B09T3B97T1,
2170,Viên Uống Bổ Não Maruman Ginkgo Biloba,3500,amazon,https://www.amazon.co.jp/dp/B07179RNLY,
2171,"Đồng Hồ Nữ Casio Dây Nhựa 42,8mm",3080,amazon,https://www.amazon.co.jp/dp/B0FSKRLL8X,
2172,Sữa Dinh Dưỡng Người Lớn Nhật Bản,,,,no price
2173,Socola Tươi Nama Nhật Bản,5480,amazon,https://www.amazon.co.jp/dp/B09NN7F83L,
2174,Sữa Bột Dinh Dưỡng Người Cao Tuổi Morinaga,2280,amazon,https://www.amazon.co.jp/dp/B0F29MF9LC,
2175,Bột Matcha Gokugoku Nhật Bản,800,amazon,https://www.amazon.co.jp/dp/B0BT6MZHJ4,
2176,Kem Chống Nắng Anessa Gel Nâng Tông Trắng Hồng,1496,amazon,https://www.amazon.co.jp/dp/B0GFKM4LJ9,
2177,Sữa Dinh Dưỡng Trẻ Em Nhật Bản,4480,amazon,https://www.amazon.co.jp/dp/B0FG2V3J12,nguồn yếu — kiểm tra lại
2178,Viên Uống Blackmores Sugar Balance 90 Viên,6100,amazon,https://www.amazon.co.jp/dp/B0847LSNZ3,nguồn yếu — kiểm tra lại
2179,Bộ 3 Chăm Sóc Da Elixir Shiseido,1188,amazon,https://www.amazon.co.jp/dp/B0H7HPW53Q,
2180,Viên Uống Bổ Mắt Noguchi Blueberry & Lutein,2003,amazon,https://www.amazon.co.jp/dp/B0B72T2T4W,
2181,Viên Uống Hỗ Trợ Tuần Hoàn Maruman Nattokinase 4200FU DHA EPA,3050,amazon,https://www.amazon.co.jp/dp/B07FC6RPM6,
2182,Sữa Tăng Cơ Meiji Savas Protein 100 các vị,3861,amazon,https://www.amazon.co.jp/dp/B0DGFTDTJD,
2183,Viên Uống Hỗ Trợ Nám Và Làm Sáng Da Nhật Bản,10800,amazon,https://www.amazon.co.jp/dp/B0DXK72ZY2,nguồn yếu — kiểm tra lại
2184,Áo Phông Uniqlo Size M,2980,amazon,https://www.amazon.co.jp/dp/B0GFP9N34D,
2186,Đồng Hồ Casio Standard LRW-200H Màu Đen,2730,amazon,https://www.amazon.co.jp/dp/B007HTFJPI,nguồn yếu — kiểm tra lại
2187,Nến Thơm Jo Malone,9480,amazon,https://www.amazon.co.jp/dp/B01778SIZG,
2188,Mũ Bucket Chống Thấm Nước Uniqlo,949,amazon,https://www.amazon.co.jp/dp/B0F1DD5ZZN,nguồn yếu — kiểm tra lại
2189,Kẹp Mi Shiseido,1200,amazon,https://www.amazon.co.jp/dp/B0D9BNRY9G,
2191,Nama Socola Matcha Nhật Bản,1290,amazon,https://www.amazon.co.jp/dp/B0040OMU00,
2192,Nama Socola Au Lait Nhật Bản,1166,amazon,https://www.amazon.co.jp/dp/B07HKCM2QT,
2193,Áo Lông Cừu Uniqlo,2999,amazon,https://www.amazon.co.jp/dp/B0G7BK9VMM,nguồn yếu — kiểm tra lại
2194,Set Dao Dĩa Thìa Nội Địa Nhật,2973,amazon,https://www.amazon.co.jp/dp/B0F384PK9B,
2195,Áo Parka Lông Vũ Dáng Dài Uniqlo Cho Trẻ Em,4446,amazon,https://www.amazon.co.jp/dp/B0FN3Q6N3Q,
2196,Sữa Bột Dinh Dưỡng Người Lớn Bean Stalk Ít Lactose,1700,amazon,https://www.amazon.co.jp/dp/B0BVT7KV32,
2197,Set Túi Phúc SK-II 5 Món,39380,amazon,https://www.amazon.co.jp/dp/B0H6PDMJMD,nguồn yếu — kiểm tra lại
2198,Set Kẹo Mochi Nhật Bản 3 Vị 60 Cái,2980,amazon,https://www.amazon.co.jp/dp/B0H6DY23HH,nguồn yếu — kiểm tra lại
2199,Túi Charles & Keith Bản Nhật,1990,amazon,https://www.amazon.co.jp/dp/B0FNR4V2WH,nguồn yếu — kiểm tra lại
2200,Bình Giữ Nhiệt Thermos,2200,amazon,https://www.amazon.co.jp/dp/B0D9XXQRMR,
2201,Viên Uống NMN 68000 Plus 170 Viên,3190,amazon,https://www.amazon.co.jp/dp/B0B3HQLTL6,nguồn yếu — kiểm tra lại
2202,Viên Uống Hỗ Trợ Tuần Hoàn Orihiro Nattokinase 2000FU,1345,amazon,https://www.amazon.co.jp/dp/B000FXUC78,
2203,Sữa Bean Stalk Sukoyaka M1 Cho Bé 0-1 Tuổi,2964,amazon,https://www.amazon.co.jp/dp/B0GZ2JZWX2,
2204,"Rượu Mơ Takachiho Umeshu 1,8L Tặng 720ml",2084,amazon,https://www.amazon.co.jp/dp/B01236VUUM,nguồn yếu — kiểm tra lại
2205,Giày Nữ First Contact Made In Japan,5045,amazon,https://www.amazon.co.jp/dp/B0856G83SW,
2206,Dầu Tẩy Trang Fancl,1870,amazon,https://www.amazon.co.jp/dp/B0GK6MJTYJ,
2207,Khẩu Trang Nhật Bản Hộp 53 Cái,,,,no price
2209,Nước Uống Melsmon Platinum Liquid Placenta,980,amazon,https://www.amazon.co.jp/dp/B0F2TBXMYM,nguồn yếu — kiểm tra lại
2210,Kem Dưỡng NMN Cao Cấp Màu Đen 270g,5480,amazon,https://www.amazon.co.jp/dp/B0GHNC5B79,nguồn yếu — kiểm tra lại
2212,Kem Bôi Da Oronine H Ointment,1782,amazon,https://www.amazon.co.jp/dp/B00110Q0FW,
2213,Viên Uống Purelab NMN 21000mg 90 Viên,3290,amazon,https://www.amazon.co.jp/dp/B09SV8RG3Y,nguồn yếu — kiểm tra lại
2214,Khăn Che Mặt Và Cổ Chống Nắng Delling UPF50+,1680,amazon,https://www.amazon.co.jp/dp/B08C7VXX5H,
2215,Cặp Chống Gù Randoseru Nhật Bản Cho Học Sinh,25000,amazon,https://www.amazon.co.jp/dp/B0FY4KJP8H,
2216,Nước Uống Fracora Placenta Extract 150000mg 480ml,4353,amazon,https://www.amazon.co.jp/dp/B079CGLZF1,nguồn yếu — kiểm tra lại
2217,Nước Uống ReFa Collagen Enrich,4968,amazon,https://www.amazon.co.jp/dp/B0GFSVK58H,nguồn yếu — kiểm tra lại
2218,Viên Uống Baby Support For Boy 90 Viên,6480,amazon,https://www.amazon.co.jp/dp/B09TSL154P,
2219,Viên Uống Baby Support For Girl 90 Viên,6480,amazon,https://www.amazon.co.jp/dp/B09TNBGXSX,
2220,Kem Nền Meishoku Moist Labo BB Essence Cream SPF50+,1320,amazon,https://www.amazon.co.jp/dp/B0B5WJNVHJ,
2221,Tinh Chất Estée Lauder Advanced Night Repair 50ml,17270,amazon,https://www.amazon.co.jp/dp/B08DHQCGH9,
2222,Kem Ủ Dưỡng Trắng Revita White EX Pack,,,,no price
2223,Bao Cao Su Sagami Original 0.01 Hộp 5 Cái,896,amazon,https://www.amazon.co.jp/dp/B0DLBB3PMX,
2224,Mặt Nạ Mitomo 1 Miếng,680,amazon,https://www.amazon.co.jp/dp/B0DVT12WQ9,nguồn yếu — kiểm tra lại
2225,Combo 10 Mặt Nạ Mitomo,630,amazon,https://www.amazon.co.jp/dp/B0DKJFFY7Z,
2226,Rượu Gin Suntory Roku Select Edition 700ml,3940,amazon,https://www.amazon.co.jp/dp/B072HYSQTG,
2227,"Nước Nhỏ Mắt Sancoba 0,02% 5ml",730,amazon,https://www.amazon.co.jp/dp/B06XHY8LDV,nguồn yếu — kiểm tra lại
2228,Sữa chống nắng Anessa Perfect UV Skincare Milk SPF50+ PA++++ 60ml,2200,amazon,https://www.amazon.co.jp/dp/B0CSSVF9GQ,
2229,Sữa Chống Nắng Anessa Perfect UV Mild Milk 60ml,3058,amazon,https://www.amazon.co.jp/dp/B0CSSWL2B5,
2230,Viên uống Vitamin D3 5000 IU + K2 MK-7 Micro Ingredients 300 viên,3849,amazon,https://www.amazon.co.jp/dp/B09126BY8S,nguồn yếu — kiểm tra lại
2231,Viên uống Magie hấp thu cao Doctor's Best High Absorption Magnesium 100mg 120 viên,2999,amazon,https://www.amazon.co.jp/dp/B0H423PZSP,nguồn yếu — kiểm tra lại
2232,Dầu cá Omega-3 Nordic Naturals Ultimate Omega-D3 1280mg vị chanh 120 viên,2980,amazon,https://www.amazon.co.jp/dp/B0GRG1WG8M,nguồn yếu — kiểm tra lại
2233,Thẻ bài Pokémon TCG bản Nhật (hàng order theo yêu cầu),39980,amazon,https://www.amazon.co.jp/dp/B09G9YFHS7,nguồn yếu — kiểm tra lại
2234,Gel Dưỡng Săn Chắc Da Sau Sinh Pigeon 110g,1093,amazon,https://www.amazon.co.jp/dp/B004P10LQS,
2235,Viên Nang Fucoidan Okinawa Kanehide Bio 180 Viên,7800,amazon,https://www.amazon.co.jp/dp/B0DWFXVLBQ,nguồn yếu — kiểm tra lại
2236,Gel Dưỡng Trắng NMN White All In One Gel 245g,1100,amazon,https://www.amazon.co.jp/dp/B0B7HXXJK3,
2237,Serum NMN Deep Moist Essence,2200,amazon,https://www.amazon.co.jp/dp/B0D8BM5CTS,
2238,Nước Hoa Hồng The Stem Cell Skin Lotion 150ml,4730,amazon,https://www.amazon.co.jp/dp/B08G4DHGDT,nguồn yếu — kiểm tra lại
2239,Viên Uống Hapycom Motionact EX 270 Viên,2728,rakuten,https://item.rakuten.co.jp/aeonstyleonline/p-4987336768797/,
2240,Men Vi Sinh Health Aid Bifina S 30 Gói,3856,amazon,https://www.amazon.co.jp/dp/B00ZYUNK1W,
2241,Kẹo Bổ Sung Canxi Cho Bé Bone Kids Calcium,2076,amazon,https://www.amazon.co.jp/dp/B08V8L73HX,
2242,Kem Dưỡng Ẩm Shiseido Aqualabel All-In-One Màu Đỏ,1540,amazon,https://www.amazon.co.jp/dp/B0CC5RMJC9,
2243,Kem Dưỡng Da Whitening Skincare Cream Hộp Xanh,1250,amazon,https://www.amazon.co.jp/dp/B094J1KTYY,
2244,Nước Uống Trắng Da Shiseido Pure White,6739,amazon,https://www.amazon.co.jp/dp/B01GURV0IC,
2245,Miếng Dán Chân Kenko Nhật Bản,2980,amazon,https://www.amazon.co.jp/dp/B0CDKF3F15,
2246,Viên Uống Điều Hòa Kinh Nguyệt Kobayashi,730,amazon,https://www.amazon.co.jp/dp/B07Z6NY96V,nguồn yếu — kiểm tra lại
2247,Kem Tẩy Lông Veet Nhật Bản 150g,1030,amazon,https://www.amazon.co.jp/dp/B0CV765T5G,
2248,Viên Uống Giảm Mỡ Bụng Onaka,4104,amazon,https://www.amazon.co.jp/dp/B0FFGRRMS1,
2249,Kẹo Canxi Và Lợi Khuẩn Unimat Riken 90 Viên,665,amazon,https://www.amazon.co.jp/dp/B01MDLVVM8,
2250,Nước Uống Nhau Thai Collagen DR Placen 40000,6850,amazon,https://www.amazon.co.jp/dp/B0B4P9HVWD,nguồn yếu — kiểm tra lại
2251,Sữa Rửa Mặt Shiseido Aqualabel,743,amazon,https://www.amazon.co.jp/dp/B004NCL8RU,
2252,Viên Uống Bổ Phổi Kobayashi 80 Viên,2083,amazon,https://www.amazon.co.jp/dp/B06XPSZX15,
2253,Kem Dưỡng Shiseido Aqualabel 5 Trong 1,1560,amazon,https://www.amazon.co.jp/dp/B0CC5QPGQK,
2254,Viên Uống Chống Nắng Fine Japan UV 30 Viên,1660,amazon,https://www.amazon.co.jp/dp/B0CYC15WYZ,
2255,Viên Uống Đông Trùng Hạ Thảo Royal Gold Cordyceps 420 Viên,7000,amazon,https://www.amazon.co.jp/dp/B07R7Z5DVJ,
2256,Bộ Dầu Gội Xả Tigi Đỏ 750ml x 2 Chai,8635,amazon,https://www.amazon.co.jp/dp/B01B2A1R8A,
2257,Sữa Morinaga Kodomilk Dạng Gói,456,amazon,https://www.amazon.co.jp/dp/B09TPDFVLS,
2258,Nước Uống Collagen HIFU 100000mg,19900,amazon,https://www.amazon.co.jp/dp/B08DXQH4KN,nguồn yếu — kiểm tra lại
2259,Mặt Nạ The Stem Cell Nhật Bản 30 Miếng,861,amazon,https://www.amazon.co.jp/dp/B086HCPQJY,
2260,Thuốc Tsumura Seihaito Số 90 Hộp 42 Gói,1723,rakuten,https://item.rakuten.co.jp/welpark/4987138390905/?variantId=4987138390905,
2261,Xịt Chống Nắng Biore UV Aqua Rich Aqua Protect Mist SPF50+ PA++++,887,amazon,https://www.amazon.co.jp/dp/B0BT1X9H7B,
2262,Nước Nhỏ Mắt Rohto Vita 40 Alpha,258,amazon,https://www.amazon.co.jp/dp/B0035GG4C4,
2263,Nước Nhỏ Mắt Rohto Cool 40 Alpha,258,amazon,https://www.amazon.co.jp/dp/B0035GG4P6,
2264,Bánh Xốp Healthy Club,852,amazon,https://www.amazon.co.jp/dp/B0GYBKV55D,
2265,Set 2 Lon Sữa Meiji Hohoemi Cho Bé 0-1 Tuổi 800g x 2,12700,amazon,https://www.amazon.co.jp/dp/B07D33FZHV,
2266,Set 2 Lon Sữa Meiji Step Cho Bé 1-3 Tuổi 800g x 2,4000,amazon,https://www.amazon.co.jp/dp/B076P4D21Z,
2267,Set Sữa Wakodo Haihai Cho Bé 0-1 Tuổi Kèm 10 Thanh,1544,amazon,https://www.amazon.co.jp/dp/B0CQ4GLJQW,nguồn yếu — kiểm tra lại
2268,Set 3 Lon Sữa Wakodo Gungun Cho Bé 9 Tháng-3 Tuổi Kèm 10 Thanh,544,amazon,https://www.amazon.co.jp/dp/B09S61HV7G,nguồn yếu — kiểm tra lại
2269,Viên Uống NOW Magtein Magnesium L-Threonate 180 Viên,2760,amazon,https://www.amazon.co.jp/dp/B082ZM5VCY,nguồn yếu — kiểm tra lại
2270,Dầu Cá Nordic Naturals Children’s DHA 530mg Omega-3 237ml,7965,amazon,https://www.amazon.co.jp/dp/B007NS7UDW,nguồn yếu — kiểm tra lại
2271,Bộ Aqualabel Treatment Lotion Và Sữa Dưỡng Chống Lão Hóa,3520,amazon,https://www.amazon.co.jp/dp/B0FDKKCQVL,nguồn yếu — kiểm tra lại
2272,Bộ Aqualabel Treatment Brightening Lotion Và Sữa Dưỡng,2640,amazon,https://www.amazon.co.jp/dp/B0DX5MSH1G,nguồn yếu — kiểm tra lại
2273,Yến Chưng Gip Nest 70ml Nhiều Vị,1780,amazon,https://www.amazon.co.jp/dp/B0HB4BHXNJ,nguồn yếu — kiểm tra lại
2274,Giỏ Quà Tết Xuân Son Yến Chưng 46%,24321,rakuten,https://item.rakuten.co.jp/glomarket/30830756/?variantId=162760568,nguồn yếu — kiểm tra lại
2275,Gà Ủ Muối,2980,amazon,https://www.amazon.co.jp/dp/B08G8VXW36,nguồn yếu — kiểm tra lại
2276,Sen Vòi Sanei TOH Bọc Gốm,1887,amazon,https://www.amazon.co.jp/dp/B005J9A73M,
2277,Dưa Bở 1kg,416,amazon,https://www.amazon.co.jp/dp/B0GS53RHST,nguồn yếu — kiểm tra lại
