url,slug,ten_san_pham,gia_ban_vnd,gia_goc_vnd,tinh_trang,danh_muc,ngay_cap_nhat,ghi_chu
https://j86store.com/product/lion-pair-acne-cream-w-14g/,lion-pair-acne-cream-w-14g,Lion Pair Acne Cream W Kem Trị Mụn 14g,260000,,còn 20 hàng,TRỊ MỤN ( ACNE TREATRMENT ),2023-06-03,
https://j86store.com/product/tao-xoan-spirulina/,tao-xoan-spirulina,Spirulina Tảo Xoắn 2400 Viên,750000,,còn 1 hàng,THỰC PHẨM CHỨC NĂNG ( FUNCTIONAL FOODS ),2021-11-04,
https://j86store.com/product/vien-uong-tri-mun-bb-chocola/,vien-uong-tri-mun-bb-chocola,BB Chocola Trị Mụn 170 Viên,550000,,còn 1 hàng,THỰC PHẨM CHỨC NĂNG ( FUNCTIONAL FOODS ) | TRỊ MỤN ( ACNE TREATRMENT ),2024-08-01,
https://j86store.com/product/tra-nghe-orihiro/,tra-nghe-orihiro,Orihiro Ukon Tea Trà Nghệ 60 Gói,275000,,còn 7 hàng,THỰC PHẨM CHỨC NĂNG ( FUNCTIONAL FOODS ),2021-11-04,
https://j86store.com/product/223/,223,Pair Acne Lotion Ngừa_Trị Mụn,400000,,còn 1 hàng,NƯỚC HOA HỒNG ( LOTION ) | TRỊ MỤN ( ACNE TREATRMENT ),2021-12-26,
https://j86store.com/product/sua-rua-mat-ngua-mun-pair-acne/,sua-rua-mat-ngua-mun-pair-acne,Pair Acne Sữa Rửa Mặt Ngừa-Trị Mụn,330000,,còn 5 hàng,TRỊ MỤN ( ACNE TREATRMENT ),2021-11-09,
https://j86store.com/product/tri-nam-transino-white-c-clear-120-vien/,tri-nam-transino-white-c-clear-120-vien,Transino White C Clear 120 Viên,650000,,còn 20 hàng,THỰC PHẨM CHỨC NĂNG ( FUNCTIONAL FOODS ),2023-06-03,
https://j86store.com/product/sua-rua-mat-perfect-white-clay-mau-trang/,sua-rua-mat-perfect-white-clay-mau-trang,Perfect White Clay Sữa Rửa Mặt – Trắng,150000,,còn 18 hàng,SỮA RỬA MẶT,2024-08-01,
https://j86store.com/product/kem-tri-mun-lion-pair-acne-cream-w-24g/,kem-tri-mun-lion-pair-acne-cream-w-24g,Lion Pair Acne Cream W Kem Trị Mụn 24g,320000,,còn 2 hàng,TRỊ MỤN ( ACNE TREATRMENT ),2021-12-04,
https://j86store.com/product/mat-na-lululun-mau-trang/,mat-na-lululun-mau-trang,LuLuLun Face Mask White Mặt Nạ-Dưỡng Trắng,450000,,Hết hàng,MẶT NẠ ( MASK ),2024-08-01,
https://j86store.com/product/mat-na-lululun-face-mask-pink-duong-am/,mat-na-lululun-face-mask-pink-duong-am,LuLuLun Face Mask Pink Mặt Nạ-Cân Bằng Ẩm,450000,,Hết hàng,MẶT NẠ ( MASK ),2024-08-01,
https://j86store.com/product/mat-na-dau-phu-moritaya-tofu-mask-150g/,mat-na-dau-phu-moritaya-tofu-mask-150g,Mask Moritaya Tofu Mặt Nạ Đậu Phụ 150g,499000,,Hết hàng,MẶT NẠ ( MASK ),2024-08-01,
https://j86store.com/product/mat-na-gao-keana-rice-mask-10-mieng/,mat-na-gao-keana-rice-mask-10-mieng,Mask Keana Rice Mặt Nạ Gạo 10 Miếng,270000,,còn 18 hàng,MẶT NẠ ( MASK ),2024-08-01,
https://j86store.com/product/sua-rua-mat-senka-perfect-whip-mau-xanh-duong/,sua-rua-mat-senka-perfect-whip-mau-xanh-duong,Perfect Whip Sữa Rửa Mặt – Xanh,150000,,còn 18 hàng,SỮA RỬA MẶT,2024-08-01,
https://j86store.com/product/sua-rua-mat-perfect-whip-mau-hong/,sua-rua-mat-perfect-whip-mau-hong,Perfect Whip Sữa Rửa Mặt – Hồng,150000,,còn 18 hàng,SỮA RỬA MẶT,2024-08-01,
https://j86store.com/product/kem-chong-nang-skin-aqua-tone-up-uv-essence/,kem-chong-nang-skin-aqua-tone-up-uv-essence,Skin Aqua Tone Up Kem Chống Nắng 80g,220000,,còn 14 hàng,CHỐNG NẮNG ( UV ),2025-12-24,
https://j86store.com/product/sua-tam-goi-cho-be-arau-baby/,sua-tam-goi-cho-be-arau-baby,Arau Baby Sữa Tắm Gội Cho Bé 450ml,350000,,còn 4 hàng,MOM AND BABY,2022-06-27,
https://j86store.com/product/sua-tam-tri-rom-say-cho-be-skin-babe/,sua-tam-tri-rom-say-cho-be-skin-babe,Skina Babe Sữa Tắm Trị Rôm Sẩy Cho Bé,530000,,còn 7 hàng,MOM AND BABY,2025-12-24,
https://j86store.com/product/transino-mau-trang-240-vien/,transino-mau-trang-240-vien,Transino Trị Nám 240 Viên,1690000,,,TRỊ NÁM - TÀN NHANG ( TREAT MELASMA FRECKLES ),2022-11-17,
https://j86store.com/product/spirulina-tao-xoan-chai-2200-vien/,spirulina-tao-xoan-chai-2200-vien,Spirulina Tảo Xoắn Chai 2200 Viên,750000,,,THỰC PHẨM CHỨC NĂNG ( FUNCTIONAL FOODS ),2021-10-11,
https://j86store.com/product/mat-na-mat-kose-clear-turn-plumping-eye-zone-mask/,mat-na-mat-kose-clear-turn-plumping-eye-zone-mask,Mặt Nạ Mắt Kose Clear Turn Plumping Eye Zone 32 Mask,295000,,còn 18 hàng,MẶT NẠ ( MASK ),2024-08-01,
https://j86store.com/product/kem-duong-tri-tham-mat-meishoku-30g/,kem-duong-tri-tham-mat-meishoku-30g,Kem Dưỡng -Trị Thâm Mắt Meishoku 30g,300000,,còn 18 hàng,KEM DƯỠNG DÀNH CHO MẶT ( FACE CREAM ),2025-12-24,
https://j86store.com/product/son-duong-tri-tham-moi-dhc/,son-duong-tri-tham-moi-dhc,Son Dưỡng – Trị Thâm Môi DHC Không Màu,175000,,còn 18 hàng,SON MÔI ( LIPSTICK ),2024-08-25,
https://j86store.com/product/mat-na-duong-tri-tham-moi-choosy/,mat-na-duong-tri-tham-moi-choosy,Mặt Nạ Dưỡng Trị Thâm Môi Choosy,59000,,,MẶT NẠ ( MASK ),2025-12-24,
https://j86store.com/product/son-duong-tri-tham-moi-mentholatum-5g/,son-duong-tri-tham-moi-mentholatum-5g,Son Dưỡng Trị Thâm Môi Mentholatum 5g,69000,,còn 14 hàng,SON MÔI ( LIPSTICK ),2021-11-09,
https://j86store.com/product/sua-rua-mat-tra-xanh-rohto/,sua-rua-mat-tra-xanh-rohto,Sữa Rửa Mặt Trà Xanh Rohto,185000,,còn 18 hàng,SỮA RỬA MẶT,2024-08-01,
https://j86store.com/product/kem-duong-thoa-tay-hand-cream-kose/,kem-duong-thoa-tay-hand-cream-kose,Kem Dưỡng Thoa Tay – Hand Cream Kose,119000,,,KEM DƯỠNG DÀNH CHO MẶT ( FACE CREAM ),2024-08-01,
https://j86store.com/product/sua-rua-mat-oxy-mau-xanh-130g/,sua-rua-mat-oxy-mau-xanh-130g,Sữa Rửa Mặt Oxy Màu Đen 130g,260000,,còn 18 hàng,SỮA RỬA MẶT,2024-08-01,
https://j86store.com/product/sua-rua-mat-oxy-mau-xanh-130g-2/,sua-rua-mat-oxy-mau-xanh-130g-2,Sữa Rửa Mặt Oxy Màu Xanh 130g,260000,,còn 18 hàng,SỮA RỬA MẶT,2024-08-01,
https://j86store.com/product/dau-tay-trang-oliu-naive-kracie-natural-deep-cleansing/,dau-tay-trang-oliu-naive-kracie-natural-deep-cleansing,Dầu Tẩy Trang Oliu Naive  Kracie Natural Deep Cleansing,259000,,còn 2 hàng,TẨY TRANG ( CLEANSING ),2021-10-13,
https://j86store.com/product/giam-can-12kg-deru-deru-diet-supplement-nhat-ban-2/,giam-can-12kg-deru-deru-diet-supplement-nhat-ban-2,Giảm Cân 12kg Deru Deru Diet Supplement Nhật Bản,420000,,,GIẢM CÂN ( DIET ),2022-11-02,
https://j86store.com/product/lululun-face-mask-blue-mat-na-duong-am-sau/,lululun-face-mask-blue-mat-na-duong-am-sau,Lululun Face Mask Blue Mặt Nạ- Dưỡng Ẩm Sâu,459000,,Hết hàng,MẶT NẠ ( MASK ),2024-08-01,
https://j86store.com/product/vien-uong-bo-gan-liver-hydrolysate/,vien-uong-bo-gan-liver-hydrolysate,Viên Uống Bổ Gan Liver Hydrolysate,820000,,còn 20 hàng,THỰC PHẨM CHỨC NĂNG ( FUNCTIONAL FOODS ),2022-11-02,
https://j86store.com/product/vien-uong-vitamin-tong-hop-dhc-multi-vitamins/,vien-uong-vitamin-tong-hop-dhc-multi-vitamins,Viên Uống Vitamin Tổng Hợp DHC Multi Vitamins,370000,,còn 20 hàng,THỰC PHẨM CHỨC NĂNG ( FUNCTIONAL FOODS ),2022-03-07,
https://j86store.com/product/tay-trang-muji-oil-cleansing-200ml/,tay-trang-muji-oil-cleansing-200ml,Tẩy Trang Muji Oil Cleansing 200ml,279000,,còn 20 hàng,TẨY TRANG ( CLEANSING ),2022-06-27,
https://j86store.com/product/collagen-refa-16-dang-nuoc-480ml/,collagen-refa-16-dang-nuoc-480ml,Collagen Refa 16 Dạng Nước 480ml,2150000,,còn 20 hàng,THỰC PHẨM CHỨC NĂNG ( FUNCTIONAL FOODS ),2022-03-28,
https://j86store.com/product/vitamin-c-dhc-60-ngay/,vitamin-c-dhc-60-ngay,Vitamin C DHC 60 Ngày,290000,,còn 20 hàng,THỰC PHẨM CHỨC NĂNG ( FUNCTIONAL FOODS ),2022-06-27,
https://j86store.com/product/son-shu-uemura-mau-570/,son-shu-uemura-mau-570,Son Shu Uemura Màu 570,890000,,còn 20 hàng,SON MÔI ( LIPSTICK ),2022-03-07,
https://j86store.com/product/vien-uong-tinh-chat-hau-tuoi-orihiro/,vien-uong-tinh-chat-hau-tuoi-orihiro,Viên Uống Tinh Chất Hàu Tươi Orihiro,650000,,còn 20 hàng,THỰC PHẨM CHỨC NĂNG ( FUNCTIONAL FOODS ),2022-03-28,
https://j86store.com/product/vien-xuong-khop-glucosamine-orihiro/,vien-xuong-khop-glucosamine-orihiro,Viên Xương Khớp Glucosamine Orihiro,890000,,còn 20 hàng,THỰC PHẨM CHỨC NĂNG ( FUNCTIONAL FOODS ),2022-03-07,
https://j86store.com/product/kinh-chong-cac-tia-doc-hai-cho-be-freese/,kinh-chong-cac-tia-doc-hai-cho-be-freese,KÍNH CHỐNG CÁC TIA ĐỘC HẠI CHO BÉ FREESE,490000,,Cho phép đặt hàng trước,MOM AND BABY,2021-11-23,
https://j86store.com/product/sua-duong-the-hatomugi-chong-nang-spf31-pa/,sua-duong-the-hatomugi-chong-nang-spf31-pa,Sữa Dưỡng Thể Hatomugi Chống Nắng SPF31 PA+++,290000,,còn 18 hàng,DƯỠNG THỂ ( BODY ),2024-08-01,
https://j86store.com/product/sua-duong-the-hatomugi-body-lotion-ban-dem-250gr/,sua-duong-the-hatomugi-body-lotion-ban-dem-250gr,Sữa Dưỡng Thể Hatomugi Lotion Ban Đêm,239000,,còn 18 hàng,DƯỠNG THỂ ( BODY ),2024-08-01,
https://j86store.com/product/thuoc-detox-nhuan-trang-tri-tao-bon-kokando-byurakka/,thuoc-detox-nhuan-trang-tri-tao-bon-kokando-byurakka,Thuốc Detox Nhuận Tràng Trị Táo Bón Kokando Byurakka,490000,,còn 20 hàng,GIẢM CÂN ( DIET ) | THỰC PHẨM CHỨC NĂNG ( FUNCTIONAL FOODS ),2022-03-07,
https://j86store.com/product/vien-uong-trang-da-dhc-hatomugi-60-ngay/,vien-uong-trang-da-dhc-hatomugi-60-ngay,Viên Uống Trắng Da DHC Hatomugi 60 ngày,390000,,còn 20 hàng,THỰC PHẨM CHỨC NĂNG ( FUNCTIONAL FOODS ),2023-03-13,
https://j86store.com/product/vien-ngan-ngua-dot-quy-an-cung-nguu-hoan-nhat-ban/,vien-ngan-ngua-dot-quy-an-cung-nguu-hoan-nhat-ban,Viên Ngăn Ngừa Đột Quỵ An Cung Ngưu Hoàn Nhật Bản,1750000,,,THỰC PHẨM CHỨC NĂNG ( FUNCTIONAL FOODS ),2022-01-04,
https://j86store.com/product/sua-meiji-cho-be-tu-0-1-tuoi-dang-thanh-48-thanh/,sua-meiji-cho-be-tu-0-1-tuoi-dang-thanh-48-thanh,Sữa Meiji Cho Bé Từ 0-1 Tuổi Dạng Thanh (48 Thanh),1250000,,còn 20 hàng,MOM AND BABY,2023-05-13,
https://j86store.com/product/sua-meiji-cho-be-tu-1-3-tuoi-dang-thanh-48-thanh/,sua-meiji-cho-be-tu-1-3-tuoi-dang-thanh-48-thanh,Sữa Meiji Cho Bé Từ 1-3 Tuổi Dạng Thanh (48 Thanh),1195000,,còn 20 hàng,MOM AND BABY,2023-05-13,
https://j86store.com/product/kem-u-trang-hasuko-co-gai-nhat-ban-300g/,kem-u-trang-hasuko-co-gai-nhat-ban-300g,Kem Ủ Trắng Hasuko Cô Gái Nhật Bản 300g,970000,,còn 5 hàng,DƯỠNG THỂ ( BODY ),2024-08-01,
https://j86store.com/product/siro-paburon-siro-cho-meo-tri-cam-sot-cho-be/,siro-paburon-siro-cho-meo-tri-cam-sot-cho-be,Siro Paburon – Siro Chó Mèo Trị Cảm Sốt Cho Bé,270000,,còn 20 hàng,MOM AND BABY | TỦ THUỐC GIA ĐÌNH ( FAMILY MEDICINE ),2022-03-07,
https://j86store.com/product/thuoc-tri-cam-sot-cho-be-paburon-dang-goi/,thuoc-tri-cam-sot-cho-be-paburon-dang-goi,Thuốc Trị Cảm Sốt Cho Bé Paburon Dạng Gói,250000,,còn 20 hàng,MOM AND BABY | TỦ THUỐC GIA ĐÌNH ( FAMILY MEDICINE ),2022-03-07,
https://j86store.com/product/thuc-pham-bao-ve-suc-khoe-placenta-82x-450000-sakura-premium/,thuc-pham-bao-ve-suc-khoe-placenta-82x-450000-sakura-premium,Thực Phẩm Bảo Vệ Sức Khỏe PLACENTA 82X 450000 SAKURA PREMIUM,2590000,,còn 20 hàng,THỰC PHẨM CHỨC NĂNG ( FUNCTIONAL FOODS ),2022-03-07,
https://j86store.com/product/collagen-82x-classic-dong-collagen-truyen-thong/,collagen-82x-classic-dong-collagen-truyen-thong,Thực Phẩm Bảo Vệ Sức Khỏe COLLAGEN 82X 120000 CLASSIC,1900000,,còn 20 hàng,THỰC PHẨM CHỨC NĂNG ( FUNCTIONAL FOODS ),2022-03-07,
https://j86store.com/product/thuc-pham-bao-ve-suc-khoe-placenta-82x-450000-classic/,thuc-pham-bao-ve-suc-khoe-placenta-82x-450000-classic,Thực Phẩm Bảo Vệ Sức Khỏe PLACENTA 82X 450000 CLASSIC,1990000,,còn 20 hàng,THỰC PHẨM CHỨC NĂNG ( FUNCTIONAL FOODS ) | TRỊ NÁM - TÀN NHANG ( TREAT MELASMA FRECKLES ),2022-03-07,
https://j86store.com/product/thuc-pham-bao-ve-suc-khoe-collagen-82x-120000-sakura-premium/,thuc-pham-bao-ve-suc-khoe-collagen-82x-120000-sakura-premium,Thực Phẩm Bảo Vệ Sức Khỏe COLLAGEN 82X 120000 SAKURA PREMIUM,2190000,,còn 20 hàng,THỰC PHẨM CHỨC NĂNG ( FUNCTIONAL FOODS ),2022-03-07,
https://j86store.com/product/thuc-pham-bao-ve-suc-khoe-82x-the-pink-collagen/,thuc-pham-bao-ve-suc-khoe-82x-the-pink-collagen,THực Phẩm Bảo Vệ Sức Khỏe 82X THE PINK COLLAGEN,670000,,còn 20 hàng,THỰC PHẨM CHỨC NĂNG ( FUNCTIONAL FOODS ),2022-03-07,
https://j86store.com/product/kem-chong-ne-cho-be-pigeon-nhat/,kem-chong-ne-cho-be-pigeon-nhat,Kem Chống Nẻ Cho Bé Pigeon Nhật,185000,,còn 20 hàng,MOM AND BABY,2022-07-31,
https://j86store.com/product/thuoc-dac-tri-ho-cam-cum-pabron-s-nhat-ban/,thuoc-dac-tri-ho-cam-cum-pabron-s-nhat-ban,Thuốc Đặc Trị Ho Cảm Cúm PABRON S NHẬT BẢN Dạng Viên,450000,,còn 20 hàng,TỦ THUỐC GIA ĐÌNH ( FAMILY MEDICINE ),2022-03-15,
https://j86store.com/product/thuoc-dac-tri-ho-cam-cum-pabron-s-nhat-ban-dang-goi/,thuoc-dac-tri-ho-cam-cum-pabron-s-nhat-ban-dang-goi,Thuốc Đặc Trị Ho Cảm Cúm PABRON S NHẬT BẢN Dạng Gói,420000,,còn 20 hàng,TỦ THUỐC GIA ĐÌNH ( FAMILY MEDICINE ),2022-03-07,
https://j86store.com/product/thuoc-tri-cam-cum-cho-tre-taisho-pabron-gold-a-46-goi/,thuoc-tri-cam-cum-cho-tre-taisho-pabron-gold-a-46-goi,Thuốc Trị Cảm Cúm Cho Trẻ Taisho Pabron Gold A 46 gói,390000,,còn 20 hàng,MOM AND BABY | TỦ THUỐC GIA ĐÌNH ( FAMILY MEDICINE ),2022-03-07,
https://j86store.com/product/sua-tam-trang-da-hat-y-di-hatomugi-800ml/,sua-tam-trang-da-hat-y-di-hatomugi-800ml,Sữa Tắm Trắng Da Hạt Ý Dĩ Hatomugi 800ml,295000,,còn 20 hàng,SỮA TẮM ( SHOWER GEL ),2022-11-02,
https://j86store.com/product/sua-tam-trang-da-white-conc-body-360ml/,sua-tam-trang-da-white-conc-body-360ml,Sữa Tắm Trắng Da White Conc Body 360ml,285000,,còn 20 hàng,SỮA TẮM ( SHOWER GEL ),2024-08-01,
https://j86store.com/product/lan-tri-muoi-dot-con-trung-can-muhi/,lan-tri-muoi-dot-con-trung-can-muhi,Lăn Trị Muỗi Đốt – Côn Trùng Cắn Muhi,185000,,còn 20 hàng,MOM AND BABY,2025-12-24,
https://j86store.com/product/ngu-coc-do-calbee-nhat-ban-750g/,ngu-coc-do-calbee-nhat-ban-750g,Ngũ Cốc Đỏ Calbee Nhật Bản 750g,215000,,còn 20 hàng,THỰC PHẨM CHỨC NĂNG ( FUNCTIONAL FOODS ),2022-03-07,
https://j86store.com/product/ngu-coc-trang-calbee-nhat-ban-600g/,ngu-coc-trang-calbee-nhat-ban-600g,Ngũ Cốc Trắng Calbee Nhật Bản 600g,215000,,còn 19 hàng,THỰC PHẨM CHỨC NĂNG ( FUNCTIONAL FOODS ),2022-03-27,
https://j86store.com/product/sua-rua-mat-tao-bot-mau-trang-hada-labo/,sua-rua-mat-tao-bot-mau-trang-hada-labo,Sữa Rửa Mặt Tạo Bọt Màu Trắng HADA LABO,195000,,còn 18 hàng,SỮA RỬA MẶT,2024-08-01,
https://j86store.com/product/sua-rua-mat-tao-bot-mau-xanh-hada-labo/,sua-rua-mat-tao-bot-mau-xanh-hada-labo,Sữa Rửa Mặt Tạo Bọt Màu Xanh HADA LABO,195000,,còn 18 hàng,SỮA RỬA MẶT,2024-08-01,
https://j86store.com/product/vien-uong-rau-cu-dhc-60-ngay/,vien-uong-rau-cu-dhc-60-ngay,Viên Uống Rau Củ DHC 60 Ngày,320000,,còn 20 hàng,THỰC PHẨM CHỨC NĂNG ( FUNCTIONAL FOODS ),2025-12-24,
https://j86store.com/product/vien-uong-thom-co-the-dhc-20-ngay/,vien-uong-thom-co-the-dhc-20-ngay,Viên Uống Thơm Cơ Thể DHC 20 Ngày,270000,,còn 20 hàng,THỰC PHẨM CHỨC NĂNG ( FUNCTIONAL FOODS ),2025-12-24,
https://j86store.com/product/vien-uong-bo-sung-vitamin-e-60-ngay/,vien-uong-bo-sung-vitamin-e-60-ngay,Viên Uống Bổ Sung Vitamin E 60 Ngày,290000,,còn 20 hàng,THỰC PHẨM CHỨC NĂNG ( FUNCTIONAL FOODS ),2025-12-24,
https://j86store.com/product/kem-duong-trang-da-cc-melano-brightening-gel-100g/,kem-duong-trang-da-cc-melano-brightening-gel-100g,Kem Dưỡng Trắng Da CC Melano Brightening Gel 100g,325000,,còn 20 hàng,KEM DƯỠNG DÀNH CHO MẶT ( FACE CREAM ),2022-06-27,
https://j86store.com/product/vien-uong-collagen-dhc-60-ngay/,vien-uong-collagen-dhc-60-ngay,Viên uống Collagen DHC 60 Ngày,350000,,còn 20 hàng,THỰC PHẨM CHỨC NĂNG ( FUNCTIONAL FOODS ),2025-12-24,
https://j86store.com/product/sua-meiji-cho-be-tu-1-3-tuoi-dang-lon-800g/,sua-meiji-cho-be-tu-1-3-tuoi-dang-lon-800g,Sữa Meiji Cho Bé Từ 1-3 Tuổi Dạng Lon 800g,790000,,còn 20 hàng,MOM AND BABY,2025-12-24,
https://j86store.com/product/sua-meji-cho-be-tu-0-1-tuoi-dang-lon-800g/,sua-meji-cho-be-tu-0-1-tuoi-dang-lon-800g,Sữa Meji Cho Bé Từ 0-1 Tuổi Dạng Lon 800g,890000,,còn 20 hàng,MOM AND BABY,2022-06-27,
https://j86store.com/product/dau-ca-omega-3-orihiro-180-vien/,dau-ca-omega-3-orihiro-180-vien,Dầu Cá Omega 3 Orihiro 180 Viên,690000,,còn 20 hàng,THỰC PHẨM CHỨC NĂNG ( FUNCTIONAL FOODS ),2022-06-27,
https://j86store.com/product/1567/,1567,Tẩy Tế Bào Chết White Conc Vitamin C,270000,,còn 20 hàng,TẨY TRANG ( CLEANSING ),2022-06-27,
https://j86store.com/product/kem-duong-trang-ban-dem-white-conc/,kem-duong-trang-ban-dem-white-conc,Kem Dưỡng Trắng Ban Đêm White Conc,275000,,còn 20 hàng,DƯỠNG THỂ ( BODY ),2022-06-27,
https://j86store.com/product/kem-duong-ngay-hadalabo-xanh-7in1/,kem-duong-ngay-hadalabo-xanh-7in1,Kem Dưỡng Ngày Hadalabo Xanh 7in1,380000,,còn 18 hàng,KEM DƯỠNG DÀNH CHO MẶT ( FACE CREAM ),2024-08-01,
https://j86store.com/product/kem-duong-trang-da-oneday-mau-hong/,kem-duong-trang-da-oneday-mau-hong,Kem Dưỡng Trắng Da Oneday màu Hồng,295000,,còn 9 hàng,KEM DƯỠNG DÀNH CHO MẶT ( FACE CREAM ),2024-08-01,
https://j86store.com/product/kem-tri-seo-gentacin-1/,kem-tri-seo-gentacin-1,Kem Trị Sẹo Gentacin 1%,190000,,còn 10 hàng,TỦ THUỐC GIA ĐÌNH ( FAMILY MEDICINE ),2022-10-16,
https://j86store.com/product/sua-tam-cool-cho-nam-600ml/,sua-tam-cool-cho-nam-600ml,Sữa Tắm Cool Cho Nam 600ml,195000,,còn 20 hàng,SẢN PHẨM DÀNH CHO NAM ( MEN ) | SỮA TẮM ( SHOWER GEL ),2022-10-16,
https://j86store.com/product/nuoc-hoa-hong-diep-ca-500ml/,nuoc-hoa-hong-diep-ca-500ml,Nước Hoa Hồng Diếp Cá 500ml,220000,,còn 20 hàng,NƯỚC HOA HỒNG ( LOTION ),2022-10-16,
https://j86store.com/product/nuoc-hoa-hong-tia-to-500ml/,nuoc-hoa-hong-tia-to-500ml,Nước Hoa Hồng Tía Tô 500ml,220000,,còn 20 hàng,NƯỚC HOA HỒNG ( LOTION ),2022-10-16,
https://j86store.com/product/nuoc-hoa-hong-cc-melano/,nuoc-hoa-hong-cc-melano,Nước Hoa Hồng CC Melano,310000,,còn 20 hàng,NƯỚC HOA HỒNG ( LOTION ),2022-10-16,
https://j86store.com/product/dung-dich-ve-sinh-vung-kin-maputi/,dung-dich-ve-sinh-vung-kin-maputi,Dung Dịch Vệ Sinh Vùng Kín Maputi,440000,,còn 20 hàng,GỐC CHỊ EM CHÚNG MÌNH ( WOMEN ),2022-10-16,
https://j86store.com/product/kem-tang-nguc-maputi/,kem-tang-nguc-maputi,Kem Tăng Ngực Maputi,680000,,còn 20 hàng,GỐC CHỊ EM CHÚNG MÌNH ( WOMEN ),2022-10-16,
https://j86store.com/product/kem-hap-va-u-toc-fino-shiseido/,kem-hap-va-u-toc-fino-shiseido,Kem Hâp và Ủ Tóc Fino ShiSeiDo,290000,,còn 20 hàng,PHỤC HỒI TÓC TẠI NHÀ ( HAIR ),2022-10-16,
https://j86store.com/product/dau-goi-tonic-cho-nam/,dau-goi-tonic-cho-nam,Dầu Gội Tonic Cho Nam,210000,,còn 20 hàng,SẢN PHẨM DÀNH CHO NAM ( MEN ),2022-10-16,
https://j86store.com/product/bot-mam-lua-mach-bot-tra-lua-non-nhat-ban/,bot-mam-lua-mach-bot-tra-lua-non-nhat-ban,BỘT MẦM LÚA MẠCH – BỘT TRÀ LÚA NON NHẬT BẢN,250000,,,THỰC PHẨM CHỨC NĂNG ( FUNCTIONAL FOODS ),2025-12-24,
https://j86store.com/product/vien-uong-bo-nao-dha-itoh-1000/,vien-uong-bo-nao-dha-itoh-1000,Viên Uống Bổ Não DHA ITOH 1000,790000,,,THỰC PHẨM CHỨC NĂNG ( FUNCTIONAL FOODS ),2023-03-13,
https://j86store.com/product/vien-uong-tieu-duong-mayado-tokaijyo/,vien-uong-tieu-duong-mayado-tokaijyo,Viên Uống Tiểu Đường Mayado Tokaijyo,730000,,,THỰC PHẨM CHỨC NĂNG ( FUNCTIONAL FOODS ),2023-03-13,
https://j86store.com/product/keo-cho-tre-bieng-an-mama-ramune/,keo-cho-tre-bieng-an-mama-ramune,KẸO CHO TRẺ BIẾNG ĂN MAMA RAMUNE,300000,,,MOM AND BABY,2023-03-13,
https://j86store.com/product/sua-tam-trang-manis-white-body-shampoo-huong-hoa-cuc/,sua-tam-trang-manis-white-body-shampoo-huong-hoa-cuc,Sữa Tắm Trắng Manis White Body Shampoo Hương Hoa Cúc,290000,,còn 20 hàng,SỮA TẮM ( SHOWER GEL ),2023-03-13,
https://j86store.com/product/nuoc-hoa-hong-tri-mun-meishoku-bigansui-medicated-skin-lotion-90ml/,nuoc-hoa-hong-tri-mun-meishoku-bigansui-medicated-skin-lotion-90ml,Nước Hoa Hồng Trị Mụn Meishoku Bigansui Medicated Skin Lotion 90ml,250000,,còn 20 hàng,NƯỚC HOA HỒNG ( LOTION ),2023-03-13,
https://j86store.com/product/sua-rua-mat-pharmaact-cool/,sua-rua-mat-pharmaact-cool,SỮA RỬA MẶT PHARMAACT COOL,180000,,còn 18 hàng,SẢN PHẨM DÀNH CHO NAM ( MEN ) | SỮA RỬA MẶT,2024-08-01,
https://j86store.com/product/dau-cu-la-menturm/,dau-cu-la-menturm,DẦU CÙ LÀ MENTURM,160000,,còn 20 hàng,TỦ THUỐC GIA ĐÌNH ( FAMILY MEDICINE ),2023-03-13,
https://j86store.com/product/kem-tri-nut-ne-tay-chan-shseido-urea-cream-100gr/,kem-tri-nut-ne-tay-chan-shseido-urea-cream-100gr,KEM TRỊ NỨT NẺ TAY CHÂN SHSEIDO UREA CREAM 100gr,210000,,còn 20 hàng,DƯỠNG THỂ ( BODY ) | TỦ THUỐC GIA ĐÌNH ( FAMILY MEDICINE ),2023-03-13,
https://j86store.com/product/vien-bo-nao-tri-chung-mat-ngu-tien-dinh/,vien-bo-nao-tri-chung-mat-ngu-tien-dinh,VIÊN BỔ NÃO TRỊ CHỨNG MẤT NGỦ TIỀN ĐÌNH,480000,,còn 20 hàng,THỰC PHẨM CHỨC NĂNG ( FUNCTIONAL FOODS ),2023-03-13,
https://j86store.com/product/vien-nhai-bo-sung-canxi-vi-sua-chua-most/,vien-nhai-bo-sung-canxi-vi-sua-chua-most,VIÊN NHAI BỔ SUNG CANXI VỊ SỮA CHUA MOST,320000,,,MOM AND BABY,2023-03-13,
https://j86store.com/product/dau-goi-tri-gau-lion/,dau-goi-tri-gau-lion,Dầu Gội  Trị Gàu LION,195000,,còn 20 hàng,PHỤC HỒI TÓC TẠI NHÀ ( HAIR ),2023-03-13,
https://j86store.com/product/tao-luc-hoang-gia/,tao-luc-hoang-gia,TẢO LỤC HOÀNG GIA,790000,,còn 20 hàng,THỰC PHẨM CHỨC NĂNG ( FUNCTIONAL FOODS ),2023-03-13,
https://j86store.com/product/vien-uong-bo-sung-canxi-dhc-60-ngay/,vien-uong-bo-sung-canxi-dhc-60-ngay,Viên Uống Bổ Sung Canxi DHC 60 Ngày,300000,,còn 20 hàng,THỰC PHẨM CHỨC NĂNG ( FUNCTIONAL FOODS ),2023-04-12,
https://j86store.com/product/kem-duong-mat-sana-3in1/,kem-duong-mat-sana-3in1,Kem Dưỡng Mắt Sana 3in1,250000,,,MẮT ( EYES ),2023-10-09,
https://j86store.com/product/vien-uong-tri-dau-co-kurema/,vien-uong-tri-dau-co-kurema,Viên Uống Trị Đau Cơ Kurema,600000,,còn 20 hàng,THỰC PHẨM CHỨC NĂNG ( FUNCTIONAL FOODS ),2024-08-01,
https://j86store.com/product/xit-chong-nang-skin-aqua/,xit-chong-nang-skin-aqua,Xịt Chống Nắng Skin Aqua,270000,,,CHỐNG NẮNG ( UV ),2023-09-23,
https://j86store.com/product/skin-aqua-tone-up-kem-chong-nang-80g-danh-cho-da-nhay-cam/,skin-aqua-tone-up-kem-chong-nang-80g-danh-cho-da-nhay-cam,Skin Aqua Tone Up Kem Chống Nắng 80g (Dành cho da nhạy cảm),220000,,còn 20 hàng,CHỐNG NẮNG ( UV ),2023-06-03,
https://j86store.com/product/gel-tay-te-bao-chet-rosette-xanh-nhat-ban/,gel-tay-te-bao-chet-rosette-xanh-nhat-ban,Gel tẩy tế bào chết Rosette xanh Nhật Bản,225000,,còn 20 hàng,TÂY TẾ BÀO CHẾT ( EXFOLIATE DEAD SKIN ),2024-03-27,
https://j86store.com/product/gel-tay-te-bao-chet-rosette-hong-nhat-ban/,gel-tay-te-bao-chet-rosette-hong-nhat-ban,Gel tẩy tế bào chết Rosette Hồng Nhật Bản ,225000,,còn 20 hàng,TÂY TẾ BÀO CHẾT ( EXFOLIATE DEAD SKIN ),2023-07-18,
https://j86store.com/product/gel-tay-te-bao-chet-cure-natural-aqua-nhat-ban/,gel-tay-te-bao-chet-cure-natural-aqua-nhat-ban,Gel Tẩy Tế Bào Chết Cure Natural Aqua Nhật Bản,495000,,còn 20 hàng,TÂY TẾ BÀO CHẾT ( EXFOLIATE DEAD SKIN ),2025-12-24,
https://j86store.com/product/tay-te-bao-chet-detclear-bright-and-peel-nhat-ban-180ml/,tay-te-bao-chet-detclear-bright-and-peel-nhat-ban-180ml,Tẩy tế bào chết Detclear Bright And Peel Nhật Bản 180ml,280000,,còn 20 hàng,TÂY TẾ BÀO CHẾT ( EXFOLIATE DEAD SKIN ),2023-07-18,
https://j86store.com/product/tra-oi-orihiro-nhat-ban-60-goi-giam-can-thanh-loc-co-the/,tra-oi-orihiro-nhat-ban-60-goi-giam-can-thanh-loc-co-the,Trà Ổi Orihiro Nhật Bản 60 Gói Giảm Cân Thanh Lọc Cơ Thể,210000,,còn 18 hàng,GIẢM CÂN ( DIET ),2024-08-01,
https://j86store.com/product/tao-vang-ex-2000-vien/,tao-vang-ex-2000-vien,TẢO VÀNG EX 2000 Viên,1700000,,còn 20 hàng,THỰC PHẨM CHỨC NĂNG ( FUNCTIONAL FOODS ),2023-10-09,
https://j86store.com/product/thuoc-xit-xoang-nazal-nhat-ban-30ml/,thuoc-xit-xoang-nazal-nhat-ban-30ml,THUỐC XỊT XOANG NAZAL NHẬT BẢN 30ml,225000,,còn 18 hàng,TỦ THUỐC GIA ĐÌNH ( FAMILY MEDICINE ),2024-08-13,
https://j86store.com/product/vien-uong-bo-mat-noguchi-lutein-ex-hop-60/,vien-uong-bo-mat-noguchi-lutein-ex-hop-60,Viên Uống Bổ Mắt Noguchi Lutein EX Hộp 60,390000,,còn 18 hàng,MẮT ( EYES ) | THỰC PHẨM CHỨC NĂNG ( FUNCTIONAL FOODS ),2025-12-24,
https://j86store.com/product/canxi-huu-co-nhat-ban-dear-natura/,canxi-huu-co-nhat-ban-dear-natura,Canxi Hữu Cơ Nhật Bản Dear-Natura,265000,,còn 18 hàng,THỰC PHẨM CHỨC NĂNG ( FUNCTIONAL FOODS ),2024-08-13,
https://j86store.com/product/gel-dac-tri-hoi-nach-kobayashi/,gel-dac-tri-hoi-nach-kobayashi,GEL ĐẶC TRỊ HÔI NÁCH KOBAYASHI,210000,,còn 18 hàng,GỐC CHỊ EM CHÚNG MÌNH ( WOMEN ) | SẢN PHẨM DÀNH CHO NAM ( MEN ),2024-08-13,
https://j86store.com/product/thuoc-tri-dau-da-day-kowa/,thuoc-tri-dau-da-day-kowa,THUỐC TRỊ ĐAU DẠ DÀY KOWA,490000,,còn 18 hàng,THỰC PHẨM CHỨC NĂNG ( FUNCTIONAL FOODS ) | TỦ THUỐC GIA ĐÌNH ( FAMILY MEDICINE ),2024-08-13,
https://j86store.com/product/nuoc-nghe-giai-ruou-bo-gan-dep-da-turmeric-drink/,nuoc-nghe-giai-ruou-bo-gan-dep-da-turmeric-drink,NƯỚC NGHỆ GIẢI RƯỢU-BỔ GAN-ĐẸP DA TURMERIC DRINK,220000,,còn 18 hàng,THỰC PHẨM CHỨC NĂNG ( FUNCTIONAL FOODS ) | TỦ THUỐC GIA ĐÌNH ( FAMILY MEDICINE ),2024-08-25,
https://j86store.com/product/tinh-chat-tri-nam-sang-da-transino-whitening-essence-ex-ii-50g/,tinh-chat-tri-nam-sang-da-transino-whitening-essence-ex-ii-50g,Tinh Chất Trị Nám – Sáng Da – Transino Whitening Essence Ex II  50g,1090000,,còn 18 hàng,KEM DƯỠNG DÀNH CHO MẶT ( FACE CREAM ),2024-08-25,
https://j86store.com/product/kem-duong-trang-da-transino-whitening-repair-cream-ex/,kem-duong-trang-da-transino-whitening-repair-cream-ex,Kem Dưỡng Trắng Da Transino Whitening Repair Cream EX,890000,,còn 18 hàng,KEM DƯỠNG DÀNH CHO MẶT ( FACE CREAM ),2025-12-24,