id,ten,ten_ja,danh_muc,trang_thai,khoi_luong_g,kich_thuoc_cm,do_tin_cay,nguon,van_de
173,Lion Pair Acne Cream W Kem Trị Mụn 14g,ライオン ペアアクネクリームW 14g,Trị mụn,Đang bán,40,18x6x4,Trung bình,"Suy luận quy cách: Ước từ khối lượng/dung tích ghi trong tên nếu có, cộng vỏ và hộp bán lẻ.",
187,Spirulina Tảo Xoắn 2400 Viên,スピルリナ普及会 スピルリナ100% 2400粒,Thực phẩm chức năng,Đang bán,630,16x10x10,Thấp,Suy luận tương đương: Ước theo số viên/gói nếu tên có nêu; nếu thiếu quy cách dùng cỡ bao bì thực phẩm bổ sung tương đương.,
193,BB Chocola Trị Mụn 170 Viên,エーザイ チョコラBBピュア 170錠,"Thực phẩm chức năng, Trị mụn",Đang bán,165,12x8x5,Trung bình,"Suy luận tương đương: Ước lọ/hộp 170 viên trị mụn Chocola BB, gồm viên và bao bì.",
197,Orihiro Ukon Tea Trà Nghệ 60 Gói,オリヒロ 徳用ウコン茶 60包,Thực phẩm chức năng,Đang bán,91,20x14x6,Trung bình,Suy luận quy cách: Ước hộp 60 túi trà Orihiro; giữ khối lượng quy cách cũ nếu có.,
223,Pair Acne Lotion Ngừa Trị Mụn,ライオン ペアアクネ クリーンローション 160mL,"Dưỡng da mặt, Trị mụn",Đang bán,230,19x7x5,Trung bình,Suy luận tương đương: Ước chai/tuýp chăm sóc cá nhân từ dung tích ghi trong tên hoặc quy cách phổ biến.,
226,Pair Acne Sữa Rửa Mặt Ngừa-Trị Mụn,ライオン ペアアクネ クリーミーフォーム 80g,Trị mụn,Đang bán,230,19x7x5,Trung bình,Suy luận tương đương: Ước chai/tuýp chăm sóc cá nhân từ dung tích ghi trong tên hoặc quy cách phổ biến.,
228,Transino White C Clear 120 Viên,トランシーノ ホワイトCクリア 120錠,Thực phẩm chức năng,Đang bán,94,11x7x6,Thấp,Suy luận tương đương: Ước theo số viên/gói nếu tên có nêu; nếu thiếu quy cách dùng cỡ bao bì thực phẩm bổ sung tương đương.,
232,Perfect White Clay Sữa Rửa Mặt – Trắng,洗顔専科 パーフェクトホワイトクレイ 120g,Sữa rửa mặt & tẩy trang,Đang bán,230,19x7x5,Trung bình,Suy luận tương đương: Ước chai/tuýp chăm sóc cá nhân từ dung tích ghi trong tên hoặc quy cách phổ biến.,
245,Lion Pair Acne Cream W Kem Trị Mụn 24g,ライオン ペアアクネクリームW 24g,Trị mụn,Đang bán,51,18x6x4,Trung bình,"Suy luận quy cách: Ước từ khối lượng/dung tích ghi trong tên nếu có, cộng vỏ và hộp bán lẻ.",
247,LuLuLun Face Mask White Mặt Nạ-Dưỡng Trắng,ルルルン 白のルルルン（ピュア クリア）32枚入,Mặt nạ,Đang bán,180,20x16x3,Trung bình,"Suy luận tương đương: Ước theo dạng mặt nạ (túi đơn/túi nhiều miếng/hũ), cộng tinh chất và bao bì.",
250,LuLuLun Face Mask Pink Mặt Nạ-Cân Bằng Ẩm,ルルルン ピンクのルルルン（ピュア バランス）32枚入,Mặt nạ,Đang bán,180,20x16x3,Trung bình,"Suy luận tương đương: Ước theo dạng mặt nạ (túi đơn/túi nhiều miếng/hũ), cộng tinh chất và bao bì.",
256,Mask Moritaya Tofu Mặt Nạ Đậu Phụ 150g,豆腐の盛田屋 豆乳よーぐるとぱっく 玉の輿 150g,Mặt nạ,Đang bán,190,9x9x7,Trung bình,"Suy luận quy cách: Ước theo dạng mặt nạ (túi đơn/túi nhiều miếng/hũ), cộng tinh chất và bao bì.",
258,Mask Keana Rice Mặt Nạ Gạo 10 Miếng,毛穴撫子 お米のマスク 10枚入,Mặt nạ,Đang bán,300,22x17x3,Trung bình,"Suy luận tương đương: Ước theo dạng mặt nạ (túi đơn/túi nhiều miếng/hũ), cộng tinh chất và bao bì.",
274,Perfect Whip Sữa Rửa Mặt – Xanh,洗顔専科 パーフェクトホイップ 120g,Sữa rửa mặt & tẩy trang,Đang bán,230,19x7x5,Trung bình,Suy luận tương đương: Ước chai/tuýp chăm sóc cá nhân từ dung tích ghi trong tên hoặc quy cách phổ biến.,
278,Perfect Whip Sữa Rửa Mặt – Hồng,洗顔専科 パーフェクトホイップ コラーゲンin 120g,Sữa rửa mặt & tẩy trang,Đang bán,230,19x7x5,Trung bình,Suy luận tương đương: Ước chai/tuýp chăm sóc cá nhân từ dung tích ghi trong tên hoặc quy cách phổ biến.,
280,Skin Aqua Tone Up Kem Chống Nắng 80g,スキンアクア トーンアップUVエッセンス ラベンダー 80g,Chống nắng,Đang bán,115,18x6x4,Trung bình,"Suy luận quy cách: Ước từ khối lượng/dung tích ghi trong tên nếu có, cộng vỏ và hộp bán lẻ.",
301,Arau Baby Sữa Tắm Gội Cho Bé 450ml,アラウ.ベビー 泡全身ソープ 本体 450mL,Mẹ và bé,Đang bán,510,18.3x10.3x9.4,Cao,Nguồn bán hàng: Khối lượng và kích thước lấy từ trang bán hàng đã liên kết.,
303,Skina Babe Sữa Tắm Trị Rôm Sẩy Cho Bé,持田ヘルスケア スキナベーブ 沐浴剤 500mL,Mẹ và bé,Đang bán,230,19x7x5,Trung bình,Suy luận tương đương: Ước chai/tuýp chăm sóc cá nhân từ dung tích ghi trong tên hoặc quy cách phổ biến.,
320,Transino Trị Nám 240 Viên,トランシーノEX 240錠,Dưỡng da mặt,Đang bán,200,11x7x6,Thấp,Suy luận tương đương: Ước theo số viên/gói nếu tên có nêu; nếu thiếu quy cách dùng cỡ bao bì thực phẩm bổ sung tương đương.,
659,Spirulina Tảo Xoắn Chai 2200 Viên,ジャパンアルジェ 海洋深層水スピルリナブレンド 2200粒,Thực phẩm chức năng,Đang bán,580,16x10x10,Thấp,Suy luận tương đương: Ước theo số viên/gói nếu tên có nêu; nếu thiếu quy cách dùng cỡ bao bì thực phẩm bổ sung tương đương.,
730,Kem Dưỡng -Trị Thâm Mắt Meishoku 30g,明色 プラセホワイター 薬用美白アイクリーム 30g,Dưỡng da mặt,Đang bán,58,18x6x4,Trung bình,"Suy luận quy cách: Ước từ khối lượng/dung tích ghi trong tên nếu có, cộng vỏ và hộp bán lẻ.",
753,Mặt Nạ Dưỡng Trị Thâm Môi Choosy,チューシー リップパック ピーチ／ブラックパール／ハニー,Mặt nạ,Đang bán,180,20x16x3,Trung bình,"Suy luận tương đương: Ước theo dạng mặt nạ (túi đơn/túi nhiều miếng/hũ), cộng tinh chất và bao bì.",
762,Son Dưỡng Trị Thâm Môi Mentholatum 5g,メンソレータム 薬用リップスティック 4.5g,Trang điểm,Đang bán,30,9x3x3,Trung bình,Suy luận quy cách: Ước thỏi son và hộp giấy bán lẻ.,
791,Sữa Rửa Mặt Trà Xanh Rohto,ロート製薬 白茶爽 白茶練り石鹸洗顔 120g,Sữa rửa mặt & tẩy trang,Đang bán,230,19x7x5,Trung bình,Suy luận tương đương: Ước chai/tuýp chăm sóc cá nhân từ dung tích ghi trong tên hoặc quy cách phổ biến.,
911,Kem Dưỡng Thoa Tay – Hand Cream Kose,コーセー プレシャスガーデン ハンドクリーム 70g 全5種の香り,Dưỡng da mặt,Đang bán,120,18x6x4,Trung bình,"Suy luận tương đương: Ước từ khối lượng/dung tích ghi trong tên nếu có, cộng vỏ và hộp bán lẻ.",
912,Sữa Rửa Mặt Oxy Màu Đen 130g,オキシー ディープウォッシュ 130g,Sữa rửa mặt & tẩy trang,Đang bán,130,22.1x7x6.2,Cao,Nguồn bán hàng: Khối lượng và kích thước lấy từ trang bán hàng đã liên kết.,
915,Sữa Rửa Mặt Oxy Màu Xanh 130g,ロート製薬 オキシー ディープウォッシュ 130g,Sữa rửa mặt & tẩy trang,Đang bán,170,19x7x5,Trung bình,Suy luận quy cách: Ước chai/tuýp chăm sóc cá nhân từ dung tích ghi trong tên hoặc quy cách phổ biến.,
916,Dầu Tẩy Trang Oliu Naive  Kracie Natural Deep Cleansing,クラシエ ナイーブ ディープクリア オイルクレンジング 170mL,Sữa rửa mặt & tẩy trang,Đang bán,230,19x7x5,Trung bình,Suy luận tương đương: Ước chai/tuýp chăm sóc cá nhân từ dung tích ghi trong tên hoặc quy cách phổ biến.,
1228,Giảm Cân 12kg Deru Deru Diet Supplement Nhật Bản,ミナミヘルシーフーズ 超実感なんでこんなにでるでるダイエット粒 75袋,Giảm cân,Đang bán,100,18x12x3.5,Thấp,"Suy luận tương đương: Tên có “12 kg” là mức giảm cân quảng cáo, không phải khối lượng hàng; ước theo hộp thực phẩm bổ sung.",
1229,Lululun Face Mask Blue Mặt Nạ- Dưỡng Ẩm Sâu,ルルルン 青のルルルン フェイスマスク 32枚,Mặt nạ,Đang bán,180,20x16x3,Trung bình,"Suy luận tương đương: Ước theo dạng mặt nạ (túi đơn/túi nhiều miếng/hũ), cộng tinh chất và bao bì.",
1234,Viên Uống Vitamin Tổng Hợp DHC Multi Vitamins,DHC マルチビタミン 徳用90日分 90粒,Thực phẩm chức năng,Đang bán,90,17x10x2,Thấp,Suy luận tương đương: Ước theo số viên/gói nếu tên có nêu; nếu thiếu quy cách dùng cỡ bao bì thực phẩm bổ sung tương đương.,
1249,Tẩy Trang Muji Oil Cleansing 200ml,無印良品 マイルドオイルクレンジング 200mL,Sữa rửa mặt & tẩy trang,Đang bán,260,19x7x5,Trung bình,Suy luận quy cách: Ước chai/tuýp chăm sóc cá nhân từ dung tích ghi trong tên hoặc quy cách phổ biến.,
1269,Collagen Refa 16 Dạng Nước 480ml,リファ コラーゲンエンリッチ 480mL,Thực phẩm chức năng,Đang bán,580,23x9x8,Thấp,Suy luận quy cách: Ước đồ uống đóng chai/hộp từ dung tích; nếu tên không có dung tích dùng chai phổ biến 500 ml.,
1274,Vitamin C DHC 60 Ngày,DHC ビタミンC ハードカプセル 60日分 120粒,Thực phẩm chức năng,Đang bán,27,17x10x1.5,Trung bình,"Nguồn + suy luận: Suy từ gói DHC Vitamin C 60 ngày; trang Amazon của bộ 3 ghi 80 g và 23,9 × 14,7 × 1,5 cm.",
1281,Viên Uống Tinh Chất Hàu Tươi Orihiro,オリヒロ 牡蠣エキス粒 120粒,Thực phẩm chức năng,Đang bán,120,15x6x5,Trung bình,"Suy luận tương đương: Ước từ khối lượng/dung tích ghi trong tên nếu có, cộng vỏ và hộp bán lẻ.",
1283,Viên Xương Khớp Glucosamine Orihiro,オリヒロ 高純度グルコサミン 徳用 900粒,Thực phẩm chức năng,Đang bán,90,11x7x6,Thấp,Suy luận tương đương: Ước theo số viên/gói nếu tên có nêu; nếu thiếu quy cách dùng cỡ bao bì thực phẩm bổ sung tương đương.,
1299,KÍNH CHỐNG CÁC TIA ĐỘC HẠI CHO BÉ FREESE,FREESE こども用 ブルーライトカット メガネ 3〜12歳,Mẹ và bé,Đang bán,60,16x7x5,Thấp,Suy luận tương đương: Ước kính trẻ em kèm hộp mềm.,
1311,Sữa Dưỡng Thể Hatomugi Chống Nắng SPF31 PA+++,麗白 ハトムギ UVミルキージェル SPF31 PA+++ 250mL,Chăm sóc body,Đang bán,230,19x7x5,Trung bình,Suy luận tương đương: Ước chai/tuýp chăm sóc cá nhân từ dung tích ghi trong tên hoặc quy cách phổ biến.,
1313,Sữa Dưỡng Thể Hatomugi Lotion Ban Đêm,麗白 ハトムギ ボディローション 無香料 250g,Chăm sóc body,Đang bán,230,19x7x5,Trung bình,Suy luận tương đương: Ước chai/tuýp chăm sóc cá nhân từ dung tích ghi trong tên hoặc quy cách phổ biến.,
1315,Thuốc Detox Nhuận Tràng Trị Táo Bón Kokando Byurakka,皇漢堂製薬 ビューラックA 400錠,"Giảm cân, Thực phẩm chức năng",Đang bán,90,11x7x6,Thấp,Suy luận tương đương: Ước theo số viên/gói nếu tên có nêu; nếu thiếu quy cách dùng cỡ bao bì thực phẩm bổ sung tương đương.,
1317,Viên Uống Trắng Da DHC Hatomugi 60 ngày,DHC はとむぎエキス 60日分 60粒,Thực phẩm chức năng,Đang bán,90,17x10x2,Thấp,Suy luận tương đương: Ước theo số viên/gói nếu tên có nêu; nếu thiếu quy cách dùng cỡ bao bì thực phẩm bổ sung tương đương.,
1358,Viên Ngăn Ngừa Đột Quỵ An Cung Ngưu Hoàn Nhật Bản,安宮牛黄丸 丸剤,Thực phẩm chức năng,Đang bán,90,11x7x6,Thấp,Suy luận tương đương: Ước theo số viên/gói nếu tên có nêu; nếu thiếu quy cách dùng cỡ bao bì thực phẩm bổ sung tương đương.,
1363,Sữa Meiji Cho Bé Từ 0-1 Tuổi Dạng Thanh (48 Thanh),明治ほほえみ らくらくキューブ 27g×48袋,Mẹ và bé,Đang bán,1400,31x22x13,Trung bình,Suy luận tương đương: Ước hộp 48 thanh sữa công thức.,
1368,Sữa Meiji Cho Bé Từ 1-3 Tuổi Dạng Thanh (48 Thanh),明治ステップ らくらくキューブ 28g×48袋,Mẹ và bé,Đang bán,1400,31x22x13,Trung bình,Suy luận tương đương: Ước hộp 48 thanh sữa công thức.,
1370,Kem Ủ Trắng Hasuko Cô Gái Nhật Bản 300g,HASUKO オールインワンクリーム 300g,Chăm sóc body,Đang bán,355,10x10x8,Trung bình,"Suy luận quy cách: Ước từ khối lượng/dung tích ghi trong tên nếu có, cộng vỏ và hộp bán lẻ.",
1410,Siro Paburon – Siro Con Hổ Trị Cảm Sốt Cho Bé,大正製薬 パブロンキッズかぜシロップ 120mL,"Mẹ và bé, Tủ thuốc gia đình",Đang bán,90,11x7x6,Thấp,Suy luận tương đương: Ước theo số viên/gói nếu tên có nêu; nếu thiếu quy cách dùng cỡ bao bì thực phẩm bổ sung tương đương.,
1412,Thuốc Trị Cảm Sốt Cho Bé Paburon Dạng Gói,大正製薬 パブロンキッズかぜ微粒 12包,"Mẹ và bé, Tủ thuốc gia đình",Đang bán,90,17x10x2,Thấp,Suy luận tương đương: Ước theo số viên/gói nếu tên có nêu; nếu thiếu quy cách dùng cỡ bao bì thực phẩm bổ sung tương đương.,
1414,Thực Phẩm Bảo Vệ Sức Khỏe PLACENTA 82X 450000 SAKURA PREMIUM,82X プラセンタ サクラプレミアム 500g,Thực phẩm chức năng,Đang bán,700,23x9x9,Trung bình,Nguồn + suy luận: Trang bán hàng chính hãng ghi khối lượng tịnh 500 g; cộng chai và hộp bán lẻ.,
1416,Thực Phẩm Bảo Vệ Sức Khỏe COLLAGEN 82X 120000 CLASSIC,82X コラーゲン クラッシック 500g,Thực phẩm chức năng,Đang bán,650,23x9x9,Trung bình,Suy luận tương đương: Dòng 82X Classic được bán dạng chai 500 ml; ước thêm chai và hộp bán lẻ.,
1419,Thực Phẩm Bảo Vệ Sức Khỏe PLACENTA 82X 450000 CLASSIC,82X プラセンタ クラッシック 500g,"Thực phẩm chức năng, Dưỡng da mặt",Đang bán,700,23x9x9,Trung bình,Suy luận tương đương: Dòng 82X Placenta Classic được bán dạng chai; ước khối lượng chai 500 ml và hộp.,
1423,Thực Phẩm Bảo Vệ Sức Khỏe COLLAGEN 82X 120000 SAKURA PREMIUM,82X コラーゲン サクラプレミアム 500g,Thực phẩm chức năng,Đang bán,650,23x9x9,Trung bình,Suy luận tương đương: Dòng 82X Collagen Sakura Premium được bán dạng chai 500 ml; ước thêm chai và hộp.,
1425,THực Phẩm Bảo Vệ Sức Khỏe 82X THE PINK COLLAGEN,82X ザ ピンク コラーゲン 100mL×10本,Thực phẩm chức năng,Đang bán,1250,29x18x13,Trung bình,"Nguồn + suy luận: Trang hãng ghi 1 hộp 10 chai/lon, mỗi chai 100 ml; khối lượng và kích thước ngoài được ước theo cả hộp.",
1427,Kem Chống Nẻ Cho Bé Pigeon Nhật,ピジョン ベビークリーム 110g,Mẹ và bé,Đang bán,120,18x6x4,Trung bình,"Suy luận tương đương: Ước từ khối lượng/dung tích ghi trong tên nếu có, cộng vỏ và hộp bán lẻ.",
1429,Thuốc Đặc Trị Ho Cảm Cúm PABRON S NHẬT BẢN Dạng Viên,大正製薬 パブロンSゴールドW錠,Tủ thuốc gia đình,Đang bán,90,11x7x6,Thấp,Suy luận tương đương: Ước theo số viên/gói nếu tên có nêu; nếu thiếu quy cách dùng cỡ bao bì thực phẩm bổ sung tương đương.,
1431,Thuốc Đặc Trị Ho Cảm Cúm PABRON S NHẬT BẢN Dạng Gói,大正製薬 パブロンSゴールドW微粒,Tủ thuốc gia đình,Đang bán,90,17x10x2,Thấp,Suy luận tương đương: Ước theo số viên/gói nếu tên có nêu; nếu thiếu quy cách dùng cỡ bao bì thực phẩm bổ sung tương đương.,
1433,Thuốc Trị Cảm Cúm Cho Trẻ Taisho Pabron Gold A 46 gói,大正製薬 パブロンゴールドA 微粒 44包,"Mẹ và bé, Tủ thuốc gia đình",Đang bán,76,17x10x2,Thấp,Suy luận quy cách: Ước theo số viên/gói nếu tên có nêu; nếu thiếu quy cách dùng cỡ bao bì thực phẩm bổ sung tương đương.,
1436,Sữa Tắm Trắng Da Hạt Ý Dĩ Hatomugi 800ml,麗白 ハトムギ ボディソープ 800mL,Chăm sóc body,Đang bán,950,24x11x9,Trung bình,Suy luận quy cách: Ước chai/tuýp chăm sóc cá nhân từ dung tích ghi trong tên hoặc quy cách phổ biến.,
1438,Sữa Tắm Trắng Da White Conc Body 360ml,ホワイトコンク ボディシャンプーCII 360mL,Chăm sóc body,Đang bán,420,15.75x7.62x4.32,Cao,Nguồn bán hàng: Khối lượng và kích thước lấy từ trang bán hàng đã liên kết.,
1476,Lăn Trị Muỗi Đốt – Côn Trùng Cắn Muhi,池田模範堂 液体ムヒS2a 50mL,Mẹ và bé,Đang bán,45,13x4x3,Trung bình,Suy luận tương đương: Ước chai lăn/tuýp Muhi cỡ nhỏ dùng cho côn trùng cắn.,
1478,Ngũ Cốc Đỏ Calbee Nhật Bản 750g,カルビー フルグラ 750g,Thực phẩm chức năng,Đang bán,850,34x24x10,Trung bình,Suy luận quy cách: Khối lượng tịnh ghi trong tên cộng túi; ước kích thước túi ngũ cốc.,
1481,Ngũ Cốc Trắng Calbee Nhật Bản 600g,カルビー フルグラ 糖質オフ 600g,Thực phẩm chức năng,Đang bán,700,34x24x10,Trung bình,Suy luận quy cách: Khối lượng tịnh ghi trong tên cộng túi; ước kích thước túi ngũ cốc.,
1490,Sữa Rửa Mặt Tạo Bọt Màu Trắng HADA LABO,肌ラボ 極潤ヒアルロン泡洗顔 160mL,Sữa rửa mặt & tẩy trang,Đang bán,230,19x7x5,Trung bình,Suy luận tương đương: Ước chai/tuýp chăm sóc cá nhân từ dung tích ghi trong tên hoặc quy cách phổ biến.,
1493,Sữa Rửa Mặt Tạo Bọt Màu Xanh HADA LABO,肌ラボ 泡洗顔料 ブルーボトル（混合肌・脂性肌用）,Sữa rửa mặt & tẩy trang,Đang bán,230,19x7x5,Trung bình,Suy luận tương đương: Ước chai/tuýp chăm sóc cá nhân từ dung tích ghi trong tên hoặc quy cách phổ biến.,
1525,Viên Uống Rau Củ DHC 60 Ngày,DHC 国産パーフェクト野菜プレミアム 60日分 240粒,Thực phẩm chức năng,Đang bán,90,17x10x2,Thấp,Suy luận tương đương: Ước theo số viên/gói nếu tên có nêu; nếu thiếu quy cách dùng cỡ bao bì thực phẩm bổ sung tương đương.,
1527,Viên Uống Thơm Cơ Thể DHC 20 Ngày,DHC 香るブルガリアンローズカプセル 20日分 40粒,Thực phẩm chức năng,Đang bán,90,17x10x2,Thấp,Suy luận tương đương: Ước theo số viên/gói nếu tên có nêu; nếu thiếu quy cách dùng cỡ bao bì thực phẩm bổ sung tương đương.,
1529,Viên Uống Bổ Sung Vitamin E 60 Ngày,DHC 天然ビタミンE［大豆］ 60日分,Thực phẩm chức năng,Đang bán,90,11x7x6,Thấp,Suy luận tương đương: Ước theo số viên/gói nếu tên có nêu; nếu thiếu quy cách dùng cỡ bao bì thực phẩm bổ sung tương đương.,
1531,Kem Dưỡng Trắng Da CC Melano Brightening Gel 100g,メラノCC 薬用しみ対策 美白ジェル 100g,Dưỡng da mặt,Đang bán,135,18x6x4,Trung bình,"Suy luận quy cách: Ước từ khối lượng/dung tích ghi trong tên nếu có, cộng vỏ và hộp bán lẻ.",
1533,Viên uống Collagen DHC 60 Ngày,DHC コラーゲン 60日分 360粒,Thực phẩm chức năng,Đang bán,90,17x10x2,Thấp,Suy luận tương đương: Ước theo số viên/gói nếu tên có nêu; nếu thiếu quy cách dùng cỡ bao bì thực phẩm bổ sung tương đương.,
1536,Sữa Meiji Cho Bé Từ 1-3 Tuổi Dạng Lon 800g,明治ステップ 大缶 800g,Mẹ và bé,Đang bán,900,18x14x14,Trung bình,Suy luận quy cách: Ước lon/túi sữa bột cỡ 800 g.,
1539,Sữa Meji Cho Bé Từ 0-1 Tuổi Dạng Lon 800g,明治ほほえみ 大缶 800g,Mẹ và bé,Đang bán,900,18x14x14,Trung bình,Suy luận quy cách: Ước lon/túi sữa bột cỡ 800 g.,
1564,Dầu Cá Omega 3 Orihiro 180 Viên,オリヒロ フィッシュオイル 180粒,Thực phẩm chức năng,Đang bán,170,11x7x6,Thấp,Suy luận tương đương: Ước theo số viên/gói nếu tên có nêu; nếu thiếu quy cách dùng cỡ bao bì thực phẩm bổ sung tương đương.,
1567,Tẩy Tế Bào Chết White Conc Vitamin C,WHITE CONC ホワイトコンク ボディゴマージュCII 180g,Sữa rửa mặt & tẩy trang,Đang bán,120,18x6x4,Trung bình,"Suy luận tương đương: Ước từ khối lượng/dung tích ghi trong tên nếu có, cộng vỏ và hộp bán lẻ.",
1569,Kem Dưỡng Trắng Ban Đêm White Conc,WHITE CONC ホワイトコンク ウォータリークリームII 90g,Chăm sóc body,Đang bán,120,18x6x4,Trung bình,"Suy luận tương đương: Ước từ khối lượng/dung tích ghi trong tên nếu có, cộng vỏ và hộp bán lẻ.",
1578,Kem Dưỡng Ngày Hadalabo Xanh 7in1,肌ラボ 極潤 UVホワイトゲル 90g,Dưỡng da mặt,Đang bán,120,18x6x4,Trung bình,"Suy luận tương đương: Ước từ khối lượng/dung tích ghi trong tên nếu có, cộng vỏ và hộp bán lẻ.",
1582,Kem Trị Sẹo Gentacin 1%,高田製薬 ゲンタシンクリーム 0.1%,Tủ thuốc gia đình,Đang bán,120,18x6x4,Trung bình,"Suy luận tương đương: Ước từ khối lượng/dung tích ghi trong tên nếu có, cộng vỏ và hộp bán lẻ.",
1584,Sữa Tắm Cool Cho Nam 600ml,熊野油脂 ファーマアクト クールボディソープ 600mL,"Dành cho nam, Chăm sóc body",Đang bán,720,24x11x9,Trung bình,Suy luận quy cách: Ước chai/tuýp chăm sóc cá nhân từ dung tích ghi trong tên hoặc quy cách phổ biến.,
1586,Nước Hoa Hồng Diếp Cá 500ml,地の塩社 モイスチャライジング どくだみ化粧水 500mL,Dưỡng da mặt,Đang bán,600,21x9x7,Trung bình,Suy luận quy cách: Ước chai/tuýp chăm sóc cá nhân từ dung tích ghi trong tên hoặc quy cách phổ biến.,
1588,Nước Hoa Hồng Tía Tô 500ml,地の塩社 しそ化粧水 500mL,Dưỡng da mặt,Đang bán,600,21x9x7,Trung bình,Suy luận quy cách: Ước chai/tuýp chăm sóc cá nhân từ dung tích ghi trong tên hoặc quy cách phổ biến.,
1590,Nước Hoa Hồng CC Melano,ロート製薬 メラノCC 薬用しみ対策 美白化粧水 170mL,Dưỡng da mặt,Đang bán,230,19x7x5,Trung bình,Suy luận tương đương: Ước chai/tuýp chăm sóc cá nhân từ dung tích ghi trong tên hoặc quy cách phổ biến.,
1592,Dung Dịch Vệ Sinh Vùng Kín Maputi,MAPUTI オーガニックフレグランス インティメイトソープ 120mL,Sức khỏe phụ nữ,Đang bán,230,19x7x5,Trung bình,Suy luận tương đương: Ước chai/tuýp chăm sóc cá nhân từ dung tích ghi trong tên hoặc quy cách phổ biến.,
1594,Kem Tăng Ngực Maputi,MAPUTI オーガニックフレグランス バストクリーム 60g,Sức khỏe phụ nữ,Đang bán,120,18x6x4,Trung bình,"Suy luận tương đương: Ước từ khối lượng/dung tích ghi trong tên nếu có, cộng vỏ và hộp bán lẻ.",
1599,Kem Hâp và Ủ Tóc Fino ShiSeiDo,フィーノ プレミアムタッチ 浸透美容液ヘアマスク 230g,Chăm sóc tóc,Đang bán,120,10x10x8,Trung bình,"Suy luận tương đương: Ước từ khối lượng/dung tích ghi trong tên nếu có, cộng vỏ và hộp bán lẻ.",
1603,Dầu Gội Tonic Cho Nam,メンズ トニックシャンプー（清涼タイプ）,Dành cho nam,Đang bán,230,19x7x5,Trung bình,Suy luận tương đương: Ước chai/tuýp chăm sóc cá nhân từ dung tích ghi trong tên hoặc quy cách phổ biến.,
1623,BỘT MẦM LÚA MẠCH – BỘT TRÀ LÚA NON NHẬT BẢN,大麦若葉 青汁 粉末（国産大麦若葉100%）,Thực phẩm chức năng,Đang bán,160,22x16x5,Trung bình,Suy luận tương đương: Ước túi bột theo khối lượng tịnh/bao bì mềm.,
1630,Viên Uống Bổ Não DHA ITOH 1000,井藤漢方製薬 DHA1000S 120粒,Thực phẩm chức năng,Đang bán,90,11x7x6,Thấp,Suy luận tương đương: Ước theo số viên/gói nếu tên có nêu; nếu thiếu quy cách dùng cỡ bao bì thực phẩm bổ sung tương đương.,
1632,Viên Uống Tiểu Đường Mayado Tokaijyo,摩耶堂製薬 糖解錠 170錠,Thực phẩm chức năng,Đang bán,90,11x7x6,Thấp,Suy luận tương đương: Ước theo số viên/gói nếu tên có nêu; nếu thiếu quy cách dùng cỡ bao bì thực phẩm bổ sung tương đương.,
1634,KẸO CHO TRẺ BIẾNG ĂN MAMA RAMUNE,エムアンドエム ママラムネ いちごミルク風味 200粒,Mẹ và bé,Đang bán,150,18x12x5,Thấp,Suy luận tương đương: Ước túi/hộp kẹo bổ sung cho trẻ em.,
1638,Nước Hoa Hồng Trị Mụn Meishoku Bigansui Medicated Skin Lotion 90ml,明色化粧品 明色美顔水 薬用化粧水 90mL,Dưỡng da mặt,Đang bán,135,19x7x5,Trung bình,Suy luận quy cách: Ước chai/tuýp chăm sóc cá nhân từ dung tích ghi trong tên hoặc quy cách phổ biến.,
1640,SỮA RỬA MẶT PHARMAACT COOL,熊野油脂 ファーマアクト クール洗顔フォーム 130g,"Dành cho nam, Sữa rửa mặt & tẩy trang",Đang bán,230,19x7x5,Trung bình,Suy luận tương đương: Ước chai/tuýp chăm sóc cá nhân từ dung tích ghi trong tên hoặc quy cách phổ biến.,
1642,DẦU CÙ LÀ MENTURM,近江兄弟社 メンタームQ軟膏,Tủ thuốc gia đình,Đang bán,85,8x7x7,Thấp,Suy luận tương đương: Ước hũ dầu cù là Menturm cỡ bán lẻ phổ biến.,
1644,KEM TRỊ NỨT NẺ TAY CHÂN SHSEIDO UREA CREAM 100gr,資生堂 尿素10%クリーム 100g,"Chăm sóc body, Tủ thuốc gia đình",Đang bán,135,10x10x8,Trung bình,"Suy luận tương đương: Ước từ khối lượng/dung tích ghi trong tên nếu có, cộng vỏ và hộp bán lẻ.",
1646,VIÊN BỔ NÃO TRỊ CHỨNG MẤT NGỦ TIỀN ĐÌNH,脳・睡眠ケア サプリメント（日本製）,Thực phẩm chức năng,Đang bán,90,11x7x6,Thấp,Suy luận tương đương: Ước theo số viên/gói nếu tên có nêu; nếu thiếu quy cách dùng cỡ bao bì thực phẩm bổ sung tương đương.,
1648,VIÊN NHAI BỔ SUNG CANXI VỊ SỮA CHUA MOST,オリヒロ MOSTチュアブル カルシウム 180粒,Mẹ và bé,Đang bán,90,11x7x6,Thấp,Suy luận tương đương: Ước theo số viên/gói nếu tên có nêu; nếu thiếu quy cách dùng cỡ bao bì thực phẩm bổ sung tương đương.,
1650,Dầu Gội  Trị Gàu LION,ライオン オクト 薬用シャンプー 320mL,Chăm sóc tóc,Đang bán,230,19x7x5,Trung bình,Suy luận tương đương: Ước chai/tuýp chăm sóc cá nhân từ dung tích ghi trong tên hoặc quy cách phổ biến.,
1652,TẢO LỤC HOÀNG GIA,ユウキ製薬 クロレラロイヤルDX 1550粒,Thực phẩm chức năng,Đang bán,600,16x10x10,Thấp,Suy luận tương đương: Ước chai tảo lục dạng viên cỡ lớn; tên chưa nêu số viên.,
1656,Viên Uống Bổ Sung Canxi DHC 60 Ngày,DHC カルシウム／マグ 60日分 180粒,Thực phẩm chức năng,Đang bán,90,17x10x2,Thấp,Suy luận tương đương: Ước theo số viên/gói nếu tên có nêu; nếu thiếu quy cách dùng cỡ bao bì thực phẩm bổ sung tương đương.,
1668,Viên Uống Trị Đau Cơ Kurema,オール薬品工業 クレマエースEXP 270錠,Thực phẩm chức năng,Đang bán,90,11x7x6,Thấp,Suy luận tương đương: Ước theo số viên/gói nếu tên có nêu; nếu thiếu quy cách dùng cỡ bao bì thực phẩm bổ sung tương đương.,
1671,Xịt Chống Nắng Skin Aqua,ロート製薬 スキンアクア トーンアップUVスプレー ラベンダー 70g,Chống nắng,Đang bán,230,19x7x5,Trung bình,Suy luận tương đương: Ước chai/tuýp chăm sóc cá nhân từ dung tích ghi trong tên hoặc quy cách phổ biến.,
1717,Skin Aqua Tone Up Kem Chống Nắng 80g (Dành cho da nhạy cảm),ロート製薬 スキンアクア トーンアップUVエッセンス ラベンダー 80g,Chống nắng,Đang bán,115,18x6x4,Trung bình,"Suy luận quy cách: Ước từ khối lượng/dung tích ghi trong tên nếu có, cộng vỏ và hộp bán lẻ.",
1731,Gel tẩy tế bào chết Rosette xanh Nhật Bản,ロゼット ゴマージュ 120g,Sữa rửa mặt & tẩy trang,Đang bán,120,18x6x4,Trung bình,"Suy luận tương đương: Ước từ khối lượng/dung tích ghi trong tên nếu có, cộng vỏ và hộp bán lẻ.",
1734,Gel tẩy tế bào chết Rosette Hồng Nhật Bản,ロゼット ゴマージュ モイスト 120g,Sữa rửa mặt & tẩy trang,Đang bán,120,18x6x4,Trung bình,"Suy luận tương đương: Ước từ khối lượng/dung tích ghi trong tên nếu có, cộng vỏ và hộp bán lẻ.",
1735,Gel Tẩy Tế Bào Chết Cure Natural Aqua Nhật Bản,キュア ナチュラルアクアジェル 250g,Sữa rửa mặt & tẩy trang,Đang bán,120,18x6x4,Trung bình,"Suy luận tương đương: Ước từ khối lượng/dung tích ghi trong tên nếu có, cộng vỏ và hộp bán lẻ.",
1737,Tẩy tế bào chết Detclear Bright And Peel Nhật Bản 180ml,明色化粧品 DETクリア ブライト＆ピール ピーリングジェリー 180mL,Sữa rửa mặt & tẩy trang,Đang bán,235,18x6x4,Trung bình,"Suy luận quy cách: Ước từ khối lượng/dung tích ghi trong tên nếu có, cộng vỏ và hộp bán lẻ.",
1742,Trà Ổi Orihiro Nhật Bản 60 Gói Giảm Cân Thanh Lọc Cơ Thể,オリヒロ 徳用グァバ茶 2g×60袋,Giảm cân,Đang bán,91,20x14x6,Trung bình,Suy luận quy cách: Ước hộp 60 túi trà Orihiro; giữ khối lượng quy cách cũ nếu có.,
1744,TẢO VÀNG EX 2000 Viên,金秀バイオ スピルリナEX 2000粒（1000粒×2本）,Thực phẩm chức năng,Đang bán,540,16x10x10,Thấp,Suy luận tương đương: Ước theo số viên/gói nếu tên có nêu; nếu thiếu quy cách dùng cỡ bao bì thực phẩm bổ sung tương đương.,
1753,THUỐC XỊT XOANG NAZAL NHẬT BẢN 30ml,佐藤製薬 ナザール スプレー ポンプ 30mL,Tủ thuốc gia đình,Đang bán,64,17x10x2,Thấp,Suy luận quy cách: Ước theo số viên/gói nếu tên có nêu; nếu thiếu quy cách dùng cỡ bao bì thực phẩm bổ sung tương đương.,
1756,Viên Uống Bổ Mắt Noguchi Lutein EX Hộp 60,野口医学研究所 ブルーベリー＆ルテインEX 60粒,"Chăm sóc mắt, Thực phẩm chức năng",Đang bán,90,11x7x6,Thấp,Suy luận tương đương: Ước theo số viên/gói nếu tên có nêu; nếu thiếu quy cách dùng cỡ bao bì thực phẩm bổ sung tương đương.,
1758,Canxi Hữu Cơ Nhật Bản Dear-Natura,ディアナチュラ カルシウム・マグネシウム・亜鉛・ビタミンD 540粒,Thực phẩm chức năng,Đang bán,90,11x7x6,Thấp,Suy luận tương đương: Ước theo số viên/gói nếu tên có nêu; nếu thiếu quy cách dùng cỡ bao bì thực phẩm bổ sung tương đương.,
1760,GEL ĐẶC TRỊ HÔI NÁCH KOBAYASHI,小林製薬 ワキガード 50g,"Sức khỏe phụ nữ, Dành cho nam",Đang bán,120,18x6x4,Trung bình,"Suy luận tương đương: Ước từ khối lượng/dung tích ghi trong tên nếu có, cộng vỏ và hộp bán lẻ.",
1765,NƯỚC NGHỆ GIẢI RƯỢU-BỔ GAN-ĐẸP DA TURMERIC DRINK,ハウスウェルネスフーズ ウコンの力 ウコンエキスドリンク 100ml×6本,"Thực phẩm chức năng, Tủ thuốc gia đình",Đang bán,650,23x9x8,Thấp,Suy luận tương đương: Ước đồ uống đóng chai/hộp từ dung tích; nếu tên không có dung tích dùng chai phổ biến 500 ml.,
1767,Tinh Chất Trị Nám – Sáng Da – Transino Whitening Essence Ex II  50g,トランシーノ 薬用ホワイトニングエッセンスEXII 50g,Dưỡng da mặt,Đang bán,80,15x6x5,Trung bình,"Suy luận quy cách: Ước từ khối lượng/dung tích ghi trong tên nếu có, cộng vỏ và hộp bán lẻ.",
1769,Kem Dưỡng Trắng Da Transino Whitening Repair Cream EX,トランシーノ 薬用ホワイトニングリペアクリームEX 35g,Dưỡng da mặt,Đang bán,120,18x6x4,Trung bình,"Suy luận tương đương: Ước từ khối lượng/dung tích ghi trong tên nếu có, cộng vỏ và hộp bán lẻ.",
2001,Bình sữa Pigeon (loại to / loại nhỏ),ピジョン 母乳実感 哺乳びん プラスチック製 240mL,Mẹ và bé,Đang bán,100,,Cao,Amazon.co.jp (梱包サイズ / 商品の重量 trên trang sản phẩm đã liên kết),thiếu kích thước
2002,Bình xịt ngăn ngừa sâu răng Hamikea Tampei 25g,丹平製薬 ハミケア グレープ風味 25g,"Chăm sóc răng miệng, Mẹ và bé",Đang bán,41,13x7.6x3.4,Cao,Nguồn bán hàng: Khối lượng và kích thước lấy từ trang bán hàng đã liên kết.,
2003,Bộ dầu gội và dầu xả mỡ ngựa Nhật Bản 600ml,熊野油脂 馬油シャンプー・コンディショナー 600mL,Chăm sóc tóc,Đang bán,2720,22.3x21.2x12.7,Cao,Amazon.co.jp (梱包サイズ / 商品の重量 trên trang sản phẩm đã liên kết),
2004,Bột canxi cá tuyết Nhật Bản,ファイン 骨キッズカルシウム チョコ風味 140g,"Thực phẩm chức năng, Mẹ và bé",Nháp,160,22x16x5,Trung bình,Suy luận tương đương: Ước túi bột theo khối lượng tịnh/bao bì mềm.,
2005,Ngũ cốc trái cây Calbee Frugra 700g,カルビー フルグラ 700g,Thực phẩm & đồ uống,Đang bán,710,26.2x19.8x8.6,Cao,Nguồn bán hàng: Khối lượng và kích thước lấy từ trang bán hàng đã liên kết.,
2006,Bột trà sữa Matcha Milk Nhật Bản,抹茶ミルク 粉末 200g,Thực phẩm & đồ uống,Đang bán,200,18x15x12,Cao,Nguồn bán hàng: Khối lượng và kích thước lấy từ trang bán hàng đã liên kết.,
2007,Bột uống Collagen Meiji Amino Collagen 196g,明治 アミノコラーゲン プレミアム 196g,Thực phẩm chức năng,Đang bán,196,17.2x9.7x5.6,Cao,Nguồn bán hàng: Khối lượng và kích thước lấy từ trang bán hàng đã liên kết.,
2008,Chai xịt giảm đau Air Salonpas Nhật Bản,久光製薬 エアーサロンパスジェットα 300mL,Tủ thuốc gia đình,Đang bán,280,19.4x5.5x5.4,Cao,Nguồn bán hàng: Khối lượng và kích thước lấy từ trang bán hàng đã liên kết.,
2009,Cọ rửa mặt lông mềm Nhật Bản,洗顔ブラシ やわらか毛 日本製,Dụng cụ làm đẹp,Nháp,60,13x6x4,Trung bình,Suy luận tương đương: Ước cọ rửa mặt lông mềm trong hộp/vỉ bán lẻ.,
2011,"Dầu gội Head Spa (HS) cho tóc dầu, da đầu ngứa",h&s for men 薬用シャンプー ボリュームアップ 370mL,Chăm sóc tóc,Đang bán,370,21.2x7.4x4.6,Cao,Nguồn bán hàng: Khối lượng và kích thước lấy từ trang bán hàng đã liên kết.,
2012,"Set dầu gội, dầu xả và sữa tắm Dove Nhật Bản (set 2 / set 3)",ダヴ モイスチャーケア コンディショナー ポンプ 500g,"Chăm sóc tóc, Chăm sóc body",Đang bán,,22.5x6.7x6.6,Cao,Amazon.co.jp (梱包サイズ / 商品の重量 trên trang sản phẩm đã liên kết),thiếu khối lượng
2014,Dầu tẩy trang DHC Deep Cleansing Oil 70ml,DHC ディープクレンジングオイル 70mL,Sữa rửa mặt & tẩy trang,Đang bán,113,17.5x4.8x4.1,Cao,Nguồn bán hàng: Khối lượng và kích thước lấy từ trang bán hàng đã liên kết.,
2015,Dầu tẩy trang Muji Cleansing Oil,無印良品 マイルドオイルクレンジング 200mL,Sữa rửa mặt & tẩy trang,Đang bán,240,18.2x4.5x4.4,Cao,Nguồn bán hàng: Khối lượng và kích thước lấy từ trang bán hàng đã liên kết.,
2017,Dung dịch vệ sinh phụ nữ pH Japan Premium 150ml,pH JAPAN プレミアム フェミニンウォッシュ 150mL,Sức khỏe phụ nữ,Đang bán,370,18.4x14.8x4.4,Cao,Nguồn bán hàng: Khối lượng và kích thước lấy từ trang bán hàng đã liên kết.,
2018,Viên uống King Fucoidan & Agaricus 120 viên,キングフコイダン＆アガリクス 120粒,"Tủ thuốc gia đình, Thực phẩm chức năng",Nháp,100,11x7x6,Thấp,Suy luận quy cách: Ước theo số viên/gói nếu tên có nêu; nếu thiếu quy cách dùng cỡ bao bì thực phẩm bổ sung tương đương.,
2019,Tinh chất dưỡng sáng da Genoptics Aura Essence,SK-II ジェノプティクス インフィニットオーラ エッセンス 50mL,Dưỡng da mặt,Đang bán,160,12x4.8x4.7,Cao,Nguồn bán hàng: Khối lượng và kích thước lấy từ trang bán hàng đã liên kết.,
2020,Trà giảm cân Night Diet Tea Orihiro Nhật Bản,オリヒロ ナイトダイエットティー 2g×20包,"Giảm cân, Thực phẩm chức năng",Đang bán,2,21.7x13.2x3.3,Cao,Nguồn bán hàng: Khối lượng và kích thước lấy từ trang bán hàng đã liên kết.,khối lượng quá nhỏ
2021,Kem dưỡng mắt Kose Sekkisei,コーセー 雪肌精 アイクリーム N 20g,Chăm sóc mắt,Đang bán,,12x9x6,Cao,Amazon.co.jp (梱包サイズ / 商品の重量 trên trang sản phẩm đã liên kết),thiếu khối lượng
2022,Sữa tắm dưỡng trắng Manis White Body Soap 450ml,マニス ホワイトボディシャンプー 450mL,Chăm sóc body,Nháp,550,21x9x7,Trung bình,Suy luận quy cách: Ước chai/tuýp chăm sóc cá nhân từ dung tích ghi trong tên hoặc quy cách phổ biến.,
2025,Kem chống nắng Biore UV Aqua Rich Watery Gel 70ml,花王 ビオレUV アクアリッチ ウォータリージェル 70g,Chống nắng,Đang bán,70,6x3x2,Cao,Nguồn bán hàng: Khối lượng và kích thước lấy từ trang bán hàng đã liên kết.,
2026,Kem chống nắng Kanebo Allie Chrono Beauty Gel UV EX 90g,アリィー クロノビューティ ジェルUV EX 90g,Chống nắng,Đang bán,90,2.4x2.4x2.4,Cao,Nguồn bán hàng: Khối lượng và kích thước lấy từ trang bán hàng đã liên kết.,
2027,Kem chống nắng Shiseido Hada Senka,資生堂 専科 ミネラルウォーターでつくったUVジェル SPF50 40mL,Chống nắng,Nháp,120,18x6x4,Trung bình,"Suy luận tương đương: Ước từ khối lượng/dung tích ghi trong tên nếu có, cộng vỏ và hộp bán lẻ.",
2028,Kem chống nắng SK-II Cellumination Day Surge UV SPF30 50g,SK-II セルミネーション デイサージ UV SPF30 50g,Chống nắng,Nháp,80,18x6x4,Trung bình,"Suy luận quy cách: Ước từ khối lượng/dung tích ghi trong tên nếu có, cộng vỏ và hộp bán lẻ.",
2029,Kem chống nhăn vùng mắt và khoé miệng Hada Labo,肌ラボ 極潤プレミアム ヒアルロンアイクリーム 20g,Chăm sóc mắt,Đang bán,20,19x7.5x2.5,Cao,Nguồn bán hàng: Khối lượng và kích thước lấy từ trang bán hàng đã liên kết.,
2030,Kem dưỡng da Aloins Nhật Bản,アロインス ロカイレイ 全身薬用クリーム 185g,Dưỡng da mặt,Đang bán,260,9x9x7,Cao,Nguồn bán hàng: Khối lượng và kích thước lấy từ trang bán hàng đã liên kết.,
2031,Kem dưỡng da ban đêm Shiseido Elixir Enriched Cream,資生堂 エリクシール シュペリエル エンリッチドクリーム TB 45g,Dưỡng da mặt,Đang bán,170,0.7x0.7x0.7,Cao,Amazon.co.jp (梱包サイズ / 商品の重量 trên trang sản phẩm đã liên kết),
2032,Kem dưỡng chống lão hoá Collana La Avenir Cream EX,コラーナ ラ・アヴェニール クリームEX 50g,Dưỡng da mặt,Nháp,120,18x6x4,Trung bình,"Suy luận tương đương: Ước từ khối lượng/dung tích ghi trong tên nếu có, cộng vỏ và hộp bán lẻ.",
2033,Kem dưỡng da SK-II LXP Ultimate Perfecting Cream,SK-II LXP アルティメイト パーフェクティング クリーム 50g,Dưỡng da mặt,Nháp,120,18x6x4,Trung bình,"Suy luận tương đương: Ước từ khối lượng/dung tích ghi trong tên nếu có, cộng vỏ và hộp bán lẻ.",
2034,Kem dưỡng da tay Kose Coenrich Q10 Whitening Medicated,コーセー コエンリッチQ10 薬用ホワイトニング ハンドクリーム ディープモイスチュア 80g,Chăm sóc body,Đang bán,90,14x5.6x3.2,Cao,Nguồn bán hàng: Khối lượng và kích thước lấy từ trang bán hàng đã liên kết.,
2035,Kem dưỡng da tay Q10,コーセー コエンリッチQ10 薬用エクストラガード ハンドクリーム 80g,Chăm sóc body,Đang bán,90,14x5.5x3.1,Cao,Nguồn bán hàng: Khối lượng và kích thước lấy từ trang bán hàng đã liên kết.,
2036,Kem dưỡng Kose Grace One Repair Gel (50+) 100g,コーセー グレイスワン 濃潤リペアジェル EX 100g,"Sức khỏe phụ nữ, Dưỡng da mặt",Đang bán,100,7.7x7.4x7.1,Cao,Nguồn bán hàng: Khối lượng và kích thước lấy từ trang bán hàng đã liên kết.,
2037,Kem dưỡng đêm Shiseido Elixir White Reset Brightenist,資生堂 エリクシール ホワイト リセット ブライトニスト 40g,Dưỡng da mặt,Nháp,120,18x6x4,Trung bình,"Suy luận tương đương: Ước từ khối lượng/dung tích ghi trong tên nếu có, cộng vỏ và hộp bán lẻ.",
2038,Kem dưỡng SK-II Cellumination Deep Surge EX 50g,SK-II セルミネーション ディープ サージ EX 50g,Dưỡng da mặt,Nháp,80,18x6x4,Trung bình,"Suy luận quy cách: Ước từ khối lượng/dung tích ghi trong tên nếu có, cộng vỏ và hộp bán lẻ.",
2039,Kem dưỡng Hada Labo UV White Gel 7 trong 1,肌ラボ 極潤 UVホワイトゲル 90g,"Chống nắng, Dưỡng da mặt",Đang bán,50,10x5.5x5.5,Cao,Nguồn bán hàng: Khối lượng và kích thước lấy từ trang bán hàng đã liên kết.,
2040,Kem dưỡng Kanebo Freshel 5 in 1 dạng gel,フレッシェル アクアモイスチャージェル モイスト N 80g,Dưỡng da mặt,Đang bán,160,7x7x6.8,Cao,Nguồn bán hàng: Khối lượng và kích thước lấy từ trang bán hàng đã liên kết.,
2041,Kem dưỡng làm trắng One Day Brightener,セラ ワンデイブライトナー 120mL,Dưỡng da mặt,Nháp,120,18x6x4,Trung bình,"Suy luận tương đương: Ước từ khối lượng/dung tích ghi trong tên nếu có, cộng vỏ và hộp bán lẻ.",
2042,Kem dưỡng mắt chống lão hoá SK-II R.N.A. Power Eye Cream,SK-II スキンパワー アイプラス ラインフィラー クリーム 15g,"Chăm sóc mắt, Dưỡng da mặt",Đang bán,200,7x7x5.2,Cao,Nguồn bán hàng: Khối lượng và kích thước lấy từ trang bán hàng đã liên kết.,
2043,Kem dưỡng mắt Kose Hadakiwami,コーセー 肌極 目もとふっくらアイクリーム 20g,Chăm sóc mắt,Nháp,120,18x6x4,Trung bình,"Suy luận tương đương: Ước từ khối lượng/dung tích ghi trong tên nếu có, cộng vỏ và hộp bán lẻ.",
2044,Kem dưỡng trắng da Instawhite,明色化粧品 インスタホワイト トーンアップクリーム 50g,Dưỡng da mặt,Nháp,120,18x6x4,Trung bình,"Suy luận tương đương: Ước từ khối lượng/dung tích ghi trong tên nếu có, cộng vỏ và hộp bán lẻ.",
2045,Kem dưỡng trắng da nhau thai Meishoku Placenta Whitening Cream 55g,明色 プラセホワイター 薬用美白エッセンスクリーム 55g,Dưỡng da mặt,Đang bán,110,18x9.3x6,Cao,Nguồn bán hàng: Khối lượng và kích thước lấy từ trang bán hàng đã liên kết.,
2047,Kem đánh răng trẻ em Lion,ライオン こどもハミガキ いちご 40g,"Chăm sóc răng miệng, Mẹ và bé",Đang bán,40,12.7x3.56x0.76,Cao,Nguồn bán hàng: Khối lượng và kích thước lấy từ trang bán hàng đã liên kết.,
2048,Kem dưỡng mắt Sana Nameraka Honpo 20g,なめらか本舗 目元ふっくらクリーム NC 20g,Chăm sóc mắt,Đang bán,1000,31x22x2.5,Cao,Nguồn bán hàng: Khối lượng và kích thước lấy từ trang bán hàng đã liên kết.,
2050,Kem tẩy trang Kose Sekkisei 140g,コーセー 雪肌精 クリアウェルネス クレンジングジェル 140g,Sữa rửa mặt & tẩy trang,Đang bán,140,17.2x5.84x4.83,Cao,Nguồn bán hàng: Khối lượng và kích thước lấy từ trang bán hàng đã liên kết.,
2051,Kem dưỡng trắng body Silky Veil 100g,シルキーヴェイル ボディ用トーンアップクリーム 100g,Chăm sóc body,Nháp,135,18x6x4,Trung bình,"Suy luận quy cách: Ước từ khối lượng/dung tích ghi trong tên nếu có, cộng vỏ và hộp bán lẻ.",
2052,Kem trị rạn da Pigeon dùng trước sinh 110g,ピジョン ボディマッサージクリーム 110g,"Chăm sóc body, Mẹ và bé",Đang bán,110,16.26x5.33x4.06,Cao,Nguồn bán hàng: Khối lượng và kích thước lấy từ trang bán hàng đã liên kết.,
2053,Kem dưỡng mắt Meishoku Placenta Whitening Eye Cream 30g,明色化粧品 プラセホワイター 薬用美白アイクリーム 30g,Chăm sóc mắt,Đang bán,50,18x8.8x2.8,Cao,Nguồn bán hàng: Khối lượng và kích thước lấy từ trang bán hàng đã liên kết.,
2054,Kem trị viêm nang lông Rohto Zaraporo A 35g,ロート製薬 メンソレータム ザラプロA 35g,Chăm sóc body,Nháp,64,18x6x4,Trung bình,"Suy luận quy cách: Ước từ khối lượng/dung tích ghi trong tên nếu có, cộng vỏ và hộp bán lẻ.",
2055,Viên uống IQ No.1 Nhật Bản,IQ No.1 サプリメント,Thực phẩm chức năng,Nháp,90,11x7x6,Thấp,Suy luận tương đương: Ước theo số viên/gói nếu tên có nêu; nếu thiếu quy cách dùng cỡ bao bì thực phẩm bổ sung tương đương.,
2056,Lotion se khít lỗ chân lông Labo Labo,ラボラボ スーパーKEANAローション 200mL,Dưỡng da mặt,Đang bán,300,20x6x6,Cao,Nguồn bán hàng: Khối lượng và kích thước lấy từ trang bán hàng đã liên kết.,
2057,Lotion trị mụn Meishoku Bigansui,明色 美顔水 薬用化粧水 90mL,"Trị mụn, Dưỡng da mặt",Đang bán,240,12.1x5.4x4.4,Cao,Nguồn bán hàng: Khối lượng và kích thước lấy từ trang bán hàng đã liên kết.,
2058,Mặt nạ Kose Clear Turn Essence Mask 32 miếng,コーセー クリアターン 肌ふっくら アイゾーンマスク 32枚,Mặt nạ,Đang bán,70,17.8x15.5x4.3,Cao,Nguồn bán hàng: Khối lượng và kích thước lấy từ trang bán hàng đã liên kết.,
2059,Dầu gội Ichikami Kracie Smooth Care 480ml,クラシエ いち髪 なめらかスムースケア シャンプー 480mL,Dưỡng da mặt,Đang bán,480,20.1x8.2x7,Cao,Nguồn bán hàng: Khối lượng và kích thước lấy từ trang bán hàng đã liên kết.,
2061,Nước thần SK-II Facial Treatment Essence,SK-II フェイシャル トリートメント エッセンス 230mL,Dưỡng da mặt,Đang bán,230,16x7.5x7.5,Cao,Nguồn bán hàng: Khối lượng và kích thước lấy từ trang bán hàng đã liên kết.,
2062,Nước hoa hồng Kose Sekkisei Lotion,コーセー 薬用 雪肌精 化粧水 200mL,Dưỡng da mặt,Đang bán,181,10.16x5.08x5.08,Cao,Nguồn bán hàng: Khối lượng và kích thước lấy từ trang bán hàng đã liên kết.,
2063,Nước súc miệng Propolinse 600ml,プロポリンス マウスウォッシュ ゴールド 600mL,Chăm sóc răng miệng,Đang bán,650,25.1x8x6.9,Cao,Nguồn bán hàng: Khối lượng và kích thước lấy từ trang bán hàng đã liên kết.,
2064,Serum HA Cosme dưỡng ẩm - hàng nội địa Nhật,太陽のアロエ社 ヒアルロン酸 80mL,Dưỡng da mặt,Nháp,120,15x6x5,Trung bình,"Suy luận tương đương: Ước từ khối lượng/dung tích ghi trong tên nếu có, cộng vỏ và hộp bán lẻ.",
2065,Serum Hyaluronic Acid dùng cho lăn kim và dưỡng da Nhật Bản,ヒアルロン酸美容液 ダーマローラー・スキンケア用 100mL,Dưỡng da mặt,Nháp,120,15x6x5,Trung bình,"Suy luận tương đương: Ước từ khối lượng/dung tích ghi trong tên nếu có, cộng vỏ và hộp bán lẻ.",
2066,Serum nhau thai Fracora Placenta Extract 30ml,フラコラ プラセンタエキス原液 30mL,Dưỡng da mặt,Đang bán,86,11.5x4.5x3,Cao,Nguồn bán hàng: Khối lượng và kích thước lấy từ trang bán hàng đã liên kết.,
2067,Son dưỡng có màu DHC,DHC 濃密うるみカラーリップ アプリコット 1.5g,Trang điểm,Đang bán,20,12.4x6.8x1.7,Cao,Nguồn bán hàng: Khối lượng và kích thước lấy từ trang bán hàng đã liên kết.,
2069,Son dưỡng môi DHC Lip Cream 1.5g,DHC 薬用リップクリーム 1.5g,Trang điểm,Đang bán,20,12.6x3.4x2.2,Cao,Nguồn bán hàng: Khối lượng và kích thước lấy từ trang bán hàng đã liên kết.,
2072,Bộ đôi sản phẩm trị mụn trong và ngoài,ライオン ペアA錠＋ペアアクネクリームW ニキビケアセット,Trị mụn,Nháp,250,22x16x6,Thấp,Suy luận tương đương: Ước bộ hai sản phẩm trị mụn trong hộp/túi chung; chưa xác định đúng biến thể.,
2073,Sữa Meiji số 9 800g,明治 ステップ 800g,"Mẹ và bé, Thực phẩm & đồ uống",Đang bán,900,15.9x13.1x12.9,Cao,Nguồn bán hàng: Khối lượng và kích thước lấy từ trang bán hàng đã liên kết.,
2074,Sữa rửa mặt Nhật Bản 20g,日本製 スキンケア ミニ6点セット(洗顔料20g入り),Sữa rửa mặt & tẩy trang,Nháp,47,19x7x5,Trung bình,Suy luận quy cách: Ước chai/tuýp chăm sóc cá nhân từ dung tích ghi trong tên hoặc quy cách phổ biến.,
2075,Sữa rửa mặt Kose Softymo White 150g,コーセー ソフティモ ホワイト 薬用洗顔フォーム 150g,Sữa rửa mặt & tẩy trang,Đang bán,150,20x6x4,Cao,Nguồn bán hàng: Khối lượng và kích thước lấy từ trang bán hàng đã liên kết.,
2076,Sữa rửa mặt Kose Softymo (mẫu 2018),コーセー ソフティモ 洗顔フォーム セラミド 150g,Sữa rửa mặt & tẩy trang,Đang bán,150,19x6.9x4.4,Cao,Nguồn bán hàng: Khối lượng và kích thước lấy từ trang bán hàng đã liên kết.,
2078,Sữa rửa mặt tạo bọt Hada Labo,肌ラボ 極潤 ヒアルロン泡洗顔 本体160mL＋詰め替え140mL,Sữa rửa mặt & tẩy trang,Nháp,530,20.6x18.1x7.4,Cao,Nguồn bán hàng: Khối lượng và kích thước lấy từ trang bán hàng đã liên kết.,
2079,"Sữa rửa mặt Transino dưỡng mịn da, bổ sung collagen",トランシーノ 薬用クリアウォッシュEX 100g,Sữa rửa mặt & tẩy trang,Đang bán,130,15.9x4.8x4.5,Cao,Nguồn bán hàng: Khối lượng và kích thước lấy từ trang bán hàng đã liên kết.,
2080,Sữa rửa mặt chiết xuất hạt ý dĩ Hatomugi,麗白 ハトムギ 薬用洗顔フォーム 130g,Sữa rửa mặt & tẩy trang,Đang bán,130,16.6x6.9x4.4,Cao,Nguồn bán hàng: Khối lượng và kích thước lấy từ trang bán hàng đã liên kết.,
2083,Sữa tắm Hatomugi chiết xuất hạt ý dĩ 800ml,熊野油脂 麗白 ハトムギボディソープ 800mL,Chăm sóc body,Đang bán,500,18.9x7.2x7.2,Cao,"Nguồn bán hàng: Khối lượng và kích thước lấy từ trang bán hàng đã liên kết. — nguồn Amazon nghi sai sản phẩm, cần kiểm tra",
2084,Sữa tắm Shiseido Senka Perfect Whip Bubble,専科 パーフェクトバブル フォーボディー 500mL,Chăm sóc body,Đang bán,600,20.29x10.8x5.89,Cao,Nguồn bán hàng: Khối lượng và kích thước lấy từ trang bán hàng đã liên kết.,
2085,Sữa tắm trắng da White Conc Vitamin C Nhật Bản,ホワイトコンク ボディシャンプーCII 150mL,Chăm sóc body,Đang bán,181,10.41x5.33x3.56,Cao,Nguồn bán hàng: Khối lượng và kích thước lấy từ trang bán hàng đã liên kết.,
2087,Sữa tắm Nhật Bản 380g,ダヴ ボディソープ・シャンプー・コンディショナー 3点セット,Chăm sóc body,Nháp,445,21x9x7,Trung bình,Suy luận quy cách: Ước chai/tuýp chăm sóc cá nhân từ dung tích ghi trong tên hoặc quy cách phổ biến.,
2088,Tẩy tế bào chết Apatheia 300g,アパティア 薬用美白ピーリングゲル プラチナム 300g,Sữa rửa mặt & tẩy trang,Nháp,355,10x10x8,Trung bình,"Suy luận quy cách: Ước từ khối lượng/dung tích ghi trong tên nếu có, cộng vỏ và hộp bán lẻ.",
2089,Serum dạng thanh lăn dưỡng da Nhật Bản,カントリー&ストリーム ナチュラルアイロールオン 15mL,Dưỡng da mặt,Nháp,120,15x6x5,Trung bình,"Suy luận tương đương: Ước từ khối lượng/dung tích ghi trong tên nếu có, cộng vỏ và hộp bán lẻ.",
2090,Nước uống The Collagen Shiseido,資生堂 ザ・コラーゲン ドリンク 50mL×10本,Thực phẩm chức năng,Đang bán,1270,17.9x10.6x7.6,Cao,Nguồn bán hàng: Khối lượng và kích thước lấy từ trang bán hàng đã liên kết.,
2091,Viên uống The Collagen Shiseido Nhật Bản,資生堂 ザ・コラーゲン リュクスリッチ タブレット 126粒,Thực phẩm chức năng,Đang bán,50,12.4x10.7x2.3,Cao,Nguồn bán hàng: Khối lượng và kích thước lấy từ trang bán hàng đã liên kết.,
2093,Viên uống bổ tim Healthy Care Coenzyme Q10 150mg 100 viên,ヘルシーケア コエンザイムQ10 150mg 100カプセル,"Tủ thuốc gia đình, Thực phẩm chức năng",Nháp,90,11x7x6,Thấp,Suy luận quy cách: Ước theo số viên/gói nếu tên có nêu; nếu thiếu quy cách dùng cỡ bao bì thực phẩm bổ sung tương đương.,
2094,Viên uống vitamin cho bà bầu và phụ nữ sau sinh,ネイチャーメイド プレナタル マルチ＋DHA 妊娠・授乳期用,"Sức khỏe phụ nữ, Thực phẩm chức năng",Nháp,90,11x7x6,Thấp,Suy luận tương đương: Ước theo số viên/gói nếu tên có nêu; nếu thiếu quy cách dùng cỡ bao bì thực phẩm bổ sung tương đương.,
2095,Viên uống Nattokinase 2000FU Noguchi 60 viên,野口医学研究所 納豆キナーゼ 2000FU 60粒,"Tủ thuốc gia đình, Thực phẩm chức năng",Đang bán,14,9.3x5x5,Cao,Nguồn bán hàng: Khối lượng và kích thước lấy từ trang bán hàng đã liên kết.,
2096,Viên chống say tàu xe Anerol Nhật Bản,アネロン ニスキャップ 9カプセル,Tủ thuốc gia đình,Đang bán,23,9.6x7.19x3.71,Cao,Nguồn bán hàng: Khối lượng và kích thước lấy từ trang bán hàng đã liên kết.,
2097,Viên uống hỗ trợ phòng ngừa ung thư Nhật Bản,海の精命 高濃度フコイダンサプリメント 180粒,"Tủ thuốc gia đình, Thực phẩm chức năng",Nháp,90,11x7x6,Thấp,Suy luận tương đương: Ước theo số viên/gói nếu tên có nêu; nếu thiếu quy cách dùng cỡ bao bì thực phẩm bổ sung tương đương.,
2099,Thuốc dạ dày Kowa Cabagin α 300 viên,興和 キャベジンコーワα 300錠,Tủ thuốc gia đình,Đang bán,190,11x7x6,Trung bình,Nguồn + suy luận: Ước theo số viên/gói nếu tên có nêu; nếu thiếu quy cách dùng cỡ bao bì thực phẩm bổ sung tương đương.,
2101,Thuốc đặc trị vi khuẩn HP Rabecure 400,エーザイ ラベキュアパック400 7シート（7日分）,Tủ thuốc gia đình,Nháp,90,11x7x6,Thấp,Suy luận tương đương: Ước theo số viên/gói nếu tên có nêu; nếu thiếu quy cách dùng cỡ bao bì thực phẩm bổ sung tương đương.,
2102,Bột hỗ trợ tiêu hoá dạ dày Taisho Kampo 48 gói,大正製薬 大正漢方胃腸薬 48包,Tủ thuốc gia đình,Đang bán,100,10.8x7.8x6,Cao,Nguồn bán hàng: Khối lượng và kích thước lấy từ trang bán hàng đã liên kết.,
2103,Viên uống hỗ trợ điều trị gout,ミナミヘルシーフーズ アンセリン 240粒,"Tủ thuốc gia đình, Thực phẩm chức năng",Đang bán,90,11x7x6,Thấp,Suy luận tương đương: Ước theo số viên/gói nếu tên có nêu; nếu thiếu quy cách dùng cỡ bao bì thực phẩm bổ sung tương đương.,
2104,"Viên uống hỗ trợ phòng ngừa đột quỵ, tai biến",日本製薬工業 牛黄清心元 日薬金丹,"Tủ thuốc gia đình, Thực phẩm chức năng",Nháp,90,11x7x6,Thấp,Suy luận tương đương: Ước theo số viên/gói nếu tên có nêu; nếu thiếu quy cách dùng cỡ bao bì thực phẩm bổ sung tương đương.,
2105,Viên uống hỗ trợ ổn định huyết áp Nhật Bản,摩耶堂製薬 マヤ養命錠 170錠,Tủ thuốc gia đình,Nháp,90,11x7x6,Thấp,Suy luận tương đương: Ước theo số viên/gói nếu tên có nêu; nếu thiếu quy cách dùng cỡ bao bì thực phẩm bổ sung tương đương.,
2106,Viên uống tăng chiều cao GH Creation EX+ 270 viên,エターナル GHクリエーションEX＋ 270粒,Thực phẩm chức năng,Đang bán,195,11.9x6.1x5.8,Cao,Nguồn bán hàng: Khối lượng và kích thước lấy từ trang bán hàng đã liên kết.,
2107,Viên uống tiền đình Ginkgo Leaf DHA-EPA chiết xuất bạch quả,野口医学研究所 イチョウ葉&DHA・EPA 60粒,"Tủ thuốc gia đình, Thực phẩm chức năng",Đang bán,130,9x5x5,Cao,Nguồn bán hàng: Khối lượng và kích thước lấy từ trang bán hàng đã liên kết.,
2108,Viên uống giảm mỡ bụng Rohto Bofutsushosan 372 viên,ロート製薬 ロート防風通聖散錠満量a 372錠,"Giảm cân, Thực phẩm chức năng",Đang bán,184,17x12.8x5,Cao,Nguồn bán hàng: Khối lượng và kích thước lấy từ trang bán hàng đã liên kết.,
2109,Viên uống hỗ trợ giảm đau cho người bệnh ung thư,鎮痛薬 口腔内崩壊錠（がん性疼痛・慢性疼痛用）,Tủ thuốc gia đình,Nháp,90,11x7x6,Thấp,Suy luận tương đương: Ước theo số viên/gói nếu tên có nêu; nếu thiếu quy cách dùng cỡ bao bì thực phẩm bổ sung tương đương.,
2110,Thuốc xịt mũi Nhật Bản,点鼻スプレー（アレルギー性鼻炎・急性鼻炎用）,Tủ thuốc gia đình,Đang bán,90,11x7x6,Thấp,Suy luận tương đương: Ước theo số viên/gói nếu tên có nêu; nếu thiếu quy cách dùng cỡ bao bì thực phẩm bổ sung tương đương.,
2111,Viên uống xương khớp Zeria Chondroitin ZS 270 viên,ゼリア新薬 コンドロイチンZS錠 270錠,"Tủ thuốc gia đình, Thực phẩm chức năng",Đang bán,59,11.4x5.9x5.9,Cao,Nguồn bán hàng: Khối lượng và kích thước lấy từ trang bán hàng đã liên kết.,
2112,Kem đánh răng muối Sunstar 170g,サンスター 薬用メディカ つぶつぶ塩 170g,Thực phẩm chức năng,Đang bán,200,11x3.5x3,Cao,Nguồn bán hàng: Khối lượng và kích thước lấy từ trang bán hàng đã liên kết.,
2113,Tinh chất nâng cơ chống nhăn Shiseido Elixir Enriched Serum,資生堂 エリクシール シュペリエル エンリッチドセラム CB 35mL,Dưỡng da mặt,Đang bán,35,20x10.9x3.1,Cao,"Nguồn bán hàng: Khối lượng và kích thước lấy từ trang bán hàng đã liên kết. — nguồn Amazon nghi sai sản phẩm, cần kiểm tra",
2114,Viên tỏi đen Orihiro Nhật Bản 180 viên,オリヒロ 醗酵黒にんにく香醋 180粒,Thực phẩm chức năng,Đang bán,90,16.8x10.3x1.9,Cao,Nguồn bán hàng: Khối lượng và kích thước lấy từ trang bán hàng đã liên kết.,
2116,Trà lúa mạch Itoen Mugicha 54 gói,伊藤園 香り薫るむぎ茶 ティーバッグ 7.5g×54袋,Thực phẩm & đồ uống,Đang bán,8,6x6x6,Cao,Nguồn bán hàng: Khối lượng và kích thước lấy từ trang bán hàng đã liên kết.,
2117,Viên bổ sung nội tiết tố nữ Equelle Nhật Bản,大塚製薬 エクエル エクオール含有食品 112粒,"Sức khỏe phụ nữ, Thực phẩm chức năng",Đang bán,280,21x15.5x9.5,Cao,Nguồn bán hàng: Khối lượng và kích thước lấy từ trang bán hàng đã liên kết.,
2118,Viên uống trị mụn Pair A Nhật Bản 120 viên,ライオン ペアA錠 120錠,"Trị mụn, Tủ thuốc gia đình",Nháp,100,11x7x6,Thấp,Suy luận quy cách: Ước theo số viên/gói nếu tên có nêu; nếu thiếu quy cách dùng cỡ bao bì thực phẩm bổ sung tương đương.,
2119,Viên uống bổ khớp Q&P Kowa Chondroizer 90 viên,興和 キューピーコーワ コンドロイザーα 90錠,Thực phẩm chức năng,Đang bán,78,9.4x4.4x4.4,Cao,Nguồn bán hàng: Khối lượng và kích thước lấy từ trang bán hàng đã liên kết.,
2121,Viên uống bổ não DHA EPA Orihiro Nhật Bản 180 viên,オリヒロ DHA・EPA 180粒,Thực phẩm chức năng,Đang bán,260,12.2x6.3x6.3,Cao,Nguồn bán hàng: Khối lượng và kích thước lấy từ trang bán hàng đã liên kết.,
2122,Viên uống bổ sung canxi CBP tăng chiều cao DHC vị sữa,DHC コツプレミアムCBP 30粒,Thực phẩm chức năng,Đang bán,20,16.8x9.7x0.8,Cao,Nguồn bán hàng: Khối lượng và kích thước lấy từ trang bán hàng đã liên kết.,
2123,Viên uống hỗ trợ giảm cân DHC 20 ngày,DHC カルニチン 20日分 100粒,"Giảm cân, Thực phẩm chức năng",Đang bán,90,17x10x2,Thấp,Suy luận tương đương: Ước theo số viên/gói nếu tên có nêu; nếu thiếu quy cách dùng cỡ bao bì thực phẩm bổ sung tương đương.,
2126,Viên uống nhau thai cừu EX Placenta 120 viên,ムコ・サルースEX 120粒,Thực phẩm chức năng,Đang bán,100,15x12.5x5.2,Cao,Nguồn bán hàng: Khối lượng và kích thước lấy từ trang bán hàng đã liên kết.,
2128,Viên uống sụn vi cá mập Orihiro 360 viên,オリヒロ 深海ザメエキスカプセル 徳用 360粒,Thực phẩm chức năng,Đang bán,410,13.3x7x7,Cao,Nguồn bán hàng: Khối lượng và kích thước lấy từ trang bán hàng đã liên kết.,
2129,Viên uống tiền mãn kinh Kobayashi Inochi no Haha A 420 viên,小林製薬 命の母A 420錠,"Sức khỏe phụ nữ, Thực phẩm chức năng",Đang bán,181,9.3x5.51x5.51,Cao,"Nguồn bán hàng: Khối lượng và kích thước lấy từ trang bán hàng đã liên kết. — nguồn Amazon nghi sai sản phẩm, cần kiểm tra",
2130,Viên uống tiền mãn kinh Kobayashi 840 viên,小林製薬 命の母A 840錠,"Sức khỏe phụ nữ, Thực phẩm chức năng",Đang bán,360,12.8x7.2x7.2,Cao,Nguồn bán hàng: Khối lượng và kích thước lấy từ trang bán hàng đã liên kết.,
2131,Viên uống trắng da Transino White C,トランシーノ ホワイトCクリア 240錠,"Dưỡng da mặt, Thực phẩm chức năng",Đang bán,259,11.99x5.89x5.89,Cao,Nguồn bán hàng: Khối lượng và kích thước lấy từ trang bán hàng đã liên kết.,
2132,Viên uống trắng da Vita White Plus C.E.B2 240 viên,皇漢堂製薬 ビタホワイトプラス「クニヒロ」 240錠,"Dưỡng da mặt, Thực phẩm chức năng",Nháp,160,11x7x6,Thấp,Suy luận quy cách: Ước theo số viên/gói nếu tên có nêu; nếu thiếu quy cách dùng cỡ bao bì thực phẩm bổ sung tương đương.,
2134,Viên uống vitamin tổng hợp DHC Multi Vitamin 60 ngày,DHC マルチビタミン 60粒,Thực phẩm chức năng,Đang bán,41,17x12x2,Cao,Nguồn bán hàng: Khối lượng và kích thước lấy từ trang bán hàng đã liên kết.,
2135,Viên uống vitamin bầu Pigeon bổ sung axit folic và canxi 60 viên,ピジョン 葉酸カルシウムプラス 60粒,"Mẹ và bé, Thực phẩm chức năng",Đang bán,20,15.6x8.6x1.2,Cao,Nguồn bán hàng: Khối lượng và kích thước lấy từ trang bán hàng đã liên kết.,
2136,Viên uống trắng da DHC Vitamin C,DHC ビタミンC ハードカプセル 60日分 120粒,Thực phẩm chức năng,Đang bán,150,19.4x16.8x2.1,Cao,Nguồn bán hàng: Khối lượng và kích thước lấy từ trang bán hàng đã liên kết.,
2137,Viên uống Vitamin D và Calcium hỗ trợ hấp thụ canxi,Ostelin カルシウム＆ビタミンD3 タブレット,Thực phẩm chức năng,Nháp,90,11x7x6,Thấp,Suy luận tương đương: Ước theo số viên/gói nếu tên có nêu; nếu thiếu quy cách dùng cỡ bao bì thực phẩm bổ sung tương đương.,
2138,Xà phòng trị thâm mông Pelican For Back 135g,ペリカン石鹸 薬用石鹸 ForBack 135g,"Trị mụn, Sữa rửa mặt & tẩy trang",Đang bán,135,13x6x2.5,Cao,Nguồn bán hàng: Khối lượng và kích thước lấy từ trang bán hàng đã liên kết.,
2139,Bột Canxi Cá Tuyết Kizz Kids Calcium Vị Socola 140g,ファイン 骨キッズ カルシウム チョコレート風味 140g,Thực phẩm chức năng,Đang bán,150,18.2x16x6.5,Cao,Nguồn bán hàng: Khối lượng và kích thước lấy từ trang bán hàng đã liên kết.,
2140,Phấn Nền Chống Nắng Anessa All-In-One Beauty Pact SPF50+,アネッサ オールインワン ビューティーパクト レフィル 2 10g,Chống nắng,Đang bán,30,14.8x10x2.6,Cao,Nguồn bán hàng: Khối lượng và kích thước lấy từ trang bán hàng đã liên kết.,
2141,Viên Nhai Canxi Takeda New Calcium D3 Vị Sữa Chua 100 Viên,アリナミン製薬 新カルシチュウD3 ヨーグルト味 100錠,Thực phẩm chức năng,Nháp,83,17x10x2,Thấp,Suy luận tương đương: Ước theo số viên/gói nếu tên có nêu; nếu thiếu quy cách dùng cỡ bao bì thực phẩm bổ sung tương đương.,
2142,Viên Uống Nature Made Super Calcium 600mg Với Vitamin D3 120 Viên,大塚製薬 ネイチャーメイド スーパーカルシウム 120粒,Thực phẩm chức năng,Đang bán,222,10.9x5.5x5.4,Cao,Nguồn bán hàng: Khối lượng và kích thước lấy từ trang bán hàng đã liên kết.,
2143,Viên Uống Canxi Tăng Chiều Cao Kokando CBP,カルシウム＋CBP サプリメント,Thực phẩm chức năng,Đang bán,90,11x7x6,Thấp,Suy luận tương đương: Ước theo số viên/gói nếu tên có nêu; nếu thiếu quy cách dùng cỡ bao bì thực phẩm bổ sung tương đương.,
2144,Viên Uống Xương Khớp Glucosamine MSM 1500mg 480 Viên,グルコサミン＆MSM 1500mg 480粒,Thực phẩm chức năng,Nháp,410,16x10x10,Thấp,Suy luận tương đương: Ước theo số viên/gói nếu tên có nêu; nếu thiếu quy cách dùng cỡ bao bì thực phẩm bổ sung tương đương.,
2145,Viên Uống Tinh Bột Nghệ Noguchi 60 Viên,野口医学研究所 濃縮秋ウコン＋春ウコン 60粒,Thực phẩm chức năng,Nháp,61,17x10x2,Thấp,Suy luận tương đương: Ước theo số viên/gói nếu tên có nêu; nếu thiếu quy cách dùng cỡ bao bì thực phẩm bổ sung tương đương.,
2146,Nước Hoa Hồng Aqualabel Shiseido,資生堂 アクアレーベル トリートメントローション ブライトニング しっとり 170mL,Dưỡng da mặt,Đang bán,240,1.8x0.5x0.5,Cao,Amazon.co.jp (梱包サイズ / 商品の重量 trên trang sản phẩm đã liên kết),
2147,Viên Uống Bổ Não Asahi Schwabe Ginkgo Leaf Extract,アサヒグループ食品 シュワーベギンコ 120 EX 60粒,Thực phẩm chức năng,Đang bán,90,8.7x5.4x4.8,Cao,Nguồn bán hàng: Khối lượng và kích thước lấy từ trang bán hàng đã liên kết.,
2148,Viên Uống Bổ Gan Hepalyse Plus II 180 Viên,ゼリア新薬 ヘパリーゼプラスII 180錠,Thực phẩm chức năng,Đang bán,204,10.01x5.51x5.51,Cao,Nguồn bán hàng: Khối lượng và kích thước lấy từ trang bán hàng đã liên kết.,
2149,Viên Uống Bổ Gan Liver Extract Ornithine 90 Viên,ファイン 金のしじみウコン 肝臓エキス 90粒,Thực phẩm chức năng,Đang bán,59,18.5x11.7x1.7,Cao,Nguồn bán hàng: Khối lượng và kích thước lấy từ trang bán hàng đã liên kết.,
2150,Nước Uống Bổ Gan Hepalyse Hi Plus 50ml X 10 Chai,ゼリア新薬 ヘパリーゼHiプラス 50mL 10本入,Thực phẩm chức năng,Đang bán,1400,17.6x11.2x7.29,Cao,Nguồn bán hàng: Khối lượng và kích thước lấy từ trang bán hàng đã liên kết.,
2151,Viên Uống Chống Nắng UV Plus Block 100,UV Plus＋ Block100 飲む日焼け対策サプリメント,Chống nắng,Nháp,90,11x7x6,Thấp,Suy luận tương đương: Ước theo số viên/gói nếu tên có nêu; nếu thiếu quy cách dùng cỡ bao bì thực phẩm bổ sung tương đương.,
2152,Serum NMN Bạc 60ml,CAPITOLO NMN美容液 Luxury Serum 60mL,Dưỡng da mặt,Đang bán,175,12x9x4.5,Cao,Nguồn bán hàng: Khối lượng và kích thước lấy từ trang bán hàng đã liên kết.,
2153,Nước Hồng Sâm Hong Sam Won,正官庄 ホンサムウォン 紅参ドリンク 50ml×30袋,Thực phẩm & đồ uống,Nháp,650,23x9x8,Thấp,Suy luận tương đương: Ước đồ uống đóng chai/hộp từ dung tích; nếu tên không có dung tích dùng chai phổ biến 500 ml.,
2154,Son Shu Uemura Màu 580 Fullsize,シュウ ウエムラ キヌ ルージュ マット OR 580 3.2mL,Trang điểm,Đang bán,190,20x4.9x4.8,Cao,Nguồn bán hàng: Khối lượng và kích thước lấy từ trang bán hàng đã liên kết.,
2155,Viên Uống Levante NMN22050,レバンテプレミアム NMN サプリメント 22050mg 90粒,Thực phẩm chức năng,Đang bán,72,9.5x5x5,Cao,Nguồn bán hàng: Khối lượng và kích thước lấy từ trang bán hàng đã liên kết.,
2156,Viên Uống Hỗ Trợ Xương Khớp Nhện 270 Viên,ゼリア新薬 コンドロイチンZS錠 270錠,Thực phẩm chức năng,Nháp,220,11x7x6,Thấp,Suy luận tương đương: Ước theo số viên/gói nếu tên có nêu; nếu thiếu quy cách dùng cỡ bao bì thực phẩm bổ sung tương đương.,
2157,Kem Mắt Elixir Shiseido Retinol 22g,資生堂 エリクシール レチノパワー リンクルクリーム L 22g,Chăm sóc mắt,Đang bán,50,19x18.3x2.7,Cao,Nguồn bán hàng: Khối lượng và kích thước lấy từ trang bán hàng đã liên kết.,
2158,Set Dao Inox Global Nhật Bản,グローバル 三徳 包丁3点セット GST-B46,Nhà cửa & đời sống,Đang bán,350,,Cao,Amazon.co.jp (梱包サイズ / 商品の重量 trên trang sản phẩm đã liên kết),thiếu kích thước
2159,Đồng Hồ Nữ Casio Collection LTP-1177A-2AJH Màu Xanh,カシオ 腕時計 カシオコレクション LTP-1177A-2AJH レディース,Đồng hồ,Đang bán,46,14.6x5.5x2.4,Cao,Nguồn bán hàng: Khối lượng và kích thước lấy từ trang bán hàng đã liên kết.,
2160,Đồng Hồ Nữ Casio Collection LTP-1177A-4A1JH Màu Hồng,カシオ コレクション LTP-1177A-4A1JH レディース腕時計,Đồng hồ,Đang bán,46,14.7x5.6x2.4,Cao,"Nguồn bán hàng: Khối lượng và kích thước lấy từ trang bán hàng đã liên kết. — nguồn Amazon nghi sai sản phẩm, cần kiểm tra",
2161,Kem Chống Nắng Elixir Tone Up,資生堂 エリクシール デーケアレボリューション トーンアップ BE+ 35g,Chống nắng,Đang bán,80,19.1x4.1x3,Cao,Nguồn bán hàng: Khối lượng và kích thước lấy từ trang bán hàng đã liên kết.,
2162,"Chăn Lông Muji Xuất Nhật 2,2 X 2,3m",無印良品 毛布 220×230cm,Nhà cửa & đời sống,Nháp,2200,45x35x18,Thấp,"Suy luận tương đương: Ước theo chăn lông 2,2 × 2,3 m, gấp và ép túi.",
2163,Chì Kẻ Lông Mày 3 Trong 1 Picomonte 3 Way Eye Brow,ピコモンテ・ジャパン 3WAYアイブロウ ダークブラウン,Trang điểm,Đang bán,30,19.6x7.9x2.2,Cao,Nguồn bán hàng: Khối lượng và kích thước lấy từ trang bán hàng đã liên kết.,
2164,Viên Uống Bổ Gan Hepalyse GX 360 Viên,ゼリア新薬 ヘパリーゼGX 360錠,Thực phẩm chức năng,Đang bán,400,13.3x6.6x6.6,Cao,Nguồn bán hàng: Khối lượng và kích thước lấy từ trang bán hàng đã liên kết.,
2165,DHA Koplina Kids Vị Cam,コプリナ キッズDHA オレンジ風味 180粒,Mẹ và bé,Đang bán,22,19x12x1,Cao,Nguồn bán hàng: Khối lượng và kích thước lấy từ trang bán hàng đã liên kết.,
2166,Sữa Tắm Lux Celestial Escape 300g,ラックス セレスティアル エスケープ ボディソープ 300g 3個セット,Chăm sóc body,Đang bán,360,9.3x8.9x6.7,Cao,"Nguồn bán hàng: Khối lượng và kích thước lấy từ trang bán hàng đã liên kết. — nguồn Amazon nghi sai sản phẩm, cần kiểm tra",
2167,Viên Uống Vitamin Tổng Hợp Cho Bà Bầu Pigeon 60 Viên,ピジョン 葉酸プラス 60粒,Mẹ và bé,Đang bán,20,15.8x10.8x1.1,Cao,Nguồn bán hàng: Khối lượng và kích thước lấy từ trang bán hàng đã liên kết.,
2168,Tẩy Tế Bào Chết Botanical Nhật Bản,BOTANICAL PEEL ボタニカルピール Level3 ハーブピーリング 1個,Sữa rửa mặt & tẩy trang,Đang bán,120,18x6x4,Trung bình,"Suy luận tương đương: Ước từ khối lượng/dung tích ghi trong tên nếu có, cộng vỏ và hộp bán lẻ.",
2169,Kem Đánh Răng Lion Nhật Bản,ライオン デントチェックアップ スタンダード 135g,Chăm sóc răng miệng,Nháp,300,19.3x14.8x4.4,Cao,Nguồn bán hàng: Khối lượng và kích thước lấy từ trang bán hàng đã liên kết.,
2170,Viên Uống Bổ Não Maruman Ginkgo Biloba,マルマン イチョウ葉エキス 200粒,Thực phẩm chức năng,Đang bán,240,11.9x6.2x6,Cao,Nguồn bán hàng: Khối lượng và kích thước lấy từ trang bán hàng đã liên kết.,
2171,"Đồng Hồ Nữ Casio Dây Nhựa 42,8mm",カシオ 腕時計 カシオコレクション LRW-200H-7BJF レディース,Đồng hồ,Đang bán,25,14.8x5.5x3.6,Cao,Nguồn bán hàng: Khối lượng và kích thước lấy từ trang bán hàng đã liên kết.,
2172,Sữa Dinh Dưỡng Người Lớn Nhật Bản,大人用 栄養補助ミルク,Thực phẩm & đồ uống,Nháp,950,18x14x14,Trung bình,Suy luận tương đương: Ước lon/túi sữa bột cỡ 800 g.,
2173,Socola Tươi Nama Nhật Bản,チュベ・ド・ショコラ くちどけ生ショコラ 500g,Thực phẩm & đồ uống,Nháp,500,,Cao,Amazon.co.jp (梱包サイズ / 商品の重量 trên trang sản phẩm đã liên kết),thiếu kích thước
2174,Sữa Bột Dinh Dưỡng Người Cao Tuổi Morinaga,森永乳業 大人の粉ミルク ミルク生活プラス 300g,Thực phẩm & đồ uống,Đang bán,300,20x18x9,Cao,Nguồn bán hàng: Khối lượng và kích thước lấy từ trang bán hàng đã liên kết.,
2175,Bột Matcha Gokugoku Nhật Bản,天然生活 有機宇治緑茶パウダー 100g,Thực phẩm & đồ uống,Đang bán,90,22.2x10.5x2.6,Cao,Nguồn bán hàng: Khối lượng và kích thước lấy từ trang bán hàng đã liên kết.,
2176,Kem Chống Nắng Anessa Gel Nâng Tông Trắng Hồng,アネッサ ブライトニングUV ジェル NA 40g,Chống nắng,Đang bán,70,14.4x5.8x3.1,Cao,Nguồn bán hàng: Khối lượng và kích thước lấy từ trang bán hàng đã liên kết.,
2177,Sữa Dinh Dưỡng Trẻ Em Nhật Bản,子ども用 栄養補助ミルク,Mẹ và bé,Nháp,950,18x14x14,Trung bình,Suy luận tương đương: Ước lon/túi sữa bột cỡ 800 g.,
2178,Viên Uống Blackmores Sugar Balance 90 Viên,ブラックモアズ シュガーバランス 90錠,Thực phẩm chức năng,Nháp,78,17x10x2,Thấp,Suy luận tương đương: Ước theo số viên/gói nếu tên có nêu; nếu thiếu quy cách dùng cỡ bao bì thực phẩm bổ sung tương đương.,
2179,Bộ 3 Chăm Sóc Da Elixir Shiseido,資生堂 エリクシール ブライトニング トライアルセット 30mL+30mL,Dưỡng da mặt,Đang bán,120,15.5x7.1x3.4,Cao,Nguồn bán hàng: Khối lượng và kích thước lấy từ trang bán hàng đã liên kết.,
2180,Viên Uống Bổ Mắt Noguchi Blueberry & Lutein,野口医学研究所 ブルーベリー&ルテイン 60粒,Thực phẩm chức năng,Đang bán,130,9.3x5.2x5.2,Cao,Nguồn bán hàng: Khối lượng và kích thước lấy từ trang bán hàng đã liên kết.,
2181,Viên Uống Hỗ Trợ Tuần Hoàn Maruman Nattokinase 4200FU DHA EPA,マルマン 納豆キナーゼ4200FU 120粒,Thực phẩm chức năng,Đang bán,160,10.9x6x5.9,Cao,Nguồn bán hàng: Khối lượng và kích thước lấy từ trang bán hàng đã liên kết.,
2182,Sữa Tăng Cơ Meiji Savas Protein 100 các vị,明治 ザバス ソイプロテイン100 ココア味 920g,Thực phẩm & đồ uống,Đang bán,920,31.4x25x10.5,Cao,Nguồn bán hàng: Khối lượng và kích thước lấy từ trang bán hàng đã liên kết.,
2183,Viên Uống Hỗ Trợ Nám Và Làm Sáng Da Nhật Bản,シミ・肝斑ケア 美容サプリメント,Dưỡng da mặt,Nháp,90,11x7x6,Thấp,Suy luận tương đương: Ước theo số viên/gói nếu tên có nêu; nếu thiếu quy cách dùng cỡ bao bì thực phẩm bổ sung tương đương.,
2184,Áo Phông Uniqlo Size M,ユニクロ UT ドラゴンボール Tシャツ Mサイズ,Thời trang,Đang bán,189,26.5x18x1.4,Cao,Nguồn bán hàng: Khối lượng và kích thước lấy từ trang bán hàng đã liên kết.,
2186,Đồng Hồ Casio Standard LRW-200H Màu Đen,カシオ スタンダード LRW-200H-1B レディース腕時計 ブラック,Đồng hồ,Đang bán,25,14.9x5.6x3.4,Cao,"Nguồn bán hàng: Khối lượng và kích thước lấy từ trang bán hàng đã liên kết. — nguồn Amazon nghi sai sản phẩm, cần kiểm tra",
2187,Nến Thơm Jo Malone,ジョー マローン イングリッシュペアー&フリージア ホームキャンドル 200g,Nhà cửa & đời sống,Đang bán,200,21.4x12.6x9.7,Cao,Nguồn bán hàng: Khối lượng và kích thước lấy từ trang bán hàng đã liên kết.,
2188,Mũ Bucket Chống Thấm Nước Uniqlo,ユニクロ 撥水バケットハット,Thời trang,Đang bán,120,28x24x4,Trung bình,"Đã hiệu chỉnh: Ước mũ vải gấp trong túi. — nguồn Amazon nghi sai sản phẩm, cần kiểm tra",
2189,Kẹp Mi Shiseido,資生堂 アイラッシュカーラー 本体 1個,Dụng cụ làm đẹp,Đang bán,30,13.7x4.7x3.9,Cao,Nguồn bán hàng: Khối lượng và kích thước lấy từ trang bán hàng đã liên kết.,
2191,Nama Socola Matcha Nhật Bản,サロンドロワイヤル 抹茶ボールチョコレート 170g,Thực phẩm & đồ uống,Đang bán,170,18.6x13.5x3.4,Cao,Nguồn bán hàng: Khối lượng và kích thước lấy từ trang bán hàng đã liên kết.,
2192,Nama Socola Au Lait Nhật Bản,明治 チョコレート効果 カカオ86% 大袋 210g,Thực phẩm & đồ uống,Đang bán,210,21.6x20.2x4.3,Cao,Nguồn bán hàng: Khối lượng và kích thước lấy từ trang bán hàng đã liên kết.,
2193,Áo Lông Cừu Uniqlo,ユニクロ フリースフルジップジャケット,Thời trang,Đang bán,650,38x28x10,Thấp,"Đã hiệu chỉnh: Ước áo lông cừu gấp trong túi. — nguồn Amazon nghi sai sản phẩm, cần kiểm tra",
2194,Set Dao Dĩa Thìa Nội Địa Nhật,MGOXO カトラリーセット 北欧風 ステンレス製 30本,Nhà cửa & đời sống,Đang bán,900,28x18x6,Thấp,"Đã hiệu chỉnh: Ước bộ dao, dĩa, thìa trong hộp quà.",
2195,Áo Parka Lông Vũ Dáng Dài Uniqlo Cho Trẻ Em,Kayiyasu キッズ ダウンジャケット ロング丈 120-160,Thời trang,Đang bán,500,25x15x5,Cao,Nguồn bán hàng: Khối lượng và kích thước lấy từ trang bán hàng đã liên kết.,
2196,Sữa Bột Dinh Dưỡng Người Lớn Bean Stalk Ít Lactose,雪印ビーンスターク 大人のための粉ミルク おなかにやさしい 300g,Thực phẩm & đồ uống,Đang bán,410,12.4x10.3x9.9,Cao,Nguồn bán hàng: Khối lượng và kích thước lấy từ trang bán hàng đã liên kết.,
2197,Set Túi Phúc SK-II 5 Món,SK-II ニューイヤー スペシャル トライアルキット 5点セット,Dưỡng da mặt,Đang bán,370,18.2x12.5x5.7,Cao,"Nguồn bán hàng: Khối lượng và kích thước lấy từ trang bán hàng đã liên kết. — nguồn Amazon nghi sai sản phẩm, cần kiểm tra",
2198,Set Kẹo Mochi Nhật Bản 3 Vị 60 Cái,共親製菓 テトラもちあめミックス 3種アソート 500g,Thực phẩm & đồ uống,Đang bán,1200,32x25x12,Thấp,Suy luận tương đương: Ước hộp bánh/kẹo bán lẻ; khối lượng thay đổi theo số lượng và lớp giữ lạnh.,
2199,Túi Charles & Keith Bản Nhật,CHARLES & KEITH レディースバッグ,Thời trang,Nháp,850,36x28x14,Thấp,Suy luận tương đương: Ước túi xách cỡ trung kèm bao/hộp; chưa xác định mẫu cụ thể.,
2200,Bình Giữ Nhiệt Thermos,サーモス 真空断熱ケータイマグ 500mL JNL-S500 オリーブグリーン,Nhà cửa & đời sống,Đang bán,200,,Cao,Amazon.co.jp (梱包サイズ / 商品の重量 trên trang sản phẩm đã liên kết),thiếu kích thước
2201,Viên Uống NMN 68000 Plus 170 Viên,JT-LAB NMN 68000 Plus サプリメント 170粒,Thực phẩm chức năng,Nháp,165,11x7x6,Thấp,Suy luận tương đương: Ước theo số viên/gói nếu tên có nêu; nếu thiếu quy cách dùng cỡ bao bì thực phẩm bổ sung tương đương.,
2202,Viên Uống Hỗ Trợ Tuần Hoàn Orihiro Nattokinase 2000FU,オリヒロ ナットウキナーゼ 60粒,Thực phẩm chức năng,Đang bán,97,8.5x5x5,Cao,Nguồn bán hàng: Khối lượng và kích thước lấy từ trang bán hàng đã liên kết.,
2203,Sữa Bean Stalk Sukoyaka M1 Cho Bé 0-1 Tuổi,雪印ビーンスターク すこやかM1 800g,Mẹ và bé,Đang bán,1020,17.8x13x12.9,Cao,Nguồn bán hàng: Khối lượng và kích thước lấy từ trang bán hàng đã liên kết.,
2204,"Rượu Mơ Takachiho Umeshu 1,8L Tặng 720ml",高千穂酒造 熟成高千穂梅酒 14度 1800mL,Thực phẩm & đồ uống,Đang bán,1000,29x7x7,Cao,"Amazon.co.jp (梱包サイズ / 商品の重量 trên trang sản phẩm đã liên kết) — nguồn Amazon nghi sai sản phẩm, cần kiểm tra",
2205,Giày Nữ First Contact Made In Japan,ファーストコンタクト 厚底パンプス IM49605 レディース,Thời trang,Đang bán,800,31x19x11,Thấp,Đã hiệu chỉnh: Ước một đôi giày nữ trong hộp; kích cỡ thực tế có thể làm thay đổi số đo.,
2206,Dầu Tẩy Trang Fancl,ファンケル マイルドクレンジングオイル 詰め替え用 115mL,Sữa rửa mặt & tẩy trang,Đang bán,110,18x10x3,Cao,Nguồn bán hàng: Khối lượng và kích thước lấy từ trang bán hàng đã liên kết.,
2207,Khẩu Trang Nhật Bản Hộp 53 Cái,日本製 不織布マスク 53枚入,Tủ thuốc gia đình,Nháp,230,21x11x10,Trung bình,Suy luận tương đương: Ước hộp 53 khẩu trang dùng một lần.,
2209,Nước Uống Melsmon Platinum Liquid Placenta,メルスモン プラチナリキッド 10mL×30本,Thực phẩm chức năng,Đang bán,100,11.4x6.5x5.3,Cao,"Nguồn bán hàng: Khối lượng và kích thước lấy từ trang bán hàng đã liên kết. — nguồn Amazon nghi sai sản phẩm, cần kiểm tra",
2210,Kem Dưỡng NMN Cao Cấp Màu Đen 270g,NMN オールインワンゲル ブラック 270g,Dưỡng da mặt,Đang bán,320,10x10x8,Trung bình,"Suy luận quy cách: Ước từ khối lượng/dung tích ghi trong tên nếu có, cộng vỏ và hộp bán lẻ.",
2212,Kem Bôi Da Oronine H Ointment,大塚製薬 オロナインH軟膏 250g,Tủ thuốc gia đình,Đang bán,272,9.4x8x8,Cao,Nguồn bán hàng: Khối lượng và kích thước lấy từ trang bán hàng đã liên kết.,
2213,Viên Uống Purelab NMN 21000mg 90 Viên,"PURELAB NMN サプリメント 21,000mg 90粒",Thực phẩm chức năng,Đang bán,130,9.5x5.4x5.4,Cao,"Nguồn bán hàng: Khối lượng và kích thước lấy từ trang bán hàng đã liên kết. — nguồn Amazon nghi sai sản phẩm, cần kiểm tra",
2214,Khăn Che Mặt Và Cổ Chống Nắng Delling UPF50+,デリング 日本製 フェイスカバー ネックカバー UPF50+,Chống nắng,Đang bán,80,22x15x2,Trung bình,Đã hiệu chỉnh: Ước khăn vải chống nắng gấp trong túi.,
2215,Cặp Chống Gù Randoseru Nhật Bản Cho Học Sinh,協和 ランドセル みんなのともだち 2027年度モデル 05-71700,Thời trang,Đang bán,1300,35x27x22,Trung bình,"Đã hiệu chỉnh: Ước cặp randoseru tiêu chuẩn, chưa tính thùng vận chuyển ngoài.",
2216,Nước Uống Fracora Placenta Extract 150000mg 480ml,フラコラ プラセンタ液150000 480mL,Thực phẩm chức năng,Đang bán,580,23x9x8,Thấp,Suy luận quy cách: Ước đồ uống đóng chai/hộp từ dung tích; nếu tên không có dung tích dùng chai phổ biến 500 ml.,
2217,Nước Uống ReFa Collagen Enrich,ReFa コラーゲンエンリッチ 480mL,Thực phẩm chức năng,Đang bán,360,15.6x8.2x7,Cao,"Nguồn bán hàng: Khối lượng và kích thước lấy từ trang bán hàng đã liên kết. — nguồn Amazon nghi sai sản phẩm, cần kiểm tra",
2218,Viên Uống Baby Support For Boy 90 Viên,ベイビーサポート BSリンカル 男の子用 90粒,Thực phẩm chức năng,Đang bán,60,8x4.3x4.2,Cao,Nguồn bán hàng: Khối lượng và kích thước lấy từ trang bán hàng đã liên kết.,
2219,Viên Uống Baby Support For Girl 90 Viên,ベイビーサポート BSクランベリー 女の子用 90粒,Thực phẩm chức năng,Đang bán,50,8x4.3x4.3,Cao,Nguồn bán hàng: Khối lượng và kích thước lấy từ trang bán hàng đã liên kết.,
2220,Kem Nền Meishoku Moist Labo BB Essence Cream SPF50+,明色化粧品 モイストラボ BBエッセンスクリーム ベージュ 30g,Trang điểm,Đang bán,40,1x1x1,Cao,Amazon.co.jp (梱包サイズ / 商品の重量 trên trang sản phẩm đã liên kết),
2221,Tinh Chất Estée Lauder Advanced Night Repair 50ml,エスティ ローダー アドバンス ナイト リペア SMR コンプレックス 50mL,Dưỡng da mặt,Đang bán,10240,11.43x4.83x4.83,Cao,Amazon.co.jp (梱包サイズ / 商品の重量 trên trang sản phẩm đã liên kết),"khối lượng >5kg, kiểm tra"
2222,Kem Ủ Dưỡng Trắng Revita White EX Pack,Revita ホワイトEXパック ボディ用クリームパック,Chăm sóc body,Nháp,120,18x6x4,Trung bình,"Suy luận tương đương: Ước từ khối lượng/dung tích ghi trong tên nếu có, cộng vỏ và hộp bán lẻ.",
2223,Bao Cao Su Sagami Original 0.01 Hộp 5 Cái,サガミオリジナル001 コンドーム 5個入,Tủ thuốc gia đình,Đang bán,20,12.1x6.7x2.9,Cao,Nguồn bán hàng: Khối lượng và kích thước lấy từ trang bán hàng đã liên kết.,
2224,Mặt Nạ Mitomo 1 Miếng,MITOMO 美友 フェイシャルエッセンスマスク 1枚,Mặt nạ,Nháp,170,21.5x20x0.1,Cao,"Amazon.co.jp (梱包サイズ / 商品の重量 trên trang sản phẩm đã liên kết) — nguồn Amazon nghi sai sản phẩm, cần kiểm tra",
2225,Combo 10 Mặt Nạ Mitomo,ミトモ 美友 ツヤ肌 フェイスマスク 個別包装 10枚セット,Mặt nạ,Đang bán,315,17x15x3,Cao,Nguồn bán hàng: Khối lượng và kích thước lấy từ trang bán hàng đã liên kết.,
2226,Rượu Gin Suntory Roku Select Edition 700ml,サントリー ROKU〈六〉 ジャパニーズクラフトジン 700mL,Thực phẩm & đồ uống,Đang bán,1450,30x9x9,Trung bình,Nguồn + suy luận: 700 ml rượu cộng chai thủy tinh và bao bì bán lẻ.,
2227,"Nước Nhỏ Mắt Sancoba 0,02% 5ml",参天製薬 サンコバ点眼液0.02% 5mL,Tủ thuốc gia đình,Nháp,36,10x4x3,Trung bình,Suy luận quy cách: Ước chai thuốc nhỏ mắt 5 ml và hộp giấy; giữ khối lượng quy cách cũ nếu có.,
2228,Sữa chống nắng Anessa Perfect UV Skincare Milk SPF50+ PA++++ 60ml,アネッサ パーフェクトUV スキンケアミルク NA 60mL,Chống nắng,Đang bán,91,16x6x3,Cao,Nguồn bán hàng: Khối lượng và kích thước lấy từ trang bán hàng đã liên kết.,
2229,Sữa Chống Nắng Anessa Perfect UV Mild Milk 60ml,アネッサ パーフェクトUV マイルドミルク NA 60mL,Chống nắng,Đang bán,90,16x6x3,Cao,Nguồn bán hàng: Khối lượng và kích thước lấy từ trang bán hàng đã liên kết.,
2230,Viên uống Vitamin D3 5000 IU + K2 MK-7 Micro Ingredients 300 viên,Micro Ingredients ビタミンD3 5000IU + ビタミンK2 MK-7 100mcg 300粒,Thực phẩm chức năng,Đang bán,190,11x7x6,Trung bình,Nguồn + suy luận: Ước theo số viên/gói nếu tên có nêu; nếu thiếu quy cách dùng cỡ bao bì thực phẩm bổ sung tương đương.,
2231,Viên uống Magie hấp thu cao Doctor's Best High Absorption Magnesium 100mg 120 viên,Doctor's Best 高吸収マグネシウム 100mg 120錠,Thực phẩm chức năng,Đang bán,100,11x7x6,Trung bình,Nguồn + suy luận: Ước theo số viên/gói nếu tên có nêu; nếu thiếu quy cách dùng cỡ bao bì thực phẩm bổ sung tương đương.,
2232,Dầu cá Omega-3 Nordic Naturals Ultimate Omega-D3 1280mg vị chanh 120 viên,Nordic Naturals アルティメットオメガ-D3 レモン 120粒,Thực phẩm chức năng,Đang bán,100,11x7x6,Trung bình,Nguồn + suy luận: Ước theo số viên/gói nếu tên có nêu; nếu thiếu quy cách dùng cỡ bao bì thực phẩm bổ sung tương đương.,
2233,Thẻ bài Pokémon TCG bản Nhật (hàng order theo yêu cầu),ポケモンカードゲーム 日本語版 お取り寄せ注文,Thẻ bài Pokémon,Nháp,400,15x8x8,Trung bình,Ước cho 1 booster box Pokémon (30 pack) kèm hộp,
2234,Gel Dưỡng Săn Chắc Da Sau Sinh Pigeon 110g,ピジョン ボディ用ひきしめジェル 110g,"Mẹ và bé, Chăm sóc body",Nháp,110,19.9x5.1x4.3,Cao,Nguồn bán hàng: Khối lượng và kích thước từ kết quả tìm kiếm Amazon khớp chặt; liên kết mở trang tìm kiếm để đối chiếu. (https://www.amazon.co.jp/s?k=Gel%20D%C6%B0%E1%BB%A1ng%20S%C4%83n%20Ch%E1%BA%AFc%20Da%20Sau%20Sinh%20Pigeon%20110g),
2235,Viên Nang Fucoidan Okinawa Kanehide Bio 180 Viên,金秀バイオ 沖縄フコイダン カプセル 180粒,Thực phẩm chức năng,Nháp,227,11.7x5.7x5.7,Cao,"Nguồn + suy luận: Tài liệu Kanehide Bio ghi khối lượng sản phẩm 227 g, kích thước 57 × 57 × 117 mm; số 20 g cũ là kết quả tìm kiếm nhầm. (https://www.kanehide-bio.co.jp/kwp/wp-content/uploads/2021/07/%EF%BE%8C%EF%BD%BA%E3%80%9103-Okinawa-Fucoidan_%E6%B2%96%E7%B8%84%E3%83%95%E3%82%A4%E3%83%80%E3%83%B",
2236,Gel Dưỡng Trắng NMN White All In One Gel 245g,エービーエル NMN ホワイト オールインワンゲル 245g,Dưỡng da mặt,Nháp,290,8x7.7x7.1,Cao,Nguồn bán hàng: Khối lượng và kích thước từ kết quả tìm kiếm Amazon khớp chặt; liên kết mở trang tìm kiếm để đối chiếu. (https://www.amazon.co.jp/s?k=Gel%20D%C6%B0%E1%BB%A1ng%20Tr%E1%BA%AFng%20NMN%20White%20All%20In%20One%20Gel%20245g),
2237,Serum NMN Deep Moist Essence,NMN配合 ディープモイストエッセンス 30mL,Dưỡng da mặt,Nháp,120,15x6x5,Thấp,Nguồn + suy luận: Các trang bán hàng ghi nhiều biến thể 30/50/60 ml; tạm ước biến thể chai 50 g kèm hộp. (https://shop-ph.tiktok.com/pdp/nmn-serum-by-nmn-japan-30ml-deep-moist-essence-with-anti-aging-properties/1729650830603421698),
2238,Nước Hoa Hồng The Stem Cell Skin Lotion 150ml,美粧AKARI THE STEM CELL スキンローション 150mL,Dưỡng da mặt,Nháp,380,17.2x4.6x4.4,Trung bình,Nguồn + suy luận: Kết quả Amazon khớp gần: giữ số đo cụ thể để tham khảo và hạ mức tin cậy; nên đối chiếu đúng mã JAN/biến thể trước khi chốt cước. (https://www.amazon.co.jp/s?k=N%C6%B0%E1%BB%9Bc%20Hoa%20H%E1%BB%93ng%20The%20Stem%20Cell%20Skin%20Lotion%20150ml),
2239,Viên Uống Hapycom Motionact EX 270 Viên,ハピコム マージョンアクトEX 270錠,Thực phẩm chức năng,Nháp,260,12x7x7,Thấp,Suy luận tương đương: Ước lọ 270 viên hỗ trợ vận động; chưa tìm được đúng mã JAN/biến thể. (https://www.amazon.co.jp/s?k=Vi%C3%AAn%20U%E1%BB%91ng%20Hapycom%20Motionact%20EX%20270%20Vi%C3%AAn),
2240,Men Vi Sinh Health Aid Bifina S 30 Gói,森下仁丹 ヘルスエイド ビフィーナS 30袋,Thực phẩm chức năng,Nháp,70,11.4x8.7x4.2,Cao,Nguồn bán hàng: Khối lượng và kích thước từ kết quả tìm kiếm Amazon khớp chặt; liên kết mở trang tìm kiếm để đối chiếu. (https://www.amazon.co.jp/s?k=Men%20Vi%20Sinh%20Health%20Aid%20Bifina%20S%2030%20G%C3%B3i),
2241,Kẹo Bổ Sung Canxi Cho Bé Bone Kids Calcium,ファイン 骨キッズ カルシウム イチゴ風味 140g,Mẹ và bé,Nháp,150,18.2x16.1x7.7,Trung bình,Nguồn + suy luận: Kết quả Amazon khớp gần: giữ số đo cụ thể để tham khảo và hạ mức tin cậy; nên đối chiếu đúng mã JAN/biến thể trước khi chốt cước. (https://www.amazon.co.jp/s?k=K%E1%BA%B9o%20B%E1%BB%95%20Sung%20Canxi%20Cho%20B%C3%A9%20Bone%20Kids%20Calcium),
2242,Kem Dưỡng Ẩm Shiseido Aqualabel All-In-One Màu Đỏ,資生堂 アクアレーベル スペシャルジェルクリームEX ブライトニング つめかえ用 81g,Dưỡng da mặt,Nháp,90,15.1x10.6x3.1,Trung bình,Nguồn + suy luận: Kết quả Amazon khớp gần: giữ số đo cụ thể để tham khảo và hạ mức tin cậy; nên đối chiếu đúng mã JAN/biến thể trước khi chốt cước. (https://www.amazon.co.jp/s?k=Kem%20D%C6%B0%E1%BB%A1ng%20%E1%BA%A8m%20Shiseido%20Aqualabel%20All-In-One%20M%C3%A0u%20%C4%90%E1%BB%8F),
2243,Kem Dưỡng Da Whitening Skincare Cream Hộp Xanh,ブレーンコスモス 薬用 美白乃美人 ホワイトニングピーリングジェル 150g,Dưỡng da mặt,Nháp,190,17.9x5.7x4.2,Trung bình,Nguồn + suy luận: Kết quả Amazon khớp gần: giữ số đo cụ thể để tham khảo và hạ mức tin cậy; nên đối chiếu đúng mã JAN/biến thể trước khi chốt cước. (https://www.amazon.co.jp/s?k=Kem%20D%C6%B0%E1%BB%A1ng%20Da%20Whitening%20Skincare%20Cream%20H%E1%BB%99p%20Xanh),
2244,Nước Uống Trắng Da Shiseido Pure White,資生堂 ピュアホワイト ドリンク 50mL×30本,Thực phẩm chức năng,Nháp,1287,17.6x10.4x7.4,Cao,"Nguồn + suy luận: Trang bán hàng ghi hộp 10 chai × 50 ml, khối lượng 1.287 g và kích thước 176 × 104 × 74 mm. (https://goodsofjapan.com/products/pure-white-drink-50ml-10)",
2245,Miếng Dán Chân Kenko Nhật Bản,ビヴォーネ 遠赤足裏シート アシメグ 20枚（10回分）,Tủ thuốc gia đình,Nháp,210,22x15x2.2,Trung bình,Nguồn + suy luận: Kết quả Amazon khớp gần: giữ số đo cụ thể để tham khảo và hạ mức tin cậy; nên đối chiếu đúng mã JAN/biến thể trước khi chốt cước. (https://www.amazon.co.jp/s?k=Mi%E1%BA%BFng%20D%C3%A1n%20Ch%C3%A2n%20Kenko%20Nh%E1%BA%ADt%20B%E1%BA%A3n),
2246,Viên Uống Điều Hòa Kinh Nguyệt Kobayashi,小林製薬 女性薬 命の母ホワイト,"Sức khỏe phụ nữ, Thực phẩm chức năng",Nháp,400,13x8x8,Thấp,Nguồn + suy luận: Tên phù hợp dòng Kobayashi Inochi no Haha nhưng chưa nêu bản White/A hay số viên; ước theo lọ bán lẻ. (https://www.kobayashi.co.jp/brand/inochinohaha/index.html?active-tab=tab-white),
2247,Kem Tẩy Lông Veet Nhật Bản 150g,ヴィート ピュア バスタイム 除毛クリーム 敏感肌用 150g,Chăm sóc body,Nháp,200,18x12x6,Cao,Nguồn bán hàng: Khối lượng và kích thước từ kết quả tìm kiếm Amazon khớp chặt; liên kết mở trang tìm kiếm để đối chiếu. (https://www.amazon.co.jp/s?k=Kem%20T%E1%BA%A9y%20L%C3%B4ng%20Veet%20Nh%E1%BA%ADt%20B%E1%BA%A3n%20150g),
2248,Viên Uống Giảm Mỡ Bụng Onaka,大正製薬 おなかの脂肪対策タブレット 90粒,"Giảm cân, Thực phẩm chức năng",Nháp,30,18.4x11.8x1.1,Trung bình,Nguồn + suy luận: Kết quả Amazon khớp gần: giữ số đo cụ thể để tham khảo và hạ mức tin cậy; nên đối chiếu đúng mã JAN/biến thể trước khi chốt cước. (https://www.amazon.co.jp/s?k=Vi%C3%AAn%20U%E1%BB%91ng%20Gi%E1%BA%A3m%20M%E1%BB%A1%20B%E1%BB%A5ng%20Onaka),
2249,Kẹo Canxi Và Lợi Khuẩn Unimat Riken 90 Viên,ユニマットリケン こども乳酸菌＆カルシウム チュアブル 90粒,Mẹ và bé,Nháp,90,13.4x13.3x2.3,Cao,Nguồn bán hàng: Khối lượng và kích thước từ kết quả tìm kiếm Amazon khớp chặt; liên kết mở trang tìm kiếm để đối chiếu. (https://www.amazon.co.jp/s?k=K%E1%BA%B9o%20Canxi%20V%C3%A0%20L%E1%BB%A3i%20Khu%E1%BA%A9n%20Unimat%20Riken%2090%20Vi%C3%AAn),
2250,Nước Uống Nhau Thai Collagen DR Placen 40000,プラセンタ本舖 プラセンタ40000 ドリンク 100mL×10本,Thực phẩm chức năng,Nháp,1750,29x20x12,Trung bình,Nguồn + suy luận: Các trang bán hàng ghi hộp 10 chai × 100 ml; ước tổng khối lượng chai thủy tinh và hộp. (https://hamie.vn/products/dr-placen-collagen-nuoc-uong-nhau-thai-dp-40000-100ml-x-10-lo-nhat-ban),
2251,Sữa Rửa Mặt Shiseido Aqualabel,資生堂 アクアレーベル ホワイトクリアフォーム 130g,Sữa rửa mặt & tẩy trang,Nháp,149,18.1x6.1x4.5,Trung bình,Nguồn + suy luận: Kết quả Amazon khớp gần: giữ số đo cụ thể để tham khảo và hạ mức tin cậy; nên đối chiếu đúng mã JAN/biến thể trước khi chốt cước. (https://www.amazon.co.jp/s?k=S%E1%BB%AFa%20R%E1%BB%ADa%20M%E1%BA%B7t%20Shiseido%20Aqualabel),
2252,Viên Uống Bổ Phổi Kobayashi 80 Viên,小林製薬 ダスモックb 80錠,Thực phẩm chức năng,Nháp,127,10.21x4.9x4.9,Cao,Nguồn bán hàng: Khối lượng và kích thước từ kết quả tìm kiếm Amazon khớp chặt; liên kết mở trang tìm kiếm để đối chiếu. (https://www.amazon.co.jp/s?k=Vi%C3%AAn%20U%E1%BB%91ng%20B%E1%BB%95%20Ph%E1%BB%95i%20Kobayashi%2080%20Vi%C3%AAn),
2253,Kem Dưỡng Shiseido Aqualabel 5 Trong 1,資生堂 アクアレーベル スペシャルジェルクリームEX モイスト 90g,Dưỡng da mặt,Nháp,150,7.5x7.4x7.2,Trung bình,Nguồn + suy luận: Kết quả Amazon khớp gần: giữ số đo cụ thể để tham khảo và hạ mức tin cậy; nên đối chiếu đúng mã JAN/biến thể trước khi chốt cước. (https://www.amazon.co.jp/s?k=Kem%20D%C6%B0%E1%BB%A1ng%20Shiseido%20Aqualabel%205%20Trong%201),
2254,Viên Uống Chống Nắng Fine Japan UV 30 Viên,ファイン UV気にならないサプリ 20粒,"Chống nắng, Thực phẩm chức năng",Nháp,45,16.5x9.5x1.4,Trung bình,Đã hiệu chỉnh: Giữ kích thước kết quả bán hàng; ước khối lượng túi 30 viên. (https://www.amazon.co.jp/s?k=Vi%C3%AAn%20U%E1%BB%91ng%20Ch%E1%BB%91ng%20N%E1%BA%AFng%20Fine%20Japan%20UV%2030%20Vi%C3%AAn),
2255,Viên Uống Đông Trùng Hạ Thảo Royal Gold Cordyceps 420 Viên,冬虫夏草 ROYAL GOLD 420粒,Thực phẩm chức năng,Nháp,300,12.4x6.3x6.2,Cao,Nguồn bán hàng: Khối lượng và kích thước từ kết quả tìm kiếm Amazon khớp chặt; liên kết mở trang tìm kiếm để đối chiếu. (https://www.amazon.co.jp/s?k=Vi%C3%AAn%20U%E1%BB%91ng%20%C4%90%C3%B4ng%20Tr%C3%B9ng%20H%E1%BA%A1%20Th%E1%BA%A3o%20Royal%20Gold%20Cordyceps%20420%20Vi%C3%AAn),
2256,Bộ Dầu Gội Xả Tigi Đỏ 750ml x 2 Chai,TIGI キャットウォーク オートミール＆ハニー シャンプー＆コンディショナー 750mL×2,Chăm sóc tóc,Nháp,1640,26.5x15x8,Cao,"Nguồn + suy luận: Trang bán hàng cho bộ TIGI 2 × 750 ml ghi 1,64 kg và 26,5 × 15 × 8 cm; số 500 g cũ không thể đúng. (https://bigamart.com/product/fully-loaded-with-pumps-750ml-shampoo-conditioner/)",
2257,Sữa Morinaga Kodomilk Dạng Gói,森永 こどミル スティックタイプ 18g×12本,"Mẹ và bé, Thực phẩm & đồ uống",Nháp,80,16.1x13.1x3.7,Trung bình,Nguồn + suy luận: Kết quả Amazon khớp gần: giữ số đo cụ thể để tham khảo và hạ mức tin cậy; nên đối chiếu đúng mã JAN/biến thể trước khi chốt cước. (https://www.amazon.co.jp/s?k=S%E1%BB%AFa%20Morinaga%20Kodomilk%20D%E1%BA%A1ng%20G%C3%B3i),
2258,Nước Uống Collagen HIFU 100000mg,コラーゲンドリンク 100000mg 美容ドリンク,Thực phẩm chức năng,Nháp,160,21x14x4,Trung bình,"Nguồn + suy luận: Trang sản phẩm ghi hộp 10 gói, mỗi gói 12 g; cộng vỏ gói và hộp giấy. (https://icheck.vn/san-pham/the-hi-ufu-collagen-perfect-100000mg-4589622171764)",
2259,Mặt Nạ The Stem Cell Nhật Bản 30 Miếng,美粧AKARI THE STEM CELL フェイスマスク 30枚,Mặt nạ,Nháp,400,24.8x23.8x2.5,Cao,Nguồn bán hàng: Khối lượng và kích thước từ kết quả tìm kiếm Amazon khớp chặt; liên kết mở trang tìm kiếm để đối chiếu. (https://www.amazon.co.jp/s?k=M%E1%BA%B7t%20N%E1%BA%A1%20The%20Stem%20Cell%20Nh%E1%BA%ADt%20B%E1%BA%A3n%2030%20Mi%E1%BA%BFng),
2260,Thuốc Tsumura Seihaito Số 90 Hộp 42 Gói,ツムラ漢方 清肺湯エキス顆粒 42包,Tủ thuốc gia đình,Nháp,71,17x10x2,Thấp,Suy luận quy cách: Ước theo số viên/gói nếu tên có nêu; nếu thiếu quy cách dùng cỡ bao bì thực phẩm bổ sung tương đương. (https://www.amazon.co.jp/s?k=Thu%E1%BB%91c%20Tsumura%20Seihaito%20S%E1%BB%91%2090%20H%E1%BB%99p%2042%20G%C3%B3i),
2261,Xịt Chống Nắng Biore UV Aqua Rich Aqua Protect Mist SPF50+ PA++++,ビオレUV アクアリッチ アクアプロテクトミスト 60mL,Chống nắng,Nháp,95,19x8.3x4,Trung bình,Đã hiệu chỉnh: Giữ kích thước nguồn bán hàng; ước chai xịt chống nắng Biore khoảng 60 ml cùng bao bì. (https://www.amazon.co.jp/s?k=X%E1%BB%8Bt%20Ch%E1%BB%91ng%20N%E1%BA%AFng%20Biore%20UV%20Aqua%20Rich%20Aqua%20Protect%20Mist%20SPF50%2B%20PA%2B%2B%2B%2B),
2262,Nước Nhỏ Mắt Rohto Vita 40 Alpha,ロート製薬 ロートビタ40α 12mL,"Chăm sóc mắt, Tủ thuốc gia đình",Nháp,20,10.8x6.1x2.2,Trung bình,Nguồn + suy luận: Kết quả Amazon khớp gần: giữ số đo cụ thể để tham khảo và hạ mức tin cậy; nên đối chiếu đúng mã JAN/biến thể trước khi chốt cước. (https://www.amazon.co.jp/s?k=N%C6%B0%E1%BB%9Bc%20Nh%E1%BB%8F%20M%E1%BA%AFt%20Rohto%20Vita%2040%20Alpha),
2263,Nước Nhỏ Mắt Rohto Cool 40 Alpha,ロート製薬 ロートクール40α 12mL,"Chăm sóc mắt, Tủ thuốc gia đình",Nháp,23,9.14x6.35x2.29,Trung bình,Nguồn + suy luận: Kết quả Amazon khớp gần: giữ số đo cụ thể để tham khảo và hạ mức tin cậy; nên đối chiếu đúng mã JAN/biến thể trước khi chốt cước. (https://www.amazon.co.jp/s?k=N%C6%B0%E1%BB%9Bc%20Nh%E1%BB%8F%20M%E1%BA%AFt%20Rohto%20Cool%2040%20Alpha),
2264,Bánh Xốp Healthy Club,ヘルシークラブ 食物繊維と全粒粉ウエハース メープル味 36枚,Thực phẩm & đồ uống,Nháp,580,29.7x19.3x4.4,Trung bình,Nguồn + suy luận: Kết quả Amazon khớp gần: giữ số đo cụ thể để tham khảo và hạ mức tin cậy; nên đối chiếu đúng mã JAN/biến thể trước khi chốt cước. (https://www.amazon.co.jp/s?k=B%C3%A1nh%20X%E1%BB%91p%20Healthy%20Club),
2265,Set 2 Lon Sữa Meiji Hohoemi Cho Bé 0-1 Tuổi 800g x 2,明治 ほほえみ 800g×2缶,Mẹ và bé,Nháp,2140,27x13.5x18.1,Cao,"Nguồn + suy luận: Trang bán hàng ghi hai lon Meiji Hohoemi 800 g có tổng khối lượng khoảng 2.140 g; kích thước mỗi lon cao 18,1 cm, đường kính 13,5 cm. (https://www.e-japannavi.com/shop/ecshop/baby_supplies/meiji-milkpowder-hohoemi2.shtml)",
2266,Set 2 Lon Sữa Meiji Step Cho Bé 1-3 Tuổi 800g x 2,明治 ステップ 800g×2缶,Mẹ và bé,Nháp,2200,27x18.6x13.6,Cao,Nguồn bán hàng: Khối lượng và kích thước từ kết quả tìm kiếm Amazon khớp chặt; liên kết mở trang tìm kiếm để đối chiếu. (https://www.amazon.co.jp/s?k=Set%202%20Lon%20S%E1%BB%AFa%20Meiji%20Step%20Cho%20B%C3%A9%201-3%20Tu%E1%BB%95i%20800g%20x%202),
2267,Set Sữa Wakodo Haihai Cho Bé 0-1 Tuổi Kèm 10 Thanh,和光堂 レーベンスミルク はいはい 300g＋スティックパック 13g×10本 セット,Mẹ và bé,Nháp,1100,31.2x23.2x14.2,Trung bình,"Nguồn + suy luận: Hiệu chỉnh từ một lon Haihai khoảng 810 g cộng 10 thanh sữa, lon và hộp ngoài; khối lượng cũ chỉ phản ánh phần chính. (https://www.wakodo.co.jp/vietnamese/product/milk/product/)",
2268,Set 3 Lon Sữa Wakodo Gungun Cho Bé 9 Tháng-3 Tuổi Kèm 10 Thanh,和光堂 フォローアップミルク ぐんぐん 830g 3缶セット（スティック10本付）,Mẹ và bé,Nháp,3000,41x19x15,Trung bình,Nguồn + suy luận: Ba lon Wakodo Gungun 830 g cộng 10 thanh 14 g và bao bì; kích thước cũ phù hợp gần một lon hơn là bộ ba. (https://www.wakodo.co.jp/product/babyfood/milk/gungun/),
2269,Viên Uống NOW Magtein Magnesium L-Threonate 180 Viên,NOW Foods マグテイン マグネシウムL-スレオネート 180粒,Thực phẩm chức năng,Nháp,113,10.8x5.41x5.41,Trung bình,Nguồn + suy luận: Kết quả Amazon khớp gần: giữ số đo cụ thể để tham khảo và hạ mức tin cậy; nên đối chiếu đúng mã JAN/biến thể trước khi chốt cước. (https://www.amazon.co.jp/s?k=Vi%C3%AAn%20U%E1%BB%91ng%20NOW%20Magtein%20Magnesium%20L-Threonate%20180%20Vi%C3%AAn),
2270,Dầu Cá Nordic Naturals Children’s DHA 530mg Omega-3 237ml,ノルディックナチュラルズ チルドレンズDHA 液体 237mL,"Mẹ và bé, Thực phẩm chức năng",Nháp,303,18x7x7,Trung bình,Suy luận quy cách: Giữ khối lượng 303 g từ dữ liệu ban đầu; ước kích thước chai dầu cá 237 ml. (https://www.amazon.co.jp/s?k=D%E1%BA%A7u%20C%C3%A1%20Nordic%20Naturals%20Children%E2%80%99s%20DHA%20530mg%20Omega-3%20237ml),
2271,Bộ Aqualabel Treatment Lotion Và Sữa Dưỡng Chống Lão Hóa,アクアレーベル トリートメントローション・ミルク（オイルイン）しっとり 2点セット,Dưỡng da mặt,Nháp,380,21x14x7,Trung bình,Đã hiệu chỉnh: Ước bộ lotion và sữa dưỡng Aqualabel theo tổng dung tích hai chai; 160 g cũ thấp hơn lượng chất lỏng thông thường. (https://www.amazon.co.jp/s?k=B%E1%BB%99%20Aqualabel%20Treatment%20Lotion%20V%C3%A0%20S%E1%BB%AFa%20D%C6%B0%E1%BB%A1ng%20Ch%E1%BB%91ng%20L%C3%A3o%20H%C3%B3a),
2272,Bộ Aqualabel Treatment Brightening Lotion Và Sữa Dưỡng,アクアレーベル トリートメントローション・ミルク（ブライトニング）2点セット,Dưỡng da mặt,Nháp,380,21x14x7,Trung bình,Suy luận tương đương: Ước bộ Treatment Brightening Lotion và sữa dưỡng gồm hai chai trong hộp/túi chung. (https://www.amazon.co.jp/s?k=B%E1%BB%99%20Aqualabel%20Treatment%20Brightening%20Lotion%20V%C3%A0%20S%E1%BB%AFa%20D%C6%B0%E1%BB%A1ng),
2273,Yến Chưng Gip Nest 70ml Nhiều Vị,Gip Nest ツバメの巣ドリンク 70mL,Thực phẩm & đồ uống,Nháp,110,8x8x8,Trung bình,Suy luận quy cách: Giữ khối lượng 110 g; ước một hũ yến chưng thủy tinh 70 ml và nắp. (https://www.amazon.co.jp/s?k=Y%E1%BA%BFn%20Ch%C6%B0ng%20Gip%20Nest%2070ml%20Nhi%E1%BB%81u%20V%E1%BB%8B),
2274,Giỏ Quà Tết Xuân Son Yến Chưng 46%,テトギフトバスケット Xuan Son（ツバメの巣46%ドリンク入り）,Thực phẩm & đồ uống,Nháp,1800,34x25x15,Thấp,Suy luận tương đương: Ước giỏ quà yến chưng nhiều hũ; tên chưa nêu số hũ và dung tích nên cần cân lại. (https://www.amazon.co.jp/s?k=Gi%E1%BB%8F%20Qu%C3%A0%20T%E1%BA%BFt%20Xu%C3%A2n%20Son%20Y%E1%BA%BFn%20Ch%C6%B0ng%2046%25),
2275,Gà Ủ Muối,塩漬け蒸し鶏（ガー・ウー・ムオイ）丸鶏 1羽,Thực phẩm & đồ uống,Nháp,1500,30x22x12,Thấp,Suy luận tương đương: Ước một con gà ủ muối đóng túi/hộp cỡ phổ biến; tên chưa nêu khối lượng tịnh. (https://www.amazon.co.jp/s?k=G%C3%A0%20%E1%BB%A6%20Mu%E1%BB%91i),
2276,Sen Vòi Sanei TOH Bọc Gốm,SANEI 水栓補修部品 セラミック上部 R37-26X-S,Nhà cửa & đời sống,Nháp,4800,49x28x28,Thấp,"Nguồn + suy luận: Giữ kích thước hộp đã tìm thấy; 80 g chỉ phù hợp linh kiện nhỏ, không phù hợp bộ vòi TOH bọc gốm nên ước lại theo bộ vòi kim loại/gốm. (https://www.sanei.ltd/series/sr_toh/)",
2277,Dưa Bở 1kg,ドゥアボー（ベトナム系メロン）1kg 量り売り,Thực phẩm & đồ uống,Nháp,1125,18x15x15,Trung bình,Suy luận quy cách: Giữ khối lượng ước tính 1.125 g cho quả 1 kg; kích thước theo một quả dưa bở cỡ trung. (https://www.amazon.co.jp/s?k=D%C6%B0a%20B%E1%BB%9F%201kg),
