Kết luận,Đề xuất,J86 · tên,J86 · giá bán (đ),J86 · tình trạng,LienStore · tên,LienStore · SKU,LienStore · giá đang bán trên web (đ),Giá web = giá j86?,LienStore · giá kỳ vọng (đ),Giá vốn ¥,Nguồn mua,Giá vốn (đ),KL tính cước (g),Phí 3 chặng nhập (đ),Giá vốn về VN (đ),Tỉ lệ lãi kỳ vọng %,Kỳ vọng − J86 (đ),Kỳ vọng − J86 (%),Lãi nếu bán bằng giá J86 (%),LienStore · danh mục,J86 · URL,LienStore · URL
j86 bán DƯỚI giá vốn về VN của mình (59.000 < 307.978),Kiểm tra lại khớp ¥ (1350¥ · amazon): có thể sai dung tích/số viên hoặc j86 xả hàng,Mặt Nạ Dưỡng Trị Thâm Môi Choosy,59000,http://schema.org/InStock,Mặt Nạ Dưỡng Trị Thâm Môi Choosy,N/A,59000,trùng,385000,1350,amazon,225990,270,81988,307978,25,326000,552.5,-422,mat-na-mask,https://j86store.com/product/mat-na-duong-tri-tham-moi-choosy/,https://linconnn.io.vn/product/mat-na-duong-tri-tham-moi-choosy/
j86 bán DƯỚI giá vốn về VN của mình (195.000 < 990.856),Kiểm tra lại khớp ¥ (3960¥ · amazon): có thể sai dung tích/số viên hoặc j86 xả hàng,Sữa Tắm Cool Cho Nam 600ml,195000,còn 20 hàng,Sữa Tắm Cool Cho Nam 600ml,PHAR-SPDC-2209-1584,195000,trùng,1239000,3960,amazon,662904,1080,327952,990856,25,1044000,535.4,-408.1,san-pham-danh-cho-nam-men | cham-soc-body,https://j86store.com/product/sua-tam-cool-cho-nam-600ml/,https://linconnn.io.vn/product/sua-tam-cool-cho-nam-600ml/
j86 bán DƯỚI giá vốn về VN của mình (185.000 < 690.249),Kiểm tra lại khớp ¥ (4000¥ · amazon): có thể sai dung tích/số viên hoặc j86 xả hàng,Lăn Trị Muỗi Đốt – Côn Trùng Cắn Muhi,185000,còn 20 hàng,Lăn Trị Muỗi Đốt – Côn Trùng Cắn Muhi,MUHI-MAB-2203-1476,185000,trùng,863000,4000,amazon,669600,68,20649,690249,25,678000,366.5,-273.1,mom-and-baby,https://j86store.com/product/lan-tri-muoi-dot-con-trung-can-muhi/,https://linconnn.io.vn/product/lan-tri-muoi-dot-con-trung-can-muhi/
j86 bán DƯỚI giá vốn về VN của mình (670.000 < 2.327.062),Kiểm tra lại khớp ¥ (10500¥ · amazon): có thể sai dung tích/số viên hoặc j86 xả hàng,THực Phẩm Bảo Vệ Sức Khỏe 82X THE PINK COLLAGEN,670000,còn 20 hàng,THực Phẩm Bảo Vệ Sức Khỏe 82X THE PINK COLLAGEN,82X-TPCN-2203-1425,670000,trùng,2909000,10500,amazon,1757700,1875,569362,2327062,25,2239000,334.2,-247.3,thuc-pham-chuc-nang-functional-foods,https://j86store.com/product/thuc-pham-bao-ve-suc-khoe-82x-the-pink-collagen/,https://linconnn.io.vn/product/thuc-pham-bao-ve-suc-khoe-82x-the-pink-collagen/
j86 bán DƯỚI giá vốn về VN của mình (215.000 < 742.504),Kiểm tra lại khớp ¥ (735¥ · amazon): có thể sai dung tích/số viên hoặc j86 xả hàng,Ngũ Cốc Đỏ Calbee Nhật Bản 750g,215000,còn 20 hàng,Ngũ Cốc Đỏ Calbee Nhật Bản 750g,FRUG-TPCN-2203-1478,215000,trùng,929000,735,amazon,123039,2040,619465,742504,25,714000,332.1,-245.4,thuc-pham-chuc-nang-functional-foods,https://j86store.com/product/ngu-coc-do-calbee-nhat-ban-750g/,https://linconnn.io.vn/product/ngu-coc-do-calbee-nhat-ban-750g/
j86 bán DƯỚI giá vốn về VN của mình (290.000 < 999.028),Kiểm tra lại khớp ¥ (5850¥ · amazon): có thể sai dung tích/số viên hoặc j86 xả hàng,Vitamin C DHC 60 Ngày,290000,còn 20 hàng,Vitamin C DHC 60 Ngày,DHC-TPCN-2111-1274,290000,trùng,1249000,5850,amazon,979290,65,19738,999028,25,959000,330.7,-244.5,thuc-pham-chuc-nang-functional-foods,https://j86store.com/product/vitamin-c-dhc-60-ngay/,https://linconnn.io.vn/product/vitamin-c-dhc-60-ngay/
j86 bán DƯỚI giá vốn về VN của mình (215.000 < 727.940),Kiểm tra lại khớp ¥ (648¥ · amazon): có thể sai dung tích/số viên hoặc j86 xả hàng,Ngũ Cốc Trắng Calbee Nhật Bản 600g,215000,còn 19 hàng,Ngũ Cốc Trắng Calbee Nhật Bản 600g,FRUG-TPCN-2203-1481,215000,trùng,910000,648,amazon,108475,2040,619465,727940,25,695000,323.3,-238.6,thuc-pham-chuc-nang-functional-foods,https://j86store.com/product/ngu-coc-trang-calbee-nhat-ban-600g/,https://linconnn.io.vn/product/ngu-coc-trang-calbee-nhat-ban-600g/
j86 bán DƯỚI giá vốn về VN của mình (320.000 < 888.311),Kiểm tra lại khớp ¥ (4980¥ · amazon): có thể sai dung tích/số viên hoặc j86 xả hàng,VIÊN NHAI BỔ SUNG CANXI VỊ SỮA CHUA MOST,320000,http://schema.org/InStock,VIÊN NHAI BỔ SUNG CANXI VỊ SỮA CHUA MOST,ORIH-MAB-2303-1648,320000,trùng,1111000,4980,amazon,833652,180,54659,888311,25,791000,247.2,-177.6,mom-and-baby,https://j86store.com/product/vien-nhai-bo-sung-canxi-vi-sua-chua-most/,https://linconnn.io.vn/product/vien-nhai-bo-sung-canxi-vi-sua-chua-most/
j86 bán DƯỚI giá vốn về VN của mình (195.000 < 538.329),Kiểm tra lại khớp ¥ (2590¥ · amazon): có thể sai dung tích/số viên hoặc j86 xả hàng,Dầu Gội Trị Gàu LION,195000,còn 20 hàng,Dầu Gội  Trị Gàu LION,LION-CST-2303-1650,195000,trùng,673000,2590,amazon,433566,345,104763,538329,25,478000,245.1,-176.1,cham-soc-toc,https://j86store.com/product/dau-goi-tri-gau-lion/,https://linconnn.io.vn/product/dau-goi-tri-gau-lion/
j86 bán DƯỚI giá vốn về VN của mình (160.000 < 383.409),Kiểm tra lại khớp ¥ (1982¥ · amazon): có thể sai dung tích/số viên hoặc j86 xả hàng,DẦU CÙ LÀ MENTURM,160000,còn 20 hàng,DẦU CÙ LÀ MENTURM,MENT-TTGD-2303-1642,160000,trùng,480000,1982,amazon,331787,170,51622,383409,25,320000,200,-139.6,tu-thuoc-gia-dinh-family-medicine,https://j86store.com/product/dau-cu-la-menturm/,https://linconnn.io.vn/product/dau-cu-la-menturm/
j86 bán DƯỚI giá vốn về VN của mình (220.000 < 520.307),Kiểm tra lại khớp ¥ (750¥ · amazon): có thể sai dung tích/số viên hoặc j86 xả hàng,NƯỚC NGHỆ GIẢI RƯỢU-BỔ GAN-ĐẸP DA TURMERIC DRINK,220000,còn 18 hàng,NƯỚC NGHỆ GIẢI RƯỢU-BỔ GAN-ĐẸP DA TURMERIC DRINK,UKON-TPCN-2408-1765,220000,trùng,651000,750,amazon,125550,1300,394757,520307,25,431000,195.9,-136.5,thuc-pham-chuc-nang-functional-foods | tu-thuoc-gia-dinh-family-medicine,https://j86store.com/product/nuoc-nghe-giai-ruou-bo-gan-dep-da-turmeric-drink/,https://linconnn.io.vn/product/nuoc-nghe-giai-ruou-bo-gan-dep-da-turmeric-drink/
j86 bán DƯỚI giá vốn về VN của mình (250.000 < 562.824),Kiểm tra lại khớp ¥ (2564¥ · amazon): có thể sai dung tích/số viên hoặc j86 xả hàng,BỘT MẦM LÚA MẠCH – BỘT TRÀ LÚA NON NHẬT BẢN,250000,http://schema.org/InStock,BỘT MẦM LÚA MẠCH – BỘT TRÀ LÚA NON NHẬT BẢN,MAM-TPCN-2303-1623,250000,trùng,704000,2564,amazon,429214,440,133610,562824,25,454000,181.6,-125.1,thuc-pham-chuc-nang-functional-foods,https://j86store.com/product/bot-mam-lua-mach-bot-tra-lua-non-nhat-ban/,https://linconnn.io.vn/product/bot-mam-lua-mach-bot-tra-lua-non-nhat-ban/
j86 bán DƯỚI giá vốn về VN của mình (295.000 < 596.766),Kiểm tra lại khớp ¥ (980¥ · amazon): có thể sai dung tích/số viên hoặc j86 xả hàng,Sữa Tắm Trắng Da Hạt Ý Dĩ Hatomugi 800ml,295000,còn 20 hàng,Sữa Tắm Trắng Da Hạt Ý Dĩ Hatomugi 800ml,REIH-CSB-2203-1436,295000,trùng,746000,980,amazon,164052,1425,432714,596766,25,451000,152.9,-102.3,cham-soc-body,https://j86store.com/product/sua-tam-trang-da-hat-y-di-hatomugi-800ml/,https://linconnn.io.vn/product/sua-tam-trang-da-hat-y-di-hatomugi-800ml/
j86 bán DƯỚI giá vốn về VN của mình (1.250.000 < 2.481.133),Kiểm tra lại khớp ¥ (10800¥ · rakuten): có thể sai dung tích/số viên hoặc j86 xả hàng,Sữa Meiji Cho Bé Từ 0-1 Tuổi Dạng Thanh (48 Thanh),1250000,còn 20 hàng,Sữa Meiji Cho Bé Từ 0-1 Tuổi Dạng Thanh (48 Thanh),MEIJ-MAB-2201-1363,1250000,trùng,3102000,10800,rakuten,1807920,2217,673213,2481133,25,1852000,148.2,-98.5,mom-and-baby,https://j86store.com/product/sua-meiji-cho-be-tu-0-1-tuoi-dang-thanh-48-thanh/,https://linconnn.io.vn/product/sua-meiji-cho-be-tu-0-1-tuoi-dang-thanh-48-thanh/
j86 bán DƯỚI giá vốn về VN của mình (195.000 < 375.449),Kiểm tra lại khớp ¥ (1617¥ · amazon): có thể sai dung tích/số viên hoặc j86 xả hàng,Sữa Rửa Mặt Tạo Bọt Màu Trắng HADA LABO,195000,còn 18 hàng,Sữa Rửa Mặt Tạo Bọt Màu Trắng HADA LABO,HADA-SRMT-2203-1490,195000,trùng,470000,1617,amazon,270686,345,104763,375449,25,275000,141,-92.5,sua-rua-mat-tay-trang,https://j86store.com/product/sua-rua-mat-tao-bot-mau-trang-hada-labo/,https://linconnn.io.vn/product/sua-rua-mat-tao-bot-mau-trang-hada-labo/
j86 bán DƯỚI giá vốn về VN của mình (69.000 < 129.003),Kiểm tra lại khớp ¥ (689¥ · amazon): có thể sai dung tích/số viên hoặc j86 xả hàng,Son Dưỡng Trị Thâm Môi Mentholatum 5g,69000,còn 14 hàng,Son Dưỡng Trị Thâm Môi Mentholatum 5g,MENT-TDM-2010-0762,69000,trùng,162000,689,amazon,115339,45,13664,129003,25,93000,134.8,-87,trang-diem-makeup,https://j86store.com/product/son-duong-tri-tham-moi-mentholatum-5g/,https://linconnn.io.vn/product/son-duong-tri-tham-moi-mentholatum-5g/
j86 bán DƯỚI giá vốn về VN của mình (265.000 < 492.243),Kiểm tra lại khớp ¥ (2614¥ · amazon): có thể sai dung tích/số viên hoặc j86 xả hàng,Canxi Hữu Cơ Nhật Bản Dear-Natura,265000,còn 18 hàng,Canxi Hữu Cơ Nhật Bản Dear-Natura,DEAR-TPCN-2408-1758,265000,trùng,616000,2614,amazon,437584,180,54659,492243,25,351000,132.5,-85.8,thuc-pham-chuc-nang-functional-foods,https://j86store.com/product/canxi-huu-co-nhat-ban-dear-natura/,https://linconnn.io.vn/product/canxi-huu-co-nhat-ban-dear-natura/
j86 bán DƯỚI giá vốn về VN của mình (150.000 < 270.154),Kiểm tra lại khớp ¥ (988¥ · amazon): có thể sai dung tích/số viên hoặc j86 xả hàng,Perfect White Clay Sữa Rửa Mặt – Trắng,150000,còn 18 hàng,Perfect White Clay Sữa Rửa Mặt – Trắng,SENK-SRMT-2011-0232,150000,trùng,338000,988,amazon,165391,345,104763,270154,25,188000,125.3,-80.1,sua-rua-mat-tay-trang,https://j86store.com/product/sua-rua-mat-perfect-white-clay-mau-trang/,https://linconnn.io.vn/product/sua-rua-mat-perfect-white-clay-mau-trang/
j86 bán DƯỚI giá vốn về VN của mình (420.000 < 742.774),Kiểm tra lại khớp ¥ (3980¥ · amazon): có thể sai dung tích/số viên hoặc j86 xả hàng,Giảm Cân 12kg Deru Deru Diet Supplement Nhật Bản,420000,http://schema.org/InStock,Giảm Cân 12kg Deru Deru Diet Supplement Nhật Bản,MINA-GCD-2110-1228,420000,trùng,929000,3980,amazon,666252,252,76522,742774,25,509000,121.2,-76.9,giam-can-diet,https://j86store.com/product/giam-can-12kg-deru-deru-diet-supplement-nhat-ban-2/,https://linconnn.io.vn/product/giam-can-12kg-deru-deru-diet-supplement-nhat-ban-2/
j86 bán DƯỚI giá vốn về VN của mình (185.000 < 325.345),Kiểm tra lại khớp ¥ (1617¥ · amazon): có thể sai dung tích/số viên hoặc j86 xả hàng,Kem Chống Nẻ Cho Bé Pigeon Nhật,185000,còn 20 hàng,Kem Chống Nẻ Cho Bé Pigeon Nhật,PIGE-MAB-2203-1427,185000,trùng,407000,1617,amazon,270686,180,54659,325345,25,222000,120,-75.9,mom-and-baby,https://j86store.com/product/kem-chong-ne-cho-be-pigeon-nhat/,https://linconnn.io.vn/product/kem-chong-ne-cho-be-pigeon-nhat/
j86 bán DƯỚI giá vốn về VN của mình (220.000 < 360.508),Kiểm tra lại khớp ¥ (521¥ · amazon): có thể sai dung tích/số viên hoặc j86 xả hàng,Nước Hoa Hồng Tía Tô 500ml,220000,còn 20 hàng,Nước Hoa Hồng Tía Tô 500ml,CHIN-DDM-2209-1588,220000,trùng,451000,521,amazon,87215,900,273293,360508,25,231000,105,-63.9,duong-da-mat,https://j86store.com/product/nuoc-hoa-hong-tia-to-500ml/,https://linconnn.io.vn/product/nuoc-hoa-hong-tia-to-500ml/
j86 bán DƯỚI giá vốn về VN của mình (259.000 < 414.453),Kiểm tra lại khớp ¥ (1850¥ · amazon): có thể sai dung tích/số viên hoặc j86 xả hàng,Dầu Tẩy Trang Oliu Naive Kracie Natural Deep Cleansing,259000,còn 2 hàng,Dầu Tẩy Trang Oliu Naive  Kracie Natural Deep Cleansing,NAIV-SRMT-2012-0916,259000,trùng,519000,1850,amazon,309690,345,104763,414453,25,260000,100.4,-60,sua-rua-mat-tay-trang,https://j86store.com/product/dau-tay-trang-oliu-naive-kracie-natural-deep-cleansing/,https://linconnn.io.vn/product/dau-tay-trang-oliu-naive-kracie-natural-deep-cleansing/
j86 bán DƯỚI giá vốn về VN của mình (220.000 < 347.619),Kiểm tra lại khớp ¥ (444¥ · amazon): có thể sai dung tích/số viên hoặc j86 xả hàng,Nước Hoa Hồng Diếp Cá 500ml,220000,còn 20 hàng,Nước Hoa Hồng Diếp Cá 500ml,CHIN-DDM-2209-1586,220000,trùng,435000,444,amazon,74326,900,273293,347619,25,215000,97.7,-58,duong-da-mat,https://j86store.com/product/nuoc-hoa-hong-diep-ca-500ml/,https://linconnn.io.vn/product/nuoc-hoa-hong-diep-ca-500ml/
j86 bán DƯỚI giá vốn về VN của mình (150.000 < 233.661),Kiểm tra lại khớp ¥ (770¥ · amazon): có thể sai dung tích/số viên hoặc j86 xả hàng,Perfect Whip Sữa Rửa Mặt – Hồng,150000,còn 18 hàng,Perfect Whip Sữa Rửa Mặt – Hồng,SENK-SRMT-2006-0278,150000,trùng,293000,770,amazon,128898,345,104763,233661,25,143000,95.3,-55.8,sua-rua-mat-tay-trang,https://j86store.com/product/sua-rua-mat-perfect-whip-mau-hong/,https://linconnn.io.vn/product/sua-rua-mat-perfect-whip-mau-hong/
j86 bán DƯỚI giá vốn về VN của mình (530.000 < 804.495),Kiểm tra lại khớp ¥ (4180¥ · amazon): có thể sai dung tích/số viên hoặc j86 xả hàng,Skina Babe Sữa Tắm Trị Rôm Sẩy Cho Bé,530000,còn 7 hàng,Skina Babe Sữa Tắm Trị Rôm Sẩy Cho Bé,SKIN-MAB-2006-0303,530000,trùng,1006000,4180,amazon,699732,345,104763,804495,25,476000,89.8,-51.8,mom-and-baby,https://j86store.com/product/sua-tam-tri-rom-say-cho-be-skin-babe/,https://linconnn.io.vn/product/sua-tam-tri-rom-say-cho-be-skin-babe/
j86 bán DƯỚI giá vốn về VN của mình (239.000 < 353.854),Kiểm tra lại khớp ¥ (1488¥ · amazon): có thể sai dung tích/số viên hoặc j86 xả hàng,Sữa Dưỡng Thể Hatomugi Lotion Ban Đêm,239000,còn 18 hàng,Sữa Dưỡng Thể Hatomugi Lotion Ban Đêm,REIH-CSB-2112-1313,239000,trùng,443000,1488,amazon,249091,345,104763,353854,25,204000,85.4,-48.1,cham-soc-body,https://j86store.com/product/sua-duong-the-hatomugi-body-lotion-ban-dem-250gr/,https://linconnn.io.vn/product/sua-duong-the-hatomugi-body-lotion-ban-dem-250gr/
j86 bán DƯỚI giá vốn về VN của mình (280.000 < 408.176),Kiểm tra lại khớp ¥ (1798¥ · amazon): có thể sai dung tích/số viên hoặc j86 xả hàng,Tẩy tế bào chết Detclear Bright And Peel Nhật Bản 180ml,280000,còn 20 hàng,Tẩy tế bào chết Detclear Bright And Peel Nhật Bản 180ml,DETC-SRMT-2307-1737,280000,trùng,511000,1798,amazon,300985,353,107191,408176,25,231000,82.5,-45.8,sua-rua-mat-tay-trang,https://j86store.com/product/tay-te-bao-chet-detclear-bright-and-peel-nhat-ban-180ml/,https://linconnn.io.vn/product/tay-te-bao-chet-detclear-bright-and-peel-nhat-ban-180ml/
j86 bán DƯỚI giá vốn về VN của mình (499.000 < 719.315),Kiểm tra lại khớp ¥ (3780¥ · amazon): có thể sai dung tích/số viên hoặc j86 xả hàng,Mask Moritaya Tofu Mặt Nạ Đậu Phụ 150g,499000,Hết hàng,Mask Moritaya Tofu Mặt Nạ Đậu Phụ 150g,TOFU-MNM-2006-0256,499000,trùng,900000,3780,amazon,632772,285,86543,719315,25,401000,80.4,-44.2,mat-na-mask,https://j86store.com/product/mat-na-dau-phu-moritaya-tofu-mask-150g/,https://linconnn.io.vn/product/mat-na-dau-phu-moritaya-tofu-mask-150g/
j86 bán DƯỚI giá vốn về VN của mình (210.000 < 300.621),Kiểm tra lại khớp ¥ (1170¥ · amazon): có thể sai dung tích/số viên hoặc j86 xả hàng,Dầu Gội Tonic Cho Nam,210000,còn 20 hàng,Dầu Gội Tonic Cho Nam,TONI-SPDC-2210-1603,210000,trùng,376000,1170,amazon,195858,345,104763,300621,25,166000,79,-43.2,san-pham-danh-cho-nam-men,https://j86store.com/product/dau-goi-tonic-cho-nam/,https://linconnn.io.vn/product/dau-goi-tonic-cho-nam/
j86 bán DƯỚI giá vốn về VN của mình (195.000 < 276.683),Kiểm tra lại khớp ¥ (1027¥ · amazon): có thể sai dung tích/số viên hoặc j86 xả hàng,Sữa Rửa Mặt Tạo Bọt Màu Xanh HADA LABO,195000,còn 18 hàng,Sữa Rửa Mặt Tạo Bọt Màu Xanh HADA LABO,HADA-SRMT-2203-1493,195000,trùng,346000,1027,amazon,171920,345,104763,276683,25,151000,77.4,-41.9,sua-rua-mat-tay-trang,https://j86store.com/product/sua-rua-mat-tao-bot-mau-xanh-hada-labo/,https://linconnn.io.vn/product/sua-rua-mat-tao-bot-mau-xanh-hada-labo/
j86 bán DƯỚI giá vốn về VN của mình (350.000 < 486.551),Kiểm tra lại khớp ¥ (2580¥ · amazon): có thể sai dung tích/số viên hoặc j86 xả hàng,Viên uống Collagen DHC 60 Ngày,350000,còn 20 hàng,Viên uống Collagen DHC 60 Ngày,DHC-TPCN-2206-1533,350000,trùng,609000,2580,amazon,431892,180,54659,486551,25,259000,74,-39,thuc-pham-chuc-nang-functional-foods,https://j86store.com/product/vien-uong-collagen-dhc-60-ngay/,https://linconnn.io.vn/product/vien-uong-collagen-dhc-60-ngay/
j86 bán DƯỚI giá vốn về VN của mình (210.000 < 275.915),Kiểm tra lại khớp ¥ (1280¥ · amazon): có thể sai dung tích/số viên hoặc j86 xả hàng,KEM TRỊ NỨT NẺ TAY CHÂN SHSEIDO UREA CREAM 100gr,210000,còn 20 hàng,KEM TRỊ NỨT NẺ TAY CHÂN SHSEIDO UREA CREAM 100gr,SHIS-CSB-2303-1644,210000,trùng,345000,1280,amazon,214272,203,61643,275915,25,135000,64.3,-31.4,cham-soc-body | tu-thuoc-gia-dinh-family-medicine,https://j86store.com/product/kem-tri-nut-ne-tay-chan-shseido-urea-cream-100gr/,https://linconnn.io.vn/product/kem-tri-nut-ne-tay-chan-shseido-urea-cream-100gr/
j86 bán DƯỚI giá vốn về VN của mình (150.000 < 196.666),Kiểm tra lại khớp ¥ (549¥ · amazon): có thể sai dung tích/số viên hoặc j86 xả hàng,Perfect Whip Sữa Rửa Mặt – Xanh,150000,còn 18 hàng,Perfect Whip Sữa Rửa Mặt – Xanh,SENK-SRMT-2006-0274,150000,trùng,246000,549,amazon,91903,345,104763,196666,25,96000,64,-31.1,sua-rua-mat-tay-trang,https://j86store.com/product/sua-rua-mat-senka-perfect-whip-mau-xanh-duong/,https://linconnn.io.vn/product/sua-rua-mat-senka-perfect-whip-mau-xanh-duong/
j86 bán DƯỚI giá vốn về VN của mình (190.000 < 247.839),Kiểm tra lại khớp ¥ (1154¥ · amazon): có thể sai dung tích/số viên hoặc j86 xả hàng,Kem Trị Sẹo Gentacin 1%,190000,còn 10 hàng,Kem Trị Sẹo Gentacin 1%,GENT-TTGD-2209-1582,190000,trùng,310000,1154,amazon,193180,180,54659,247839,25,120000,63.2,-30.4,tu-thuoc-gia-dinh-family-medicine,https://j86store.com/product/kem-tri-seo-gentacin-1/,https://linconnn.io.vn/product/kem-tri-seo-gentacin-1/
j86 bán DƯỚI giá vốn về VN của mình (1.990.000 < 2.528.522),Kiểm tra lại khớp ¥ (13200¥ · amazon): có thể sai dung tích/số viên hoặc j86 xả hàng,Thực Phẩm Bảo Vệ Sức Khỏe PLACENTA 82X 450000 CLASSIC,1990000,còn 20 hàng,Thực Phẩm Bảo Vệ Sức Khỏe PLACENTA 82X 450000 CLASSIC,82X-TPCN-2203-1419,1990000,trùng,3161000,13200,amazon,2209680,1050,318842,2528522,25,1171000,58.8,-27.1,thuc-pham-chuc-nang-functional-foods | duong-da-mat,https://j86store.com/product/thuc-pham-bao-ve-suc-khoe-placenta-82x-450000-classic/,https://linconnn.io.vn/product/thuc-pham-bao-ve-suc-khoe-placenta-82x-450000-classic/
j86 bán DƯỚI giá vốn về VN của mình (1.700.000 < 2.065.564),Kiểm tra lại khớp ¥ (10380¥ · amazon): có thể sai dung tích/số viên hoặc j86 xả hàng,TẢO VÀNG EX 2000 Viên,1700000,còn 20 hàng,TẢO VÀNG EX 2000 Viên,SPIR-TPCN-2310-1744,1700000,trùng,2582000,10380,amazon,1737612,1080,327952,2065564,25,882000,51.9,-21.5,thuc-pham-chuc-nang-functional-foods,https://j86store.com/product/tao-vang-ex-2000-vien/,https://linconnn.io.vn/product/tao-vang-ex-2000-vien/
j86 bán DƯỚI giá vốn về VN của mình (1.900.000 < 2.304.868),Kiểm tra lại khớp ¥ (12000¥ · amazon): có thể sai dung tích/số viên hoặc j86 xả hàng,Thực Phẩm Bảo Vệ Sức Khỏe COLLAGEN 82X 120000 CLASSIC,1900000,còn 20 hàng,Thực Phẩm Bảo Vệ Sức Khỏe COLLAGEN 82X 120000 CLASSIC,82X-TPCN-2203-1416,1900000,trùng,2882000,12000,amazon,2008800,975,296068,2304868,25,982000,51.7,-21.3,thuc-pham-chuc-nang-functional-foods,https://j86store.com/product/collagen-82x-classic-dong-collagen-truyen-thong/,https://linconnn.io.vn/product/collagen-82x-classic-dong-collagen-truyen-thong/
j86 bán DƯỚI giá vốn về VN của mình (285.000 < 336.682),Kiểm tra lại khớp ¥ (1097¥ · amazon): có thể sai dung tích/số viên hoặc j86 xả hàng,Sữa Tắm Trắng Da White Conc Body 360ml,285000,còn 20 hàng,Sữa Tắm Trắng Da White Conc Body 360ml,WHIT-CSB-2203-1438,290000,khác (290.000),421000,1097,amazon,183638,504,153044,336682,25,136000,47.7,-18.1,cham-soc-body,https://j86store.com/product/sua-tam-trang-da-white-conc-body-360ml/,https://linconnn.io.vn/product/sua-tam-trang-da-white-conc-body-360ml/
j86 bán DƯỚI giá vốn về VN của mình (790.000 < 933.384),Kiểm tra lại khớp ¥ (3399¥ · amazon): có thể sai dung tích/số viên hoặc j86 xả hàng,TẢO LỤC HOÀNG GIA,790000,còn 20 hàng,TẢO LỤC HOÀNG GIA,YUUK-TPCN-2303-1652,790000,trùng,1167000,3399,amazon,568993,1200,364391,933384,25,377000,47.7,-18.1,thuc-pham-chuc-nang-functional-foods,https://j86store.com/product/tao-luc-hoang-gia/,https://linconnn.io.vn/product/tao-luc-hoang-gia/
j86 bán DƯỚI giá vốn về VN của mình (459.000 < 541.166),Kiểm tra lại khớp ¥ (2743¥ · amazon): có thể sai dung tích/số viên hoặc j86 xả hàng,Lululun Face Mask Blue Mặt Nạ- Dưỡng Ẩm Sâu,459000,Hết hàng,Lululun Face Mask Blue Mặt Nạ- Dưỡng Ẩm Sâu,LULU-MNM-2110-1229,459000,trùng,677000,2743,amazon,459178,270,81988,541166,25,218000,47.5,-17.9,mat-na-mask,https://j86store.com/product/lululun-face-mask-blue-mat-na-duong-am-sau/,https://linconnn.io.vn/product/lululun-face-mask-blue-mat-na-duong-am-sau/
j86 bán DƯỚI giá vốn về VN của mình (270.000 < 305.424),Kiểm tra lại khớp ¥ (1498¥ · amazon): có thể sai dung tích/số viên hoặc j86 xả hàng,Viên Uống Thơm Cơ Thể DHC 20 Ngày,270000,còn 20 hàng,Viên Uống Thơm Cơ Thể DHC 20 Ngày,DHC-TPCN-2206-1527,270000,trùng,382000,1498,amazon,250765,180,54659,305424,25,112000,41.5,-13.1,thuc-pham-chuc-nang-functional-foods,https://j86store.com/product/vien-uong-thom-co-the-dhc-20-ngay/,https://linconnn.io.vn/product/vien-uong-thom-co-the-dhc-20-ngay/
j86 bán DƯỚI giá vốn về VN của mình (300.000 < 335.307),Kiểm tra lại khớp ¥ (1350¥ · amazon): có thể sai dung tích/số viên hoặc j86 xả hàng,KẸO CHO TRẺ BIẾNG ĂN MAMA RAMUNE,300000,http://schema.org/InStock,KẸO CHO TRẺ BIẾNG ĂN MAMA RAMUNE,MAMA-MAB-2303-1634,300000,trùng,420000,1350,amazon,225990,360,109317,335307,25,120000,40,-11.8,mom-and-baby,https://j86store.com/product/keo-cho-tre-bieng-an-mama-ramune/,https://linconnn.io.vn/product/keo-cho-tre-bieng-an-mama-ramune/
j86 bán DƯỚI giá vốn về VN của mình (890.000 < 989.981),Kiểm tra lại khớp ¥ (3465¥ · amazon): có thể sai dung tích/số viên hoặc j86 xả hàng,Sữa Meji Cho Bé Từ 0-1 Tuổi Dạng Lon 800g,890000,còn 20 hàng,Sữa Meji Cho Bé Từ 0-1 Tuổi Dạng Lon 800g,MEIJ-MAB-2206-1539,890000,trùng,1238000,3465,amazon,580041,1350,409940,989981,25,348000,39.1,-11.2,mom-and-baby,https://j86store.com/product/sua-meji-cho-be-tu-0-1-tuoi-dang-lon-800g/,https://linconnn.io.vn/product/sua-meji-cho-be-tu-0-1-tuoi-dang-lon-800g/
j86 bán DƯỚI giá vốn về VN của mình (270.000 < 294.041),Kiểm tra lại khớp ¥ (1430¥ · amazon): có thể sai dung tích/số viên hoặc j86 xả hàng,Tẩy Tế Bào Chết White Conc Vitamin C,270000,còn 20 hàng,Tẩy Tế Bào Chết White Conc Vitamin C,WHIT-SRMT-2206-1567,270000,trùng,368000,1430,amazon,239382,180,54659,294041,25,98000,36.3,-8.9,sua-rua-mat-tay-trang,https://j86store.com/product/1567/,https://linconnn.io.vn/product/1567/
j86 bán DƯỚI giá vốn về VN của mình (750.000 < 798.433),Kiểm tra lại khớp ¥ (2484¥ · amazon): có thể sai dung tích/số viên hoặc j86 xả hàng,Spirulina Tảo Xoắn 2400 Viên,750000,còn 1 hàng,Spirulina Tảo Xoắn 2400 Viên,SPIR-TPCN-2009-0187,750000,trùng,999000,2484,amazon,415822,1260,382611,798433,25,249000,33.2,-6.5,thuc-pham-chuc-nang-functional-foods,https://j86store.com/product/tao-xoan-spirulina/,https://linconnn.io.vn/product/tao-xoan-spirulina/
j86 bán DƯỚI giá vốn về VN của mình (390.000 < 410.886),Kiểm tra lại khớp ¥ (2128¥ · amazon): có thể sai dung tích/số viên hoặc j86 xả hàng,Viên Uống Bổ Mắt Noguchi Lutein EX Hộp 60,390000,còn 18 hàng,Viên Uống Bổ Mắt Noguchi Lutein EX Hộp 60,NOGU-ME-2408-1756,390000,trùng,514000,2128,amazon,356227,180,54659,410886,25,124000,31.8,-5.4,mat-eyes | thuc-pham-chuc-nang-functional-foods,https://j86store.com/product/vien-uong-bo-mat-noguchi-lutein-ex-hop-60/,https://linconnn.io.vn/product/vien-uong-bo-mat-noguchi-lutein-ex-hop-60/
j86 bán DƯỚI giá vốn về VN của mình (2.190.000 < 2.304.868),Kiểm tra lại khớp ¥ (12000¥ · amazon): có thể sai dung tích/số viên hoặc j86 xả hàng,Thực Phẩm Bảo Vệ Sức Khỏe COLLAGEN 82X 120000 SAKURA PREMIUM,2190000,còn 20 hàng,Thực Phẩm Bảo Vệ Sức Khỏe COLLAGEN 82X 120000 SAKURA PREMIUM,82X-TPCN-2203-1423,2190000,trùng,2882000,12000,amazon,2008800,975,296068,2304868,25,692000,31.6,-5.2,thuc-pham-chuc-nang-functional-foods,https://j86store.com/product/thuc-pham-bao-ve-suc-khoe-collagen-82x-120000-sakura-premium/,https://linconnn.io.vn/product/thuc-pham-bao-ve-suc-khoe-collagen-82x-120000-sakura-premium/
j86 bán DƯỚI giá vốn về VN của mình (495.000 < 515.009),Kiểm tra lại khớp ¥ (2750¥ · amazon): có thể sai dung tích/số viên hoặc j86 xả hàng,Gel Tẩy Tế Bào Chết Cure Natural Aqua Nhật Bản,495000,còn 20 hàng,Gel Tẩy Tế Bào Chết Cure Natural Aqua Nhật Bản,CURE-SRMT-2307-1735,495000,trùng,644000,2750,amazon,460350,180,54659,515009,25,149000,30.1,-4,sua-rua-mat-tay-trang,https://j86store.com/product/gel-tay-te-bao-chet-cure-natural-aqua-nhat-ban/,https://linconnn.io.vn/product/gel-tay-te-bao-chet-cure-natural-aqua-nhat-ban/
j86 bán DƯỚI giá vốn về VN của mình (450.000 < 463.660),Kiểm tra lại khớp ¥ (2280¥ · amazon): có thể sai dung tích/số viên hoặc j86 xả hàng,LuLuLun Face Mask White Mặt Nạ-Dưỡng Trắng,450000,Hết hàng,LuLuLun Face Mask White Mặt Nạ-Dưỡng Trắng,LULU-MNM-2006-0247,450000,trùng,580000,2280,amazon,381672,270,81988,463660,25,130000,28.9,-3,mat-na-mask,https://j86store.com/product/mat-na-lululun-mau-trang/,https://linconnn.io.vn/product/mat-na-lululun-mau-trang/
j86 bán DƯỚI giá vốn về VN của mình (550.000 < 557.922),Kiểm tra lại khớp ¥ (2883¥ · amazon): có thể sai dung tích/số viên hoặc j86 xả hàng,BB Chocola Trị Mụn 170 Viên,550000,còn 1 hàng,BB Chocola Trị Mụn 170 Viên,CHOC-TPCN-2005-0193,550000,trùng,698000,2883,amazon,482614,248,75308,557922,25,148000,26.9,-1.4,thuc-pham-chuc-nang-functional-foods | tri-mun-acne-treatment,https://j86store.com/product/vien-uong-tri-mun-bb-chocola/,https://linconnn.io.vn/product/vien-uong-tri-mun-bb-chocola/
j86 bán DƯỚI giá vốn về VN của mình (790.000 < 798.643),Kiểm tra lại khớp ¥ (2322¥ · amazon): có thể sai dung tích/số viên hoặc j86 xả hàng,Sữa Meiji Cho Bé Từ 1-3 Tuổi Dạng Lon 800g,790000,còn 20 hàng,Sữa Meiji Cho Bé Từ 1-3 Tuổi Dạng Lon 800g,MEIJ-MAB-2206-1536,790000,trùng,999000,2322,amazon,388703,1350,409940,798643,25,209000,26.5,-1.1,mom-and-baby,https://j86store.com/product/sua-meiji-cho-be-tu-1-3-tuoi-dang-lon-800g/,https://linconnn.io.vn/product/sua-meiji-cho-be-tu-1-3-tuoi-dang-lon-800g/
j86 bán DƯỚI giá vốn về VN của mình (420.000 < 422.939),Kiểm tra lại khớp ¥ (2200¥ · amazon): có thể sai dung tích/số viên hoặc j86 xả hàng,Thuốc Đặc Trị Ho Cảm Cúm PABRON S NHẬT BẢN Dạng Gói,420000,còn 20 hàng,Thuốc Đặc Trị Ho Cảm Cúm PABRON S NHẬT BẢN Dạng Gói,PABR-TTGD-2203-1431,420000,trùng,529000,2200,amazon,368280,180,54659,422939,25,109000,26,-0.7,tu-thuoc-gia-dinh-family-medicine,https://j86store.com/product/thuoc-dac-tri-ho-cam-cum-pabron-s-nhat-ban-dang-goi/,https://linconnn.io.vn/product/thuoc-dac-tri-ho-cam-cum-pabron-s-nhat-ban-dang-goi/
j86 bán DƯỚI giá vốn về VN của mình (210.000 < 210.735),Kiểm tra lại khớp ¥ (497¥ · amazon): có thể sai dung tích/số viên hoặc j86 xả hàng,Trà Ổi Orihiro Nhật Bản 60 Gói Giảm Cân Thanh Lọc Cơ Thể,210000,còn 18 hàng,Trà Ổi Orihiro Nhật Bản 60 Gói Giảm Cân Thanh Lọc Cơ Thể,ORIH-GCD-2310-1742,210000,trùng,264000,497,amazon,83198,420,127537,210735,25,54000,25.7,-0.3,giam-can-diet,https://j86store.com/product/tra-oi-orihiro-nhat-ban-60-goi-giam-can-thanh-loc-co-the/,https://linconnn.io.vn/product/tra-oi-orihiro-nhat-ban-60-goi-giam-can-thanh-loc-co-the/
j86 bán DƯỚI giá vốn về VN của mình (180.000 < 180.093),Kiểm tra lại khớp ¥ (450¥ · amazon): có thể sai dung tích/số viên hoặc j86 xả hàng,SỮA RỬA MẶT PHARMAACT COOL,180000,còn 18 hàng,SỮA RỬA MẶT PHARMAACT COOL,PHAR-SPDC-2303-1640,180000,trùng,226000,450,amazon,75330,345,104763,180093,25,46000,25.6,-0.1,san-pham-danh-cho-nam-men | sua-rua-mat-tay-trang,https://j86store.com/product/sua-rua-mat-pharmaact-cool/,https://linconnn.io.vn/product/sua-rua-mat-pharmaact-cool/
Giá kỳ vọng cao hơn j86 24.8%,Giữ giá kỳ vọng hoặc tìm nguồn ¥ rẻ hơn — bằng giá j86 lãi chỉ 0.4%,Xịt Chống Nắng Skin Aqua,270000,http://schema.org/InStock,Xịt Chống Nắng Skin Aqua,SKIN-CNU-2304-1671,270000,trùng,337000,980,amazon,164052,345,104763,268815,25,67000,24.8,0.4,chong-nang-uv,https://j86store.com/product/xit-chong-nang-skin-aqua/,https://linconnn.io.vn/product/xit-chong-nang-skin-aqua/
Giá kỳ vọng cao hơn j86 24.3%,Giữ giá kỳ vọng hoặc tìm nguồn ¥ rẻ hơn — bằng giá j86 lãi chỉ 0.6%,Dầu Cá Omega 3 Orihiro 180 Viên,690000,còn 20 hàng,Dầu Cá Omega 3 Orihiro 180 Viên,ORIH-TPCN-2206-1564,690000,trùng,858000,3480,amazon,582552,340,103244,685796,25,168000,24.3,0.6,thuc-pham-chuc-nang-functional-foods,https://j86store.com/product/dau-ca-omega-3-orihiro-180-vien/,https://linconnn.io.vn/product/dau-ca-omega-3-orihiro-180-vien/
Giá kỳ vọng cao hơn j86 22.7%,Giữ giá kỳ vọng hoặc tìm nguồn ¥ rẻ hơn — bằng giá j86 lãi chỉ 2.2%,Sữa Rửa Mặt Trà Xanh Rohto,185000,còn 18 hàng,Sữa Rửa Mặt Trà Xanh Rohto,ROHT-SRMT-2010-0791,185000,trùng,227000,455,amazon,76167,345,104763,180930,25,42000,22.7,2.2,sua-rua-mat-tay-trang,https://j86store.com/product/sua-rua-mat-tra-xanh-rohto/,https://linconnn.io.vn/product/sua-rua-mat-tra-xanh-rohto/
Giá kỳ vọng cao hơn j86 22.7%,Giữ giá kỳ vọng hoặc tìm nguồn ¥ rẻ hơn — bằng giá j86 lãi chỉ 2.3%,Kem Dưỡng Thoa Tay – Hand Cream Kose,119000,http://schema.org/InStock,Kem Dưỡng Thoa Tay – Hand Cream Kose,N/A,119000,trùng,146000,368,amazon,61603,180,54659,116262,25,27000,22.7,2.3,duong-da-mat,https://j86store.com/product/kem-duong-thoa-tay-hand-cream-kose/,https://linconnn.io.vn/product/kem-duong-thoa-tay-hand-cream-kose/
Giá kỳ vọng cao hơn j86 22.5%,Giữ giá kỳ vọng hoặc tìm nguồn ¥ rẻ hơn — bằng giá j86 lãi chỉ 2.1%,Orihiro Ukon Tea Trà Nghệ 60 Gói,275000,còn 7 hàng,Orihiro Ukon Tea Trà Nghệ 60 Gói,ORIH-TPCN-2005-0197,275000,trùng,337000,847,amazon,141788,420,127537,269325,25,62000,22.5,2.1,thuc-pham-chuc-nang-functional-foods,https://j86store.com/product/tra-nghe-orihiro/,https://linconnn.io.vn/product/tra-nghe-orihiro/
Giá kỳ vọng cao hơn j86 20.5%,Giữ giá kỳ vọng hoặc tìm nguồn ¥ rẻ hơn — bằng giá j86 lãi chỉ 3.8%,Skin Aqua Tone Up Kem Chống Nắng 80g,220000,còn 14 hàng,Skin Aqua Tone Up Kem Chống Nắng 80g,ROHT-CNU-2011-0280,220000,trùng,265000,950,amazon,159030,173,52533,211563,25,45000,20.5,3.8,chong-nang-uv,https://j86store.com/product/kem-chong-nang-skin-aqua-tone-up-uv-essence/,https://linconnn.io.vn/product/kem-chong-nang-skin-aqua-tone-up-uv-essence/
Giá kỳ vọng cao hơn j86 19.3%,Giữ giá kỳ vọng hoặc tìm nguồn ¥ rẻ hơn — bằng giá j86 lãi chỉ 4.8%,Pair Acne Lotion Ngừa_Trị Mụn,400000,còn 1 hàng,Pair Acne Lotion Ngừa Trị Mụn,PAIR-DDM-2006-0223,400000,trùng,477000,1650,amazon,276210,345,104763,380973,25,77000,19.3,4.8,duong-da-mat | tri-mun-acne-treatment,https://j86store.com/product/223/,https://linconnn.io.vn/product/223/
Giá kỳ vọng cao hơn j86 18.9%,Giữ giá kỳ vọng hoặc tìm nguồn ¥ rẻ hơn — bằng giá j86 lãi chỉ 5.1%,Mask Keana Rice Mặt Nạ Gạo 10 Miếng,270000,còn 18 hàng,Mask Keana Rice Mặt Nạ Gạo 10 Miếng,KEAN-MNM-2010-0258,270000,trùng,321000,715,amazon,119691,450,136647,256338,25,51000,18.9,5.1,mat-na-mask,https://j86store.com/product/mat-na-gao-keana-rice-mask-10-mieng/,https://linconnn.io.vn/product/mat-na-gao-keana-rice-mask-10-mieng/
Giá kỳ vọng cao hơn j86 17.6%,Giữ giá kỳ vọng hoặc tìm nguồn ¥ rẻ hơn — bằng giá j86 lãi chỉ 6%,Thuốc Đặc Trị Ho Cảm Cúm PABRON S NHẬT BẢN Dạng Viên,450000,còn 20 hàng,Thuốc Đặc Trị Ho Cảm Cúm PABRON S NHẬT BẢN Dạng Viên,PABR-TTGD-2203-1429,450000,trùng,529000,2200,amazon,368280,180,54659,422939,25,79000,17.6,6,tu-thuoc-gia-dinh-family-medicine,https://j86store.com/product/thuoc-dac-tri-ho-cam-cum-pabron-s-nhat-ban/,https://linconnn.io.vn/product/thuoc-dac-tri-ho-cam-cum-pabron-s-nhat-ban/
Giá kỳ vọng cao hơn j86 17.3%,Giữ giá kỳ vọng hoặc tìm nguồn ¥ rẻ hơn — bằng giá j86 lãi chỉ 6.2%,VIÊN BỔ NÃO TRỊ CHỨNG MẤT NGỦ TIỀN ĐÌNH,480000,còn 20 hàng,VIÊN BỔ NÃO TRỊ CHỨNG MẤT NGỦ TIỀN ĐÌNH,NAO-TPCN-2303-1646,480000,trùng,563000,2363,amazon,395566,180,54659,450225,25,83000,17.3,6.2,thuc-pham-chuc-nang-functional-foods,https://j86store.com/product/vien-bo-nao-tri-chung-mat-ngu-tien-dinh/,https://linconnn.io.vn/product/vien-bo-nao-tri-chung-mat-ngu-tien-dinh/
Giá kỳ vọng cao hơn j86 16.8%,Giữ giá kỳ vọng hoặc tìm nguồn ¥ rẻ hơn — bằng giá j86 lãi chỉ 6.6%,Tẩy Trang Muji Oil Cleansing 200ml,279000,còn 20 hàng,Tẩy Trang Muji Oil Cleansing 200ml,MUJI-SRMT-2110-1249,279000,trùng,326000,850,amazon,142290,390,118427,260717,25,47000,16.8,6.6,sua-rua-mat-tay-trang,https://j86store.com/product/tay-trang-muji-oil-cleansing-200ml/,https://linconnn.io.vn/product/tay-trang-muji-oil-cleansing-200ml/
Giá kỳ vọng thấp hơn j86 79.9%,"Có thể bán cao hơn kỳ vọng, tới ~1.750.000đ (thêm 1.399.000đ/sp)",Viên Ngăn Ngừa Đột Quỵ An Cung Ngưu Hoàn Nhật Bản,1750000,http://schema.org/InStock,Viên Ngăn Ngừa Đột Quỵ An Cung Ngưu Hoàn Nhật Bản,AN-TPCN-2201-1358,1750000,trùng,351000,1350,amazon,225990,180,54659,280649,25,-1399000,-79.9,84,thuc-pham-chuc-nang-functional-foods,https://j86store.com/product/vien-ngan-ngua-dot-quy-an-cung-nguu-hoan-nhat-ban/,https://linconnn.io.vn/product/vien-ngan-ngua-dot-quy-an-cung-nguu-hoan-nhat-ban/
Giá kỳ vọng thấp hơn j86 49.3%,"Có thể bán cao hơn kỳ vọng, tới ~680.000đ (thêm 335.000đ/sp)",Kem Tăng Ngực Maputi,680000,còn 20 hàng,Kem Tăng Ngực Maputi,MAPU-GCEC-2210-1594,680000,trùng,345000,1320,amazon,220968,180,54659,275627,25,-335000,-49.3,59.5,goc-chi-em-chung-minh-women,https://j86store.com/product/kem-tang-nguc-maputi/,https://linconnn.io.vn/product/kem-tang-nguc-maputi/
Giá kỳ vọng thấp hơn j86 42%,"Có thể bán cao hơn kỳ vọng, tới ~490.000đ (thêm 206.000đ/sp)",Thuốc Detox Nhuận Tràng Trị Táo Bón Kokando Byurakka,490000,còn 20 hàng,Thuốc Detox Nhuận Tràng Trị Táo Bón Kokando Byurakka,BYUR-GCD-2112-1315,490000,trùng,284000,1029,amazon,172255,180,54659,226914,25,-206000,-42,53.7,giam-can-diet | thuc-pham-chuc-nang-functional-foods,https://j86store.com/product/thuoc-detox-nhuan-trang-tri-tao-bon-kokando-byurakka/,https://linconnn.io.vn/product/thuoc-detox-nhuan-trang-tri-tao-bon-kokando-byurakka/
Giá kỳ vọng thấp hơn j86 41%,"Có thể bán cao hơn kỳ vọng, tới ~210.000đ (thêm 86.000đ/sp)",GEL ĐẶC TRỊ HÔI NÁCH KOBAYASHI,210000,còn 18 hàng,GEL ĐẶC TRỊ HÔI NÁCH KOBAYASHI,KOBA-GCEC-2408-1760,210000,trùng,124000,263,amazon,44026,180,54659,98685,25,-86000,-41,53,goc-chi-em-chung-minh-women | san-pham-danh-cho-nam-men,https://j86store.com/product/gel-dac-tri-hoi-nach-kobayashi/,https://linconnn.io.vn/product/gel-dac-tri-hoi-nach-kobayashi/
Giá kỳ vọng thấp hơn j86 39.3%,"Có thể bán cao hơn kỳ vọng, tới ~300.000đ (thêm 118.000đ/sp)",Viên Uống Bổ Sung Canxi DHC 60 Ngày,300000,còn 20 hàng,Viên Uống Bổ Sung Canxi DHC 60 Ngày,DHC-TPCN-2304-1656,300000,trùng,182000,541,amazon,90563,180,54659,145222,25,-118000,-39.3,51.6,thuc-pham-chuc-nang-functional-foods,https://j86store.com/product/vien-uong-bo-sung-canxi-dhc-60-ngay/,https://linconnn.io.vn/product/vien-uong-bo-sung-canxi-dhc-60-ngay/
Giá kỳ vọng thấp hơn j86 37.2%,"Có thể bán cao hơn kỳ vọng, tới ~320.000đ (thêm 119.000đ/sp)",Lion Pair Acne Cream W Kem Trị Mụn 24g,320000,còn 2 hàng,Lion Pair Acne Cream W Kem Trị Mụn 24g,PAIR-TMAT-2006-0245,320000,trùng,201000,760,amazon,127224,108,32795,160019,25,-119000,-37.2,50,tri-mun-acne-treatment,https://j86store.com/product/kem-tri-mun-lion-pair-acne-cream-w-24g/,https://linconnn.io.vn/product/kem-tri-mun-lion-pair-acne-cream-w-24g/
Giá kỳ vọng thấp hơn j86 36.3%,"Có thể bán cao hơn kỳ vọng, tới ~890.000đ (thêm 323.000đ/sp)",Viên Xương Khớp Glucosamine Orihiro,890000,còn 20 hàng,Viên Xương Khớp Glucosamine Orihiro,ORIH-TPCN-2111-1283,890000,trùng,567000,2383,amazon,398914,180,54659,453573,25,-323000,-36.3,49,thuc-pham-chuc-nang-functional-foods,https://j86store.com/product/vien-xuong-khop-glucosamine-orihiro/,https://linconnn.io.vn/product/vien-xuong-khop-glucosamine-orihiro/
Giá kỳ vọng thấp hơn j86 36.2%,"Có thể bán cao hơn kỳ vọng, tới ~290.000đ (thêm 105.000đ/sp)",Viên Uống Bổ Sung Vitamin E 60 Ngày,290000,còn 20 hàng,Viên Uống Bổ Sung Vitamin E 60 Ngày,DHC-TPCN-2206-1529,290000,trùng,185000,554,amazon,92740,180,54659,147399,25,-105000,-36.2,49.2,thuc-pham-chuc-nang-functional-foods,https://j86store.com/product/vien-uong-bo-sung-vitamin-e-60-ngay/,https://linconnn.io.vn/product/vien-uong-bo-sung-vitamin-e-60-ngay/
Giá kỳ vọng thấp hơn j86 35.2%,"Có thể bán cao hơn kỳ vọng, tới ~440.000đ (thêm 155.000đ/sp)",Dung Dịch Vệ Sinh Vùng Kín Maputi,440000,còn 20 hàng,Dung Dịch Vệ Sinh Vùng Kín Maputi,MAPU-GCEC-2209-1592,440000,trùng,285000,736,amazon,123206,345,104763,227969,25,-155000,-35.2,48.2,goc-chi-em-chung-minh-women,https://j86store.com/product/dung-dich-ve-sinh-vung-kin-maputi/,https://linconnn.io.vn/product/dung-dich-ve-sinh-vung-kin-maputi/
Giá kỳ vọng thấp hơn j86 33.2%,"Có thể bán cao hơn kỳ vọng, tới ~370.000đ (thêm 123.000đ/sp)",Viên Uống Vitamin Tổng Hợp DHC Multi Vitamins,370000,còn 20 hàng,Viên Uống Vitamin Tổng Hợp DHC Multi Vitamins,DHC-TPCN-2110-1234,370000,trùng,247000,851,amazon,142457,180,54659,197116,25,-123000,-33.2,46.7,thuc-pham-chuc-nang-functional-foods,https://j86store.com/product/vien-uong-vitamin-tong-hop-dhc-multi-vitamins/,https://linconnn.io.vn/product/vien-uong-vitamin-tong-hop-dhc-multi-vitamins/
Giá kỳ vọng thấp hơn j86 30.4%,"Có thể bán cao hơn kỳ vọng, tới ~490.000đ (thêm 149.000đ/sp)",KÍNH CHỐNG CÁC TIA ĐỘC HẠI CHO BÉ FREESE,490000,Cho phép đặt hàng trước,KÍNH CHỐNG CÁC TIA ĐỘC HẠI CHO BÉ FREESE,FREE-MAB-2111-1299,490000,trùng,341000,1290,amazon,215946,186,56481,272427,25,-149000,-30.4,44.4,mom-and-baby,https://j86store.com/product/kinh-chong-cac-tia-doc-hai-cho-be-freese/,https://linconnn.io.vn/product/kinh-chong-cac-tia-doc-hai-cho-be-freese/
Giá kỳ vọng thấp hơn j86 30%,"Có thể bán cao hơn kỳ vọng, tới ~260.000đ (thêm 78.000đ/sp)",Sữa Rửa Mặt Oxy Màu Đen 130g,260000,còn 18 hàng,Sữa Rửa Mặt Oxy Màu Đen 130g,OXY-SRMT-2012-0912,260000,trùng,182000,519,amazon,86881,192,58302,145183,25,-78000,-30,44.2,sua-rua-mat-tay-trang,https://j86store.com/product/sua-rua-mat-oxy-mau-xanh-130g/,https://linconnn.io.vn/product/sua-rua-mat-oxy-mau-xanh-130g/
Giá kỳ vọng thấp hơn j86 27.8%,"Có thể bán cao hơn kỳ vọng, tới ~320.000đ (thêm 89.000đ/sp)",Viên Uống Rau Củ DHC 60 Ngày,320000,còn 20 hàng,Viên Uống Rau Củ DHC 60 Ngày,DHC-TPCN-2206-1525,320000,trùng,231000,773,amazon,129400,180,54659,184059,25,-89000,-27.8,42.5,thuc-pham-chuc-nang-functional-foods,https://j86store.com/product/vien-uong-rau-cu-dhc-60-ngay/,https://linconnn.io.vn/product/vien-uong-rau-cu-dhc-60-ngay/
Giá kỳ vọng thấp hơn j86 26.3%,"Có thể bán cao hơn kỳ vọng, tới ~300.000đ (thêm 79.000đ/sp)",Kem Dưỡng -Trị Thâm Mắt Meishoku 30g,300000,còn 18 hàng,Kem Dưỡng -Trị Thâm Mắt Meishoku 30g,MEIS-DDM-2009-0730,300000,trùng,221000,860,amazon,143964,108,32795,176759,25,-79000,-26.3,41.1,duong-da-mat,https://j86store.com/product/kem-duong-tri-tham-mat-meishoku-30g/,https://linconnn.io.vn/product/kem-duong-tri-tham-mat-meishoku-30g/
Giá kỳ vọng thấp hơn j86 25.2%,"Có thể bán cao hơn kỳ vọng, tới ~970.000đ (thêm 244.000đ/sp)",Kem Ủ Trắng Hasuko Cô Gái Nhật Bản 300g,970000,còn 5 hàng,Kem Ủ Trắng Hasuko Cô Gái Nhật Bản 300g,HASU-CSB-2201-1370,970000,trùng,726000,2500,amazon,418500,533,161850,580350,25,-244000,-25.2,40.2,cham-soc-body,https://j86store.com/product/kem-u-trang-hasuko-co-gai-nhat-ban-300g/,https://linconnn.io.vn/product/kem-u-trang-hasuko-co-gai-nhat-ban-300g/
Giá kỳ vọng thấp hơn j86 24.6%,"Có thể bán cao hơn kỳ vọng, tới ~790.000đ (thêm 194.000đ/sp)",Viên Uống Bổ Não DHA ITOH 1000,790000,http://schema.org/InStock,Viên Uống Bổ Não DHA ITOH 1000,ITOH-TPCN-2303-1630,790000,trùng,596000,2518,amazon,421513,180,54659,476172,25,-194000,-24.6,39.7,thuc-pham-chuc-nang-functional-foods,https://j86store.com/product/vien-uong-bo-nao-dha-itoh-1000/,https://linconnn.io.vn/product/vien-uong-bo-nao-dha-itoh-1000/
Giá kỳ vọng thấp hơn j86 19.6%,"Có thể bán cao hơn kỳ vọng, tới ~260.000đ (thêm 51.000đ/sp)",Lion Pair Acne Cream W Kem Trị Mụn 14g,260000,còn 20 hàng,Lion Pair Acne Cream W Kem Trị Mụn 14g,PAIR-TMAT-2005-0173,260000,trùng,209000,800,amazon,133920,108,32795,166715,25,-51000,-19.6,35.9,tri-mun-acne-treatment,https://j86store.com/product/lion-pair-acne-cream-w-14g/,https://linconnn.io.vn/product/lion-pair-acne-cream-w-14g/
Giá kỳ vọng thấp hơn j86 19.1%,"Có thể bán cao hơn kỳ vọng, tới ~650.000đ (thêm 124.000đ/sp)",Viên Uống Tinh Chất Hàu Tươi Orihiro,650000,còn 20 hàng,Viên Uống Tinh Chất Hàu Tươi Orihiro,ORIH-TPCN-2111-1281,650000,trùng,526000,2184,amazon,365602,180,54659,420261,25,-124000,-19.1,35.3,thuc-pham-chuc-nang-functional-foods,https://j86store.com/product/vien-uong-tinh-chat-hau-tuoi-orihiro/,https://linconnn.io.vn/product/vien-uong-tinh-chat-hau-tuoi-orihiro/
Giá kỳ vọng thấp hơn j86 18.6%,"Có thể bán cao hơn kỳ vọng, tới ~650.000đ (thêm 121.000đ/sp)",Transino White C Clear 120 Viên,650000,còn 20 hàng,Transino White C Clear 120 Viên,TRAN-TPCN-2006-0228,650000,trùng,529000,2183,amazon,365434,188,57088,422522,25,-121000,-18.6,35,thuc-pham-chuc-nang-functional-foods,https://j86store.com/product/tri-nam-transino-white-c-clear-120-vien/,https://linconnn.io.vn/product/tri-nam-transino-white-c-clear-120-vien/
Giá kỳ vọng thấp hơn j86 15.5%,"Có thể bán cao hơn kỳ vọng, tới ~330.000đ (thêm 51.000đ/sp)",Pair Acne Sữa Rửa Mặt Ngừa-Trị Mụn,330000,còn 5 hàng,Pair Acne Sữa Rửa Mặt Ngừa-Trị Mụn,PAIR-TMAT-2006-0226,400000,khác (400.000),279000,706,amazon,118184,345,104763,222947,25,-51000,-15.5,32.4,tri-mun-acne-treatment,https://j86store.com/product/sua-rua-mat-ngua-mun-pair-acne/,https://linconnn.io.vn/product/sua-rua-mat-ngua-mun-pair-acne/
Giá kỳ vọng thấp hơn j86 13.3%,"Có thể bán cao hơn kỳ vọng, tới ~2.150.000đ (thêm 285.000đ/sp)",Collagen Refa 16 Dạng Nước 480ml,2150000,còn 20 hàng,Collagen Refa 16 Dạng Nước 480ml,REFA-TPCN-2111-1269,2150000,trùng,1865000,6804,amazon,1138990,1160,352245,1491235,25,-285000,-13.3,30.6,thuc-pham-chuc-nang-functional-foods,https://j86store.com/product/collagen-refa-16-dang-nuoc-480ml/,https://linconnn.io.vn/product/collagen-refa-16-dang-nuoc-480ml/
Giá kỳ vọng thấp hơn j86 13%,"Có thể bán cao hơn kỳ vọng, tới ~1.690.000đ (thêm 220.000đ/sp)",Transino Trị Nám 240 Viên,1690000,http://schema.org/InStock,Transino Trị Nám 240 Viên,TRAN-DDM-2011-0320,1690000,trùng,1470000,6299,amazon,1054453,400,121464,1175917,25,-220000,-13,30.4,duong-da-mat,https://j86store.com/product/transino-mau-trang-240-vien/,https://linconnn.io.vn/product/transino-mau-trang-240-vien/
Giá kỳ vọng thấp hơn j86 12.3%,"Có thể bán cao hơn kỳ vọng, tới ~325.000đ (thêm 40.000đ/sp)",Kem Dưỡng Trắng Da CC Melano Brightening Gel 100g,325000,còn 20 hàng,Kem Dưỡng Trắng Da CC Melano Brightening Gel 100g,MELA-DDM-2206-1531,325000,trùng,285000,991,amazon,165893,203,61643,227536,25,-40000,-12.3,30,duong-da-mat,https://j86store.com/product/kem-duong-trang-da-cc-melano-brightening-gel-100g/,https://linconnn.io.vn/product/kem-duong-trang-da-cc-melano-brightening-gel-100g/
Giá kỳ vọng thấp hơn j86 11.8%,"Có thể bán cao hơn kỳ vọng, tới ~380.000đ (thêm 45.000đ/sp)",Kem Dưỡng Ngày Hadalabo Xanh 7in1,380000,còn 18 hàng,Kem Dưỡng Ngày Hadalabo Xanh 7in1,HADA-DDM-2209-1578,380000,trùng,335000,1270,amazon,212598,180,54659,267257,25,-45000,-11.8,29.7,duong-da-mat,https://j86store.com/product/kem-duong-ngay-hadalabo-xanh-7in1/,https://linconnn.io.vn/product/kem-duong-ngay-hadalabo-xanh-7in1/
Giá kỳ vọng thấp hơn j86 11.6%,"Có thể bán cao hơn kỳ vọng, tới ~250.000đ (thêm 29.000đ/sp)",Thuốc Trị Cảm Sốt Cho Bé Paburon Dạng Gói,250000,còn 20 hàng,Thuốc Trị Cảm Sốt Cho Bé Paburon Dạng Gói,PABR-MAB-2203-1412,250000,trùng,221000,727,amazon,121700,180,54659,176359,25,-29000,-11.6,29.5,mom-and-baby | tu-thuoc-gia-dinh-family-medicine,https://j86store.com/product/thuoc-tri-cam-sot-cho-be-paburon-dang-goi/,https://linconnn.io.vn/product/thuoc-tri-cam-sot-cho-be-paburon-dang-goi/
Ngang giá thị trường (±15%),Dùng giá kỳ vọng 517.000đ,LuLuLun Face Mask Pink Mặt Nạ-Cân Bằng Ẩm,450000,Hết hàng,LuLuLun Face Mask Pink Mặt Nạ-Cân Bằng Ẩm,LULU-MNM-2006-0250,450000,trùng,517000,1980,amazon,331452,270,81988,413440,25,67000,14.9,8.1,mat-na-mask,https://j86store.com/product/mat-na-lululun-face-mask-pink-duong-am/,https://linconnn.io.vn/product/mat-na-lululun-face-mask-pink-duong-am/
Ngang giá thị trường (±15%),Dùng giá kỳ vọng 859.000đ,Spirulina Tảo Xoắn Chai 2200 Viên,750000,http://schema.org/InStock,Spirulina Tảo Xoắn Chai 2200 Viên,JAPA-TPCN-2009-0659,750000,trùng,859000,1999,amazon,334633,1160,352245,686878,25,109000,14.5,8.4,thuc-pham-chuc-nang-functional-foods,https://j86store.com/product/spirulina-tao-xoan-chai-2200-vien/,https://linconnn.io.vn/product/spirulina-tao-xoan-chai-2200-vien/
Ngang giá thị trường (±15%),Dùng giá kỳ vọng 330.000đ,Kem Hâp và Ủ Tóc Fino ShiSeiDo,290000,còn 20 hàng,Kem Hâp và Ủ Tóc Fino ShiSeiDo,FINO-CST-2210-1599,290000,trùng,330000,1212,amazon,202889,200,60732,263621,25,40000,13.8,9.1,cham-soc-toc,https://j86store.com/product/kem-hap-va-u-toc-fino-shiseido/,https://linconnn.io.vn/product/kem-hap-va-u-toc-fino-shiseido/
Ngang giá thị trường (±15%),Dùng giá kỳ vọng 2.910.000đ,Thực Phẩm Bảo Vệ Sức Khỏe PLACENTA 82X 450000 SAKURA PREMIUM,2590000,còn 20 hàng,Thực Phẩm Bảo Vệ Sức Khỏe PLACENTA 82X 450000 SAKURA PREMIUM,82X-TPCN-2203-1414,2590000,trùng,2910000,12000,amazon,2008800,1050,318842,2327642,25,320000,12.4,10.1,thuc-pham-chuc-nang-functional-foods,https://j86store.com/product/thuc-pham-bao-ve-suc-khoe-placenta-82x-450000-sakura-premium/,https://linconnn.io.vn/product/thuc-pham-bao-ve-suc-khoe-placenta-82x-450000-sakura-premium/
Ngang giá thị trường (±15%),Dùng giá kỳ vọng 323.000đ,Sữa Dưỡng Thể Hatomugi Chống Nắng SPF31 PA+++,290000,còn 18 hàng,Sữa Dưỡng Thể Hatomugi Chống Nắng SPF31 PA+++,REIH-CSB-2112-1311,290000,trùng,323000,917,amazon,153506,345,104763,258269,25,33000,11.4,10.9,cham-soc-body,https://j86store.com/product/sua-duong-the-hatomugi-chong-nang-spf31-pa/,https://linconnn.io.vn/product/sua-duong-the-hatomugi-chong-nang-spf31-pa/
Ngang giá thị trường (±15%),Dùng giá kỳ vọng 990.000đ,Kem Dưỡng Trắng Da Transino Whitening Repair Cream EX,890000,còn 18 hàng,Kem Dưỡng Trắng Da Transino Whitening Repair Cream EX,TRAN-DDM-2408-1769,890000,trùng,990000,4400,amazon,736560,180,54659,791219,25,100000,11.2,11.1,duong-da-mat,https://j86store.com/product/kem-duong-trang-da-transino-whitening-repair-cream-ex/,https://linconnn.io.vn/product/kem-duong-trang-da-transino-whitening-repair-cream-ex/
Ngang giá thị trường (±15%),Dùng giá kỳ vọng 285.000đ,Sữa Rửa Mặt Oxy Màu Xanh 130g,260000,còn 18 hàng,Sữa Rửa Mặt Oxy Màu Xanh 130g,OXY-SRMT-2012-0915,260000,trùng,285000,899,amazon,150493,255,77434,227927,25,25000,9.6,12.3,sua-rua-mat-tay-trang,https://j86store.com/product/sua-rua-mat-oxy-mau-xanh-130g-2/,https://linconnn.io.vn/product/sua-rua-mat-oxy-mau-xanh-130g-2/
Ngang giá thị trường (±15%),Dùng giá kỳ vọng 663.000đ,Viên Uống Tiểu Đường Mayado Tokaijyo,730000,http://schema.org/InStock,Viên Uống Tiểu Đường Mayado Tokaijyo,MAYA-TPCN-2303-1632,730000,trùng,663000,2841,amazon,475583,180,54659,530242,25,-67000,-9.2,27.4,thuc-pham-chuc-nang-functional-foods,https://j86store.com/product/vien-uong-tieu-duong-mayado-tokaijyo/,https://linconnn.io.vn/product/vien-uong-tieu-duong-mayado-tokaijyo/
Ngang giá thị trường (±15%),Dùng giá kỳ vọng 644.000đ,Viên Uống Trị Đau Cơ Kurema,600000,còn 20 hàng,Viên Uống Trị Đau Cơ Kurema,KURE-TPCN-2304-1668,600000,trùng,644000,2750,amazon,460350,180,54659,515009,25,44000,7.3,14.2,thuc-pham-chuc-nang-functional-foods,https://j86store.com/product/vien-uong-tri-dau-co-kurema/,https://linconnn.io.vn/product/vien-uong-tri-dau-co-kurema/
Ngang giá thị trường (±15%),Dùng giá kỳ vọng 241.000đ,Gel tẩy tế bào chết Rosette xanh Nhật Bản,225000,còn 20 hàng,Gel tẩy tế bào chết Rosette xanh Nhật Bản,ROSE-SRMT-2307-1731,225000,trùng,241000,825,amazon,138105,180,54659,192764,25,16000,7.1,14.3,sua-rua-mat-tay-trang,https://j86store.com/product/gel-tay-te-bao-chet-rosette-xanh-nhat-ban/,https://linconnn.io.vn/product/gel-tay-te-bao-chet-rosette-xanh-nhat-ban/
Ngang giá thị trường (±15%),Dùng giá kỳ vọng 241.000đ,Gel tẩy tế bào chết Rosette Hồng Nhật Bản,225000,còn 20 hàng,Gel tẩy tế bào chết Rosette Hồng Nhật Bản,ROSE-SRMT-2307-1734,225000,trùng,241000,825,amazon,138105,180,54659,192764,25,16000,7.1,14.3,sua-rua-mat-tay-trang,https://j86store.com/product/gel-tay-te-bao-chet-rosette-hong-nhat-ban/,https://linconnn.io.vn/product/gel-tay-te-bao-chet-rosette-hong-nhat-ban/
Ngang giá thị trường (±15%),Dùng giá kỳ vọng 370.000đ,Arau Baby Sữa Tắm Gội Cho Bé 450ml,350000,còn 4 hàng,Arau Baby Sữa Tắm Gội Cho Bé 450ml,ARAU-MAB-2006-0301,350000,trùng,370000,655,amazon,109647,612,185839,295486,25,20000,5.7,15.6,mom-and-baby,https://j86store.com/product/sua-tam-goi-cho-be-arau-baby/,https://linconnn.io.vn/product/sua-tam-goi-cho-be-arau-baby/
Ngang giá thị trường (±15%),Dùng giá kỳ vọng 299.000đ,Nước Hoa Hồng CC Melano,310000,còn 20 hàng,Nước Hoa Hồng CC Melano,MELA-DDM-2209-1590,310000,trùng,299000,800,amazon,133920,345,104763,238683,25,-11000,-3.5,23,duong-da-mat,https://j86store.com/product/nuoc-hoa-hong-cc-melano/,https://linconnn.io.vn/product/nuoc-hoa-hong-cc-melano/
Ngang giá thị trường (±15%),Dùng giá kỳ vọng 225.000đ,Skin Aqua Tone Up Kem Chống Nắng 80g (Dành cho da nhạy cảm),220000,còn 20 hàng,Skin Aqua Tone Up Kem Chống Nắng 80g (Dành cho da nhạy cảm),SKIN-CNU-2306-1717,220000,trùng,225000,760,amazon,127224,173,52533,179757,25,5000,2.3,18.3,chong-nang-uv,https://j86store.com/product/skin-aqua-tone-up-kem-chong-nang-80g-danh-cho-da-nhay-cam/,https://linconnn.io.vn/product/skin-aqua-tone-up-kem-chong-nang-80g-danh-cho-da-nhay-cam/
Ngang giá thị trường (±15%),Dùng giá kỳ vọng 276.000đ,Kem Dưỡng Trắng Ban Đêm White Conc,275000,còn 20 hàng,Kem Dưỡng Trắng Ban Đêm White Conc,WHIT-CSB-2206-1569,275000,trùng,276000,991,amazon,165893,180,54659,220552,25,1000,0.4,19.8,cham-soc-body,https://j86store.com/product/kem-duong-trang-ban-dem-white-conc/,https://linconnn.io.vn/product/kem-duong-trang-ban-dem-white-conc/
Ngang giá thị trường (±15%),Dùng giá kỳ vọng 249.000đ,Nước Hoa Hồng Trị Mụn Meishoku Bigansui Medicated Skin Lotion 90ml,250000,còn 20 hàng,Nước Hoa Hồng Trị Mụn Meishoku Bigansui Medicated Skin Lotion 90ml,MEIS-DDM-2303-1638,250000,trùng,249000,817,amazon,136766,203,61643,198409,25,-1000,-0.4,20.6,duong-da-mat,https://j86store.com/product/nuoc-hoa-hong-tri-mun-meishoku-bigansui-medicated-skin-lotion-90ml/,https://linconnn.io.vn/product/nuoc-hoa-hong-tri-mun-meishoku-bigansui-medicated-skin-lotion-90ml/
Ngang giá thị trường (±15%),Dùng giá kỳ vọng 389.000đ,Viên Uống Trắng Da DHC Hatomugi 60 ngày,390000,còn 20 hàng,Viên Uống Trắng Da DHC Hatomugi 60 ngày,DHC-TPCN-2112-1317,390000,trùng,389000,1530,amazon,256122,180,54659,310781,25,-1000,-0.3,20.3,thuc-pham-chuc-nang-functional-foods,https://j86store.com/product/vien-uong-trang-da-dhc-hatomugi-60-ngay/,https://linconnn.io.vn/product/vien-uong-trang-da-dhc-hatomugi-60-ngay/
Ngang giá thị trường (±15%),Dùng giá kỳ vọng 1.091.000đ,Tinh Chất Trị Nám – Sáng Da – Transino Whitening Essence Ex II 50g,1090000,còn 18 hàng,Tinh Chất Trị Nám – Sáng Da – Transino Whitening Essence Ex II  50g,TRAN-DDM-2408-1767,1090000,trùng,1091000,4993,amazon,835828,120,36439,872267,25,1000,0.1,20,duong-da-mat,https://j86store.com/product/tinh-chat-tri-nam-sang-da-transino-whitening-essence-ex-ii-50g/,https://linconnn.io.vn/product/tinh-chat-tri-nam-sang-da-transino-whitening-essence-ex-ii-50g/
LienStore chưa có giá vốn ¥,Nhập giá vốn ¥ (nguồn mua) rồi tính lại,Sữa Meiji Cho Bé Từ 1-3 Tuổi Dạng Thanh (48 Thanh),1195000,còn 20 hàng,Sữa Meiji Cho Bé Từ 1-3 Tuổi Dạng Thanh (48 Thanh),MEIJ-MAB-2201-1368,1195000,trùng,,,,,,,,,,,,mom-and-baby,https://j86store.com/product/sua-meiji-cho-be-tu-1-3-tuoi-dang-thanh-48-thanh/,https://linconnn.io.vn/product/sua-meiji-cho-be-tu-1-3-tuoi-dang-thanh-48-thanh/
LienStore chưa có giá vốn ¥,Nhập giá vốn ¥ (nguồn mua) rồi tính lại,Siro Paburon – Siro Chó Mèo Trị Cảm Sốt Cho Bé,270000,còn 20 hàng,Siro Paburon – Siro Con Hổ Trị Cảm Sốt Cho Bé,PABR-MAB-2203-1410,270000,trùng,,,,,,,,,,,,mom-and-baby | tu-thuoc-gia-dinh-family-medicine,https://j86store.com/product/siro-paburon-siro-cho-meo-tri-cam-sot-cho-be/,https://linconnn.io.vn/product/siro-paburon-siro-cho-meo-tri-cam-sot-cho-be/
LienStore chưa có giá vốn ¥,Nhập giá vốn ¥ (nguồn mua) rồi tính lại,Thuốc Trị Cảm Cúm Cho Trẻ Taisho Pabron Gold A 46 gói,390000,còn 20 hàng,Thuốc Trị Cảm Cúm Cho Trẻ Taisho Pabron Gold A 46 gói,PABR-MAB-2203-1433,390000,trùng,,,,,,,,,,,,mom-and-baby | tu-thuoc-gia-dinh-family-medicine,https://j86store.com/product/thuoc-tri-cam-cum-cho-tre-taisho-pabron-gold-a-46-goi/,https://linconnn.io.vn/product/thuoc-tri-cam-cum-cho-tre-taisho-pabron-gold-a-46-goi/
LienStore chưa có giá vốn ¥,Nhập giá vốn ¥ (nguồn mua) rồi tính lại,THUỐC XỊT XOANG NAZAL NHẬT BẢN 30ml,225000,còn 18 hàng,THUỐC XỊT XOANG NAZAL NHẬT BẢN 30ml,NAZA-TTGD-2408-1753,225000,trùng,,,,,,,,,,,,tu-thuoc-gia-dinh-family-medicine,https://j86store.com/product/thuoc-xit-xoang-nazal-nhat-ban-30ml/,https://linconnn.io.vn/product/thuoc-xit-xoang-nazal-nhat-ban-30ml/
Không có ở LienStore,Xem có nên nhập bán,Mặt Nạ Mắt Kose Clear Turn Plumping Eye Zone 32 Mask,295000,còn 18 hàng,,,,,,,,,,,,,,,,,https://j86store.com/product/mat-na-mat-kose-clear-turn-plumping-eye-zone-mask/,
Không có ở LienStore,Xem có nên nhập bán,Son Dưỡng – Trị Thâm Môi DHC Không Màu,175000,còn 18 hàng,,,,,,,,,,,,,,,,,https://j86store.com/product/son-duong-tri-tham-moi-dhc/,
Không có ở LienStore,Xem có nên nhập bán,Viên Uống Bổ Gan Liver Hydrolysate,820000,còn 20 hàng,,,,,,,,,,,,,,,,,https://j86store.com/product/vien-uong-bo-gan-liver-hydrolysate/,
Không có ở LienStore,Xem có nên nhập bán,Son Shu Uemura Màu 570,890000,còn 20 hàng,,,,,,,,,,,,,,,,,https://j86store.com/product/son-shu-uemura-mau-570/,
Không có ở LienStore,Xem có nên nhập bán,Kem Dưỡng Trắng Da Oneday màu Hồng,295000,còn 9 hàng,,,,,,,,,,,,,,,,,https://j86store.com/product/kem-duong-trang-da-oneday-mau-hong/,
Không có ở LienStore,Xem có nên nhập bán,Sữa Tắm Trắng Manis White Body Shampoo Hương Hoa Cúc,290000,còn 20 hàng,,,,,,,,,,,,,,,,,https://j86store.com/product/sua-tam-trang-manis-white-body-shampoo-huong-hoa-cuc/,
Không có ở LienStore,Xem có nên nhập bán,Kem Dưỡng Mắt Sana 3in1,250000,http://schema.org/InStock,,,,,,,,,,,,,,,,,https://j86store.com/product/kem-duong-mat-sana-3in1/,
Không có ở LienStore,Xem có nên nhập bán,THUỐC TRỊ ĐAU DẠ DÀY KOWA,490000,còn 18 hàng,,,,,,,,,,,,,,,,,https://j86store.com/product/thuoc-tri-dau-da-day-kowa/,