Kết luận,Đề xuất,Cách khớp,Độ tin cậy %,J86 · tên,J86 · giá bán,J86 · giá gốc,J86 · tình trạng,J86 · danh mục,J86 · URL,LienStore · tên,LienStore · SKU,LienStore · giá bán,LienStore · giá gốc,LienStore · trạng thái,LienStore · danh mục,Chênh lệch (đ) = LS − J86,Chênh lệch %,LienStore · giá vốn (đ),LienStore · lãi hiện tại %,Lãi nếu bán bằng giá J86 %,LienStore · URL
LienStore đắt hơn 552.5% · j86 bán dưới giá vốn của mình,Kiểm tra lại giá vốn ¥ (1350¥): j86 bán 59.000đ < vốn 225.990đ → khả năng khớp sai sản phẩm/dung tích,slug,100,Mặt Nạ Dưỡng Trị Thâm Môi Choosy,59000,,http://schema.org/InStock,MẶT NẠ ( MASK ),https://j86store.com/product/mat-na-duong-tri-tham-moi-choosy/,Mặt Nạ Dưỡng Trị Thâm Môi Choosy,N/A,385000,,publish,Mặt nạ,326000,552.5,225990,41.3,-283,https://linconnn.io.vn/product/mat-na-duong-tri-tham-moi-choosy/
LienStore đắt hơn 535.4% · j86 bán dưới giá vốn của mình,Kiểm tra lại giá vốn ¥ (3960¥): j86 bán 195.000đ < vốn 662.904đ → khả năng khớp sai sản phẩm/dung tích,slug,100,Sữa Tắm Cool Cho Nam 600ml,195000,,còn 20 hàng,SẢN PHẨM DÀNH CHO NAM ( MEN ) | SỮA TẮM ( SHOWER GEL ),https://j86store.com/product/sua-tam-cool-cho-nam-600ml/,Sữa Tắm Cool Cho Nam 600ml,PHAR-SPDC-2209-1584,1239000,,publish,Chăm sóc body | Dành cho nam,1044000,535.4,662904,46.5,-240,https://linconnn.io.vn/product/sua-tam-cool-cho-nam-600ml/
LienStore đắt hơn 366.5% · j86 bán dưới giá vốn của mình,Kiểm tra lại giá vốn ¥ (4000¥): j86 bán 185.000đ < vốn 669.600đ → khả năng khớp sai sản phẩm/dung tích,slug,100,Lăn Trị Muỗi Đốt – Côn Trùng Cắn Muhi,185000,,còn 20 hàng,MOM AND BABY,https://j86store.com/product/lan-tri-muoi-dot-con-trung-can-muhi/,Lăn Trị Muỗi Đốt – Côn Trùng Cắn Muhi,MUHI-MAB-2203-1476,863000,,publish,Mẹ và bé,678000,366.5,669600,22.4,-261.9,https://linconnn.io.vn/product/lan-tri-muoi-dot-con-trung-can-muhi/
LienStore đắt hơn 334.2% · j86 bán dưới giá vốn của mình,Kiểm tra lại giá vốn ¥ (10500¥): j86 bán 670.000đ < vốn 1.757.700đ → khả năng khớp sai sản phẩm/dung tích,slug,100,THực Phẩm Bảo Vệ Sức Khỏe 82X THE PINK COLLAGEN,670000,,còn 20 hàng,THỰC PHẨM CHỨC NĂNG ( FUNCTIONAL FOODS ),https://j86store.com/product/thuc-pham-bao-ve-suc-khoe-82x-the-pink-collagen/,THực Phẩm Bảo Vệ Sức Khỏe 82X THE PINK COLLAGEN,82X-TPCN-2203-1425,2909000,,publish,Thực phẩm chức năng,2239000,334.2,1757700,39.6,-162.3,https://linconnn.io.vn/product/thuc-pham-bao-ve-suc-khoe-82x-the-pink-collagen/
LienStore đắt hơn 332.1%,Có thể giảm về ~215.000đ (lãi còn 42.8%),slug,100,Ngũ Cốc Đỏ Calbee Nhật Bản 750g,215000,,còn 20 hàng,THỰC PHẨM CHỨC NĂNG ( FUNCTIONAL FOODS ),https://j86store.com/product/ngu-coc-do-calbee-nhat-ban-750g/,Ngũ Cốc Đỏ Calbee Nhật Bản 750g,FRUG-TPCN-2203-1478,929000,,publish,Thực phẩm chức năng,714000,332.1,123039,86.8,42.8,https://linconnn.io.vn/product/ngu-coc-do-calbee-nhat-ban-750g/
LienStore đắt hơn 330.7% · j86 bán dưới giá vốn của mình,Kiểm tra lại giá vốn ¥ (5850¥): j86 bán 290.000đ < vốn 979.290đ → khả năng khớp sai sản phẩm/dung tích,slug,100,Vitamin C DHC 60 Ngày,290000,,còn 20 hàng,THỰC PHẨM CHỨC NĂNG ( FUNCTIONAL FOODS ),https://j86store.com/product/vitamin-c-dhc-60-ngay/,Vitamin C DHC 60 Ngày,DHC-TPCN-2111-1274,1249000,,publish,Thực phẩm chức năng,959000,330.7,979290,21.6,-237.7,https://linconnn.io.vn/product/vitamin-c-dhc-60-ngay/
LienStore đắt hơn 323.3%,Có thể giảm về ~215.000đ (lãi còn 49.5%),slug,100,Ngũ Cốc Trắng Calbee Nhật Bản 600g,215000,,còn 19 hàng,THỰC PHẨM CHỨC NĂNG ( FUNCTIONAL FOODS ),https://j86store.com/product/ngu-coc-trang-calbee-nhat-ban-600g/,Ngũ Cốc Trắng Calbee Nhật Bản 600g,FRUG-TPCN-2203-1481,910000,,publish,Thực phẩm chức năng,695000,323.3,108475,88.1,49.5,https://linconnn.io.vn/product/ngu-coc-trang-calbee-nhat-ban-600g/
LienStore đắt hơn 247.2% · j86 bán dưới giá vốn của mình,Kiểm tra lại giá vốn ¥ (4980¥): j86 bán 320.000đ < vốn 833.652đ → khả năng khớp sai sản phẩm/dung tích,slug,100,VIÊN NHAI BỔ SUNG CANXI VỊ SỮA CHUA MOST,320000,,http://schema.org/InStock,MOM AND BABY,https://j86store.com/product/vien-nhai-bo-sung-canxi-vi-sua-chua-most/,VIÊN NHAI BỔ SUNG CANXI VỊ SỮA CHUA MOST,ORIH-MAB-2303-1648,1111000,,publish,Mẹ và bé,791000,247.2,833652,25,-160.5,https://linconnn.io.vn/product/vien-nhai-bo-sung-canxi-vi-sua-chua-most/
LienStore đắt hơn 245.1% · j86 bán dưới giá vốn của mình,Kiểm tra lại giá vốn ¥ (2590¥): j86 bán 195.000đ < vốn 433.566đ → khả năng khớp sai sản phẩm/dung tích,slug,100,Dầu Gội Trị Gàu LION,195000,,còn 20 hàng,PHỤC HỒI TÓC TẠI NHÀ ( HAIR ),https://j86store.com/product/dau-goi-tri-gau-lion/,Dầu Gội  Trị Gàu LION,LION-CST-2303-1650,673000,,publish,Chăm sóc tóc,478000,245.1,433566,35.6,-122.3,https://linconnn.io.vn/product/dau-goi-tri-gau-lion/
LienStore đắt hơn 200% · j86 bán dưới giá vốn của mình,Kiểm tra lại giá vốn ¥ (1982¥): j86 bán 160.000đ < vốn 331.787đ → khả năng khớp sai sản phẩm/dung tích,slug,100,DẦU CÙ LÀ MENTURM,160000,,còn 20 hàng,TỦ THUỐC GIA ĐÌNH ( FAMILY MEDICINE ),https://j86store.com/product/dau-cu-la-menturm/,DẦU CÙ LÀ MENTURM,MENT-TTGD-2303-1642,480000,,publish,Tủ thuốc gia đình,320000,200,331787,30.9,-107.4,https://linconnn.io.vn/product/dau-cu-la-menturm/
LienStore đắt hơn 195.9%,Có thể giảm về ~220.000đ (lãi còn 42.9%),slug,100,NƯỚC NGHỆ GIẢI RƯỢU-BỔ GAN-ĐẸP DA TURMERIC DRINK,220000,,còn 18 hàng,THỰC PHẨM CHỨC NĂNG ( FUNCTIONAL FOODS ) | TỦ THUỐC GIA ĐÌNH ( FAMILY MEDICINE ),https://j86store.com/product/nuoc-nghe-giai-ruou-bo-gan-dep-da-turmeric-drink/,NƯỚC NGHỆ GIẢI RƯỢU-BỔ GAN-ĐẸP DA TURMERIC DRINK,UKON-TPCN-2408-1765,651000,,publish,Thực phẩm chức năng | Tủ thuốc gia đình,431000,195.9,125550,80.7,42.9,https://linconnn.io.vn/product/nuoc-nghe-giai-ruou-bo-gan-dep-da-turmeric-drink/
LienStore đắt hơn 181.6% · j86 bán dưới giá vốn của mình,Kiểm tra lại giá vốn ¥ (2564¥): j86 bán 250.000đ < vốn 429.214đ → khả năng khớp sai sản phẩm/dung tích,slug,100,BỘT MẦM LÚA MẠCH – BỘT TRÀ LÚA NON NHẬT BẢN,250000,,http://schema.org/InStock,THỰC PHẨM CHỨC NĂNG ( FUNCTIONAL FOODS ),https://j86store.com/product/bot-mam-lua-mach-bot-tra-lua-non-nhat-ban/,BỘT MẦM LÚA MẠCH – BỘT TRÀ LÚA NON NHẬT BẢN,MAM-TPCN-2303-1623,704000,,publish,Thực phẩm chức năng,454000,181.6,429214,39,-71.7,https://linconnn.io.vn/product/bot-mam-lua-mach-bot-tra-lua-non-nhat-ban/
LienStore đắt hơn 152.9%,Có thể giảm về ~295.000đ (lãi còn 44.4%),slug,100,Sữa Tắm Trắng Da Hạt Ý Dĩ Hatomugi 800ml,295000,,còn 20 hàng,SỮA TẮM ( SHOWER GEL ),https://j86store.com/product/sua-tam-trang-da-hat-y-di-hatomugi-800ml/,Sữa Tắm Trắng Da Hạt Ý Dĩ Hatomugi 800ml,REIH-CSB-2203-1436,746000,,publish,Chăm sóc body,451000,152.9,164052,78,44.4,https://linconnn.io.vn/product/sua-tam-trang-da-hat-y-di-hatomugi-800ml/
LienStore đắt hơn 148.2% · j86 bán dưới giá vốn của mình,Kiểm tra lại giá vốn ¥ (10800¥): j86 bán 1.250.000đ < vốn 1.807.920đ → khả năng khớp sai sản phẩm/dung tích,slug,100,Sữa Meiji Cho Bé Từ 0-1 Tuổi Dạng Thanh (48 Thanh),1250000,,còn 20 hàng,MOM AND BABY,https://j86store.com/product/sua-meiji-cho-be-tu-0-1-tuoi-dang-thanh-48-thanh/,Sữa Meiji Cho Bé Từ 0-1 Tuổi Dạng Thanh (48 Thanh),MEIJ-MAB-2201-1363,3102000,,publish,Mẹ và bé,1852000,148.2,1807920,41.7,-44.6,https://linconnn.io.vn/product/sua-meiji-cho-be-tu-0-1-tuoi-dang-thanh-48-thanh/
LienStore đắt hơn 141% · j86 bán dưới giá vốn của mình,Kiểm tra lại giá vốn ¥ (1617¥): j86 bán 195.000đ < vốn 270.686đ → khả năng khớp sai sản phẩm/dung tích,slug,100,Sữa Rửa Mặt Tạo Bọt Màu Trắng HADA LABO,195000,,còn 18 hàng,SỮA RỬA MẶT,https://j86store.com/product/sua-rua-mat-tao-bot-mau-trang-hada-labo/,Sữa Rửa Mặt Tạo Bọt Màu Trắng HADA LABO,HADA-SRMT-2203-1490,470000,,publish,Sữa rửa mặt & tẩy trang,275000,141,270686,42.4,-38.8,https://linconnn.io.vn/product/sua-rua-mat-tao-bot-mau-trang-hada-labo/
LienStore đắt hơn 134.8% · j86 bán dưới giá vốn của mình,Kiểm tra lại giá vốn ¥ (689¥): j86 bán 69.000đ < vốn 115.339đ → khả năng khớp sai sản phẩm/dung tích,slug,100,Son Dưỡng Trị Thâm Môi Mentholatum 5g,69000,,còn 14 hàng,SON MÔI ( LIPSTICK ),https://j86store.com/product/son-duong-tri-tham-moi-mentholatum-5g/,Son Dưỡng Trị Thâm Môi Mentholatum 5g,MENT-TDM-2010-0762,162000,,publish,Trang điểm,93000,134.8,115339,28.8,-67.2,https://linconnn.io.vn/product/son-duong-tri-tham-moi-mentholatum-5g/
LienStore đắt hơn 132.5% · j86 bán dưới giá vốn của mình,Kiểm tra lại giá vốn ¥ (2614¥): j86 bán 265.000đ < vốn 437.584đ → khả năng khớp sai sản phẩm/dung tích,slug,100,Canxi Hữu Cơ Nhật Bản Dear-Natura,265000,,còn 18 hàng,THỰC PHẨM CHỨC NĂNG ( FUNCTIONAL FOODS ),https://j86store.com/product/canxi-huu-co-nhat-ban-dear-natura/,Canxi Hữu Cơ Nhật Bản Dear-Natura,DEAR-TPCN-2408-1758,616000,,publish,Thực phẩm chức năng,351000,132.5,437584,29,-65.1,https://linconnn.io.vn/product/canxi-huu-co-nhat-ban-dear-natura/
LienStore đắt hơn 125.3% · j86 bán dưới giá vốn của mình,Kiểm tra lại giá vốn ¥ (988¥): j86 bán 150.000đ < vốn 165.391đ → khả năng khớp sai sản phẩm/dung tích,slug,100,Perfect White Clay Sữa Rửa Mặt – Trắng,150000,,còn 18 hàng,SỮA RỬA MẶT,https://j86store.com/product/sua-rua-mat-perfect-white-clay-mau-trang/,Perfect White Clay Sữa Rửa Mặt – Trắng,SENK-SRMT-2011-0232,338000,,publish,Sữa rửa mặt & tẩy trang,188000,125.3,165391,51.1,-10.3,https://linconnn.io.vn/product/sua-rua-mat-perfect-white-clay-mau-trang/
LienStore đắt hơn 121.2% · j86 bán dưới giá vốn của mình,Kiểm tra lại giá vốn ¥ (3980¥): j86 bán 420.000đ < vốn 666.252đ → khả năng khớp sai sản phẩm/dung tích,slug,100,Giảm Cân 12kg Deru Deru Diet Supplement Nhật Bản,420000,,http://schema.org/InStock,GIẢM CÂN ( DIET ),https://j86store.com/product/giam-can-12kg-deru-deru-diet-supplement-nhat-ban-2/,Giảm Cân 12kg Deru Deru Diet Supplement Nhật Bản,MINA-GCD-2110-1228,929000,,publish,Giảm cân,509000,121.2,666252,28.3,-58.6,https://linconnn.io.vn/product/giam-can-12kg-deru-deru-diet-supplement-nhat-ban-2/
LienStore đắt hơn 120% · j86 bán dưới giá vốn của mình,Kiểm tra lại giá vốn ¥ (1617¥): j86 bán 185.000đ < vốn 270.686đ → khả năng khớp sai sản phẩm/dung tích,slug,100,Kem Chống Nẻ Cho Bé Pigeon Nhật,185000,,còn 20 hàng,MOM AND BABY,https://j86store.com/product/kem-chong-ne-cho-be-pigeon-nhat/,Kem Chống Nẻ Cho Bé Pigeon Nhật,PIGE-MAB-2203-1427,407000,,publish,Mẹ và bé,222000,120,270686,33.5,-46.3,https://linconnn.io.vn/product/kem-chong-ne-cho-be-pigeon-nhat/
LienStore đắt hơn 105%,Có thể giảm về ~220.000đ (lãi còn 60.4%),slug,100,Nước Hoa Hồng Tía Tô 500ml,220000,,còn 20 hàng,NƯỚC HOA HỒNG ( LOTION ),https://j86store.com/product/nuoc-hoa-hong-tia-to-500ml/,Nước Hoa Hồng Tía Tô 500ml,CHIN-DDM-2209-1588,451000,,publish,Dưỡng da mặt,231000,105,87215,80.7,60.4,https://linconnn.io.vn/product/nuoc-hoa-hong-tia-to-500ml/
LienStore đắt hơn 100.4% · j86 bán dưới giá vốn của mình,Kiểm tra lại giá vốn ¥ (1850¥): j86 bán 259.000đ < vốn 309.690đ → khả năng khớp sai sản phẩm/dung tích,slug,100,Dầu Tẩy Trang Oliu Naive Kracie Natural Deep Cleansing,259000,,còn 2 hàng,TẨY TRANG ( CLEANSING ),https://j86store.com/product/dau-tay-trang-oliu-naive-kracie-natural-deep-cleansing/,Dầu Tẩy Trang Oliu Naive  Kracie Natural Deep Cleansing,NAIV-SRMT-2012-0916,519000,,publish · ngừng bán,Sữa rửa mặt & tẩy trang,260000,100.4,309690,40.3,-19.6,https://linconnn.io.vn/product/dau-tay-trang-oliu-naive-kracie-natural-deep-cleansing/
LienStore đắt hơn 97.7%,Có thể giảm về ~220.000đ (lãi còn 66.2%),slug,100,Nước Hoa Hồng Diếp Cá 500ml,220000,,còn 20 hàng,NƯỚC HOA HỒNG ( LOTION ),https://j86store.com/product/nuoc-hoa-hong-diep-ca-500ml/,Nước Hoa Hồng Diếp Cá 500ml,CHIN-DDM-2209-1586,435000,,publish,Dưỡng da mặt,215000,97.7,74326,82.9,66.2,https://linconnn.io.vn/product/nuoc-hoa-hong-diep-ca-500ml/
LienStore đắt hơn 95.3%,Giảm một phần (về giá j86 lãi chỉ 14.1%),slug,100,Perfect Whip Sữa Rửa Mặt – Hồng,150000,,còn 18 hàng,SỮA RỬA MẶT,https://j86store.com/product/sua-rua-mat-perfect-whip-mau-hong/,Perfect Whip Sữa Rửa Mặt – Hồng,SENK-SRMT-2006-0278,293000,,publish,Sữa rửa mặt & tẩy trang,143000,95.3,128898,56,14.1,https://linconnn.io.vn/product/sua-rua-mat-perfect-whip-mau-hong/
LienStore đắt hơn 89.8% · j86 bán dưới giá vốn của mình,Kiểm tra lại giá vốn ¥ (4180¥): j86 bán 530.000đ < vốn 699.732đ → khả năng khớp sai sản phẩm/dung tích,slug,100,Skina Babe Sữa Tắm Trị Rôm Sẩy Cho Bé,530000,,còn 7 hàng,MOM AND BABY,https://j86store.com/product/sua-tam-tri-rom-say-cho-be-skin-babe/,Skina Babe Sữa Tắm Trị Rôm Sẩy Cho Bé,SKIN-MAB-2006-0303,1006000,,publish,Mẹ và bé,476000,89.8,699732,30.4,-32,https://linconnn.io.vn/product/sua-tam-tri-rom-say-cho-be-skin-babe/
LienStore đắt hơn 85.4% · j86 bán dưới giá vốn của mình,Kiểm tra lại giá vốn ¥ (1488¥): j86 bán 239.000đ < vốn 249.091đ → khả năng khớp sai sản phẩm/dung tích,slug,100,Sữa Dưỡng Thể Hatomugi Lotion Ban Đêm,239000,,còn 18 hàng,DƯỠNG THỂ ( BODY ),https://j86store.com/product/sua-duong-the-hatomugi-body-lotion-ban-dem-250gr/,Sữa Dưỡng Thể Hatomugi Lotion Ban Đêm,REIH-CSB-2112-1313,443000,,publish,Chăm sóc body,204000,85.4,249091,43.8,-4.2,https://linconnn.io.vn/product/sua-duong-the-hatomugi-body-lotion-ban-dem-250gr/
LienStore đắt hơn 82.5% · j86 bán dưới giá vốn của mình,Kiểm tra lại giá vốn ¥ (1798¥): j86 bán 280.000đ < vốn 300.985đ → khả năng khớp sai sản phẩm/dung tích,slug,100,Tẩy tế bào chết Detclear Bright And Peel Nhật Bản 180ml,280000,,còn 20 hàng,TÂY TẾ BÀO CHẾT ( EXFOLIATE DEAD SKIN ),https://j86store.com/product/tay-te-bao-chet-detclear-bright-and-peel-nhat-ban-180ml/,Tẩy tế bào chết Detclear Bright And Peel Nhật Bản 180ml,DETC-SRMT-2307-1737,511000,,publish,Sữa rửa mặt & tẩy trang,231000,82.5,300985,41.1,-7.5,https://linconnn.io.vn/product/tay-te-bao-chet-detclear-bright-and-peel-nhat-ban-180ml/
LienStore đắt hơn 80.4% · j86 bán dưới giá vốn của mình,Kiểm tra lại giá vốn ¥ (3780¥): j86 bán 499.000đ < vốn 632.772đ → khả năng khớp sai sản phẩm/dung tích,slug,100,Mask Moritaya Tofu Mặt Nạ Đậu Phụ 150g,499000,,Hết hàng,MẶT NẠ ( MASK ),https://j86store.com/product/mat-na-dau-phu-moritaya-tofu-mask-150g/,Mask Moritaya Tofu Mặt Nạ Đậu Phụ 150g,TOFU-MNM-2006-0256,900000,,publish · ngừng bán,Mặt nạ,401000,80.4,632772,29.7,-26.8,https://linconnn.io.vn/product/mat-na-dau-phu-moritaya-tofu-mask-150g/
LienStore đắt hơn 79%,Giữ giá — bằng giá j86 lãi chỉ 6.7%,slug,100,Dầu Gội Tonic Cho Nam,210000,,còn 20 hàng,SẢN PHẨM DÀNH CHO NAM ( MEN ),https://j86store.com/product/dau-goi-tonic-cho-nam/,Dầu Gội Tonic Cho Nam,TONI-SPDC-2210-1603,376000,,publish,Dành cho nam,166000,79,195858,47.9,6.7,https://linconnn.io.vn/product/dau-goi-tonic-cho-nam/
LienStore đắt hơn 77.4%,Giảm một phần (về giá j86 lãi chỉ 11.8%),slug,100,Sữa Rửa Mặt Tạo Bọt Màu Xanh HADA LABO,195000,,còn 18 hàng,SỮA RỬA MẶT,https://j86store.com/product/sua-rua-mat-tao-bot-mau-xanh-hada-labo/,Sữa Rửa Mặt Tạo Bọt Màu Xanh HADA LABO,HADA-SRMT-2203-1493,346000,,publish,Sữa rửa mặt & tẩy trang,151000,77.4,171920,50.3,11.8,https://linconnn.io.vn/product/sua-rua-mat-tao-bot-mau-xanh-hada-labo/
LienStore đắt hơn 74% · j86 bán dưới giá vốn của mình,Kiểm tra lại giá vốn ¥ (2580¥): j86 bán 350.000đ < vốn 431.892đ → khả năng khớp sai sản phẩm/dung tích,slug,100,Viên uống Collagen DHC 60 Ngày,350000,,còn 20 hàng,THỰC PHẨM CHỨC NĂNG ( FUNCTIONAL FOODS ),https://j86store.com/product/vien-uong-collagen-dhc-60-ngay/,Viên uống Collagen DHC 60 Ngày,DHC-TPCN-2206-1533,609000,,publish,Thực phẩm chức năng,259000,74,431892,29.1,-23.4,https://linconnn.io.vn/product/vien-uong-collagen-dhc-60-ngay/
LienStore đắt hơn 64.3% · j86 bán dưới giá vốn của mình,Kiểm tra lại giá vốn ¥ (1280¥): j86 bán 210.000đ < vốn 214.272đ → khả năng khớp sai sản phẩm/dung tích,slug,100,KEM TRỊ NỨT NẺ TAY CHÂN SHSEIDO UREA CREAM 100gr,210000,,còn 20 hàng,DƯỠNG THỂ ( BODY ) | TỦ THUỐC GIA ĐÌNH ( FAMILY MEDICINE ),https://j86store.com/product/kem-tri-nut-ne-tay-chan-shseido-urea-cream-100gr/,KEM TRỊ NỨT NẺ TAY CHÂN SHSEIDO UREA CREAM 100gr,SHIS-CSB-2303-1644,345000,,publish,Chăm sóc body | Tủ thuốc gia đình,135000,64.3,214272,37.9,-2,https://linconnn.io.vn/product/kem-tri-nut-ne-tay-chan-shseido-urea-cream-100gr/
LienStore đắt hơn 64%,Có thể giảm về ~150.000đ (lãi còn 38.7%),slug,100,Perfect Whip Sữa Rửa Mặt – Xanh,150000,,còn 18 hàng,SỮA RỬA MẶT,https://j86store.com/product/sua-rua-mat-senka-perfect-whip-mau-xanh-duong/,Perfect Whip Sữa Rửa Mặt – Xanh,SENK-SRMT-2006-0274,246000,,publish,Sữa rửa mặt & tẩy trang,96000,64,91903,62.6,38.7,https://linconnn.io.vn/product/sua-rua-mat-senka-perfect-whip-mau-xanh-duong/
LienStore đắt hơn 63.2% · j86 bán dưới giá vốn của mình,Kiểm tra lại giá vốn ¥ (1154¥): j86 bán 190.000đ < vốn 193.180đ → khả năng khớp sai sản phẩm/dung tích,slug,100,Kem Trị Sẹo Gentacin 1%,190000,,còn 10 hàng,TỦ THUỐC GIA ĐÌNH ( FAMILY MEDICINE ),https://j86store.com/product/kem-tri-seo-gentacin-1/,Kem Trị Sẹo Gentacin 1%,GENT-TTGD-2209-1582,310000,,publish,Tủ thuốc gia đình,120000,63.2,193180,37.7,-1.7,https://linconnn.io.vn/product/kem-tri-seo-gentacin-1/
LienStore đắt hơn 58.8% · j86 bán dưới giá vốn của mình,Kiểm tra lại giá vốn ¥ (13200¥): j86 bán 1.990.000đ < vốn 2.209.680đ → khả năng khớp sai sản phẩm/dung tích,slug,100,Thực Phẩm Bảo Vệ Sức Khỏe PLACENTA 82X 450000 CLASSIC,1990000,,còn 20 hàng,THỰC PHẨM CHỨC NĂNG ( FUNCTIONAL FOODS ) | TRỊ NÁM - TÀN NHANG ( TREAT MELASMA FRECKLES ),https://j86store.com/product/thuc-pham-bao-ve-suc-khoe-placenta-82x-450000-classic/,Thực Phẩm Bảo Vệ Sức Khỏe PLACENTA 82X 450000 CLASSIC,82X-TPCN-2203-1419,3161000,,publish,Dưỡng da mặt | Thực phẩm chức năng,1171000,58.8,2209680,30.1,-11,https://linconnn.io.vn/product/thuc-pham-bao-ve-suc-khoe-placenta-82x-450000-classic/
LienStore đắt hơn 51.9% · j86 bán dưới giá vốn của mình,Kiểm tra lại giá vốn ¥ (10380¥): j86 bán 1.700.000đ < vốn 1.737.612đ → khả năng khớp sai sản phẩm/dung tích,slug,100,TẢO VÀNG EX 2000 Viên,1700000,,còn 20 hàng,THỰC PHẨM CHỨC NĂNG ( FUNCTIONAL FOODS ),https://j86store.com/product/tao-vang-ex-2000-vien/,TẢO VÀNG EX 2000 Viên,SPIR-TPCN-2310-1744,2582000,,publish,Thực phẩm chức năng,882000,51.9,1737612,32.7,-2.2,https://linconnn.io.vn/product/tao-vang-ex-2000-vien/
LienStore đắt hơn 51.7% · j86 bán dưới giá vốn của mình,Kiểm tra lại giá vốn ¥ (12000¥): j86 bán 1.900.000đ < vốn 2.008.800đ → khả năng khớp sai sản phẩm/dung tích,slug,100,Thực Phẩm Bảo Vệ Sức Khỏe COLLAGEN 82X 120000 CLASSIC,1900000,,còn 20 hàng,THỰC PHẨM CHỨC NĂNG ( FUNCTIONAL FOODS ),https://j86store.com/product/collagen-82x-classic-dong-collagen-truyen-thong/,Thực Phẩm Bảo Vệ Sức Khỏe COLLAGEN 82X 120000 CLASSIC,82X-TPCN-2203-1416,2882000,,publish,Thực phẩm chức năng,982000,51.7,2008800,30.3,-5.7,https://linconnn.io.vn/product/collagen-82x-classic-dong-collagen-truyen-thong/
LienStore đắt hơn 47.7%,Có thể giảm về ~285.000đ (lãi còn 35.6%),slug,100,Sữa Tắm Trắng Da White Conc Body 360ml,285000,,còn 20 hàng,SỮA TẮM ( SHOWER GEL ),https://j86store.com/product/sua-tam-trang-da-white-conc-body-360ml/,Sữa Tắm Trắng Da White Conc Body 360ml,WHIT-CSB-2203-1438,421000,,publish,Chăm sóc body,136000,47.7,183638,56.4,35.6,https://linconnn.io.vn/product/sua-tam-trang-da-white-conc-body-360ml/
LienStore đắt hơn 47.7%,Có thể giảm về ~790.000đ (lãi còn 28%),slug,100,TẢO LỤC HOÀNG GIA,790000,,còn 20 hàng,THỰC PHẨM CHỨC NĂNG ( FUNCTIONAL FOODS ),https://j86store.com/product/tao-luc-hoang-gia/,TẢO LỤC HOÀNG GIA,YUUK-TPCN-2303-1652,1167000,,publish,Thực phẩm chức năng,377000,47.7,568993,51.2,28,https://linconnn.io.vn/product/tao-luc-hoang-gia/
LienStore đắt hơn 47.5% · j86 bán dưới giá vốn của mình,Kiểm tra lại giá vốn ¥ (2743¥): j86 bán 459.000đ < vốn 459.178đ → khả năng khớp sai sản phẩm/dung tích,slug,100,Lululun Face Mask Blue Mặt Nạ- Dưỡng Ẩm Sâu,459000,,Hết hàng,MẶT NẠ ( MASK ),https://j86store.com/product/lululun-face-mask-blue-mat-na-duong-am-sau/,Lululun Face Mask Blue Mặt Nạ- Dưỡng Ẩm Sâu,LULU-MNM-2110-1229,677000,,publish · ngừng bán,Mặt nạ,218000,47.5,459178,32.2,0,https://linconnn.io.vn/product/lululun-face-mask-blue-mat-na-duong-am-sau/
LienStore đắt hơn 41.5%,Giữ giá — bằng giá j86 lãi chỉ 7.1%,slug,100,Viên Uống Thơm Cơ Thể DHC 20 Ngày,270000,,còn 20 hàng,THỰC PHẨM CHỨC NĂNG ( FUNCTIONAL FOODS ),https://j86store.com/product/vien-uong-thom-co-the-dhc-20-ngay/,Viên Uống Thơm Cơ Thể DHC 20 Ngày,DHC-TPCN-2206-1527,382000,,publish,Thực phẩm chức năng,112000,41.5,250765,34.4,7.1,https://linconnn.io.vn/product/vien-uong-thom-co-the-dhc-20-ngay/
LienStore đắt hơn 40%,Có thể giảm về ~300.000đ (lãi còn 24.7%),slug,100,KẸO CHO TRẺ BIẾNG ĂN MAMA RAMUNE,300000,,http://schema.org/InStock,MOM AND BABY,https://j86store.com/product/keo-cho-tre-bieng-an-mama-ramune/,KẸO CHO TRẺ BIẾNG ĂN MAMA RAMUNE,MAMA-MAB-2303-1634,420000,,publish,Mẹ và bé,120000,40,225990,46.2,24.7,https://linconnn.io.vn/product/keo-cho-tre-bieng-an-mama-ramune/
LienStore đắt hơn 39.1%,Có thể giảm về ~890.000đ (lãi còn 34.8%),slug,100,Sữa Meji Cho Bé Từ 0-1 Tuổi Dạng Lon 800g,890000,,còn 20 hàng,MOM AND BABY,https://j86store.com/product/sua-meji-cho-be-tu-0-1-tuoi-dang-lon-800g/,Sữa Meji Cho Bé Từ 0-1 Tuổi Dạng Lon 800g,MEIJ-MAB-2206-1539,1238000,,publish,Mẹ và bé,348000,39.1,580041,53.1,34.8,https://linconnn.io.vn/product/sua-meji-cho-be-tu-0-1-tuoi-dang-lon-800g/
LienStore đắt hơn 36.3%,Giảm một phần (về giá j86 lãi chỉ 11.3%),slug,100,Tẩy Tế Bào Chết White Conc Vitamin C,270000,,còn 20 hàng,TẨY TRANG ( CLEANSING ),https://j86store.com/product/1567/,Tẩy Tế Bào Chết White Conc Vitamin C,WHIT-SRMT-2206-1567,368000,,publish,Sữa rửa mặt & tẩy trang,98000,36.3,239382,35,11.3,https://linconnn.io.vn/product/1567/
LienStore đắt hơn 31.8%,Giữ giá — bằng giá j86 lãi chỉ 8.7%,slug,100,Viên Uống Bổ Mắt Noguchi Lutein EX Hộp 60,390000,,còn 18 hàng,MẮT ( EYES ) | THỰC PHẨM CHỨC NĂNG ( FUNCTIONAL FOODS ),https://j86store.com/product/vien-uong-bo-mat-noguchi-lutein-ex-hop-60/,Viên Uống Bổ Mắt Noguchi Lutein EX Hộp 60,NOGU-ME-2408-1756,514000,,publish,Chăm sóc mắt | Thực phẩm chức năng,124000,31.8,356227,30.7,8.7,https://linconnn.io.vn/product/vien-uong-bo-mat-noguchi-lutein-ex-hop-60/
LienStore đắt hơn 31.6%,Giữ giá — bằng giá j86 lãi chỉ 8.3%,slug,100,Thực Phẩm Bảo Vệ Sức Khỏe COLLAGEN 82X 120000 SAKURA PREMIUM,2190000,,còn 20 hàng,THỰC PHẨM CHỨC NĂNG ( FUNCTIONAL FOODS ),https://j86store.com/product/thuc-pham-bao-ve-suc-khoe-collagen-82x-120000-sakura-premium/,Thực Phẩm Bảo Vệ Sức Khỏe COLLAGEN 82X 120000 SAKURA PREMIUM,82X-TPCN-2203-1423,2882000,,publish,Thực phẩm chức năng,692000,31.6,2008800,30.3,8.3,https://linconnn.io.vn/product/thuc-pham-bao-ve-suc-khoe-collagen-82x-120000-sakura-premium/
LienStore đắt hơn 30.1%,Giữ giá — bằng giá j86 lãi chỉ 7%,slug,100,Gel Tẩy Tế Bào Chết Cure Natural Aqua Nhật Bản,495000,,còn 20 hàng,TÂY TẾ BÀO CHẾT ( EXFOLIATE DEAD SKIN ),https://j86store.com/product/gel-tay-te-bao-chet-cure-natural-aqua-nhat-ban/,Gel Tẩy Tế Bào Chết Cure Natural Aqua Nhật Bản,CURE-SRMT-2307-1735,644000,,publish,Sữa rửa mặt & tẩy trang,149000,30.1,460350,28.5,7,https://linconnn.io.vn/product/gel-tay-te-bao-chet-cure-natural-aqua-nhat-ban/
LienStore đắt hơn 28.9%,Giảm một phần (về giá j86 lãi chỉ 15.2%),slug,100,LuLuLun Face Mask White Mặt Nạ-Dưỡng Trắng,450000,,Hết hàng,MẶT NẠ ( MASK ),https://j86store.com/product/mat-na-lululun-mau-trang/,LuLuLun Face Mask White Mặt Nạ-Dưỡng Trắng,LULU-MNM-2006-0247,580000,,publish · ngừng bán,Mặt nạ,130000,28.9,381672,34.2,15.2,https://linconnn.io.vn/product/mat-na-lululun-mau-trang/
LienStore đắt hơn 26.9%,Giảm một phần (về giá j86 lãi chỉ 12.3%),slug,100,BB Chocola Trị Mụn 170 Viên,550000,,còn 1 hàng,THỰC PHẨM CHỨC NĂNG ( FUNCTIONAL FOODS ) | TRỊ MỤN ( ACNE TREATRMENT ),https://j86store.com/product/vien-uong-tri-mun-bb-chocola/,BB Chocola Trị Mụn 170 Viên,CHOC-TPCN-2005-0193,698000,,publish,Thực phẩm chức năng | Trị mụn,148000,26.9,482614,30.9,12.3,https://linconnn.io.vn/product/vien-uong-tri-mun-bb-chocola/
LienStore đắt hơn 26.5%,Có thể giảm về ~790.000đ (lãi còn 50.8%),slug,100,Sữa Meiji Cho Bé Từ 1-3 Tuổi Dạng Lon 800g,790000,,còn 20 hàng,MOM AND BABY,https://j86store.com/product/sua-meiji-cho-be-tu-1-3-tuoi-dang-lon-800g/,Sữa Meiji Cho Bé Từ 1-3 Tuổi Dạng Lon 800g,MEIJ-MAB-2206-1536,999000,,publish,Mẹ và bé,209000,26.5,388703,61.1,50.8,https://linconnn.io.vn/product/sua-meiji-cho-be-tu-1-3-tuoi-dang-lon-800g/
LienStore đắt hơn 26%,Giảm một phần (về giá j86 lãi chỉ 12.3%),slug,100,Thuốc Đặc Trị Ho Cảm Cúm PABRON S NHẬT BẢN Dạng Gói,420000,,còn 20 hàng,TỦ THUỐC GIA ĐÌNH ( FAMILY MEDICINE ),https://j86store.com/product/thuoc-dac-tri-ho-cam-cum-pabron-s-nhat-ban-dang-goi/,Thuốc Đặc Trị Ho Cảm Cúm PABRON S NHẬT BẢN Dạng Gói,PABR-TTGD-2203-1431,529000,,publish,Tủ thuốc gia đình,109000,26,368280,30.4,12.3,https://linconnn.io.vn/product/thuoc-dac-tri-ho-cam-cum-pabron-s-nhat-ban-dang-goi/
LienStore đắt hơn 25.7%,Có thể giảm về ~210.000đ (lãi còn 60.4%),slug,100,Trà Ổi Orihiro Nhật Bản 60 Gói Giảm Cân Thanh Lọc Cơ Thể,210000,,còn 18 hàng,GIẢM CÂN ( DIET ),https://j86store.com/product/tra-oi-orihiro-nhat-ban-60-goi-giam-can-thanh-loc-co-the/,Trà Ổi Orihiro Nhật Bản 60 Gói Giảm Cân Thanh Lọc Cơ Thể,ORIH-GCD-2310-1742,264000,,publish,Giảm cân,54000,25.7,83198,68.5,60.4,https://linconnn.io.vn/product/tra-oi-orihiro-nhat-ban-60-goi-giam-can-thanh-loc-co-the/
LienStore đắt hơn 25.6%,Có thể giảm về ~180.000đ (lãi còn 58.2%),slug,100,SỮA RỬA MẶT PHARMAACT COOL,180000,,còn 18 hàng,SẢN PHẨM DÀNH CHO NAM ( MEN ) | SỮA RỬA MẶT,https://j86store.com/product/sua-rua-mat-pharmaact-cool/,SỮA RỬA MẶT PHARMAACT COOL,PHAR-SPDC-2303-1640,226000,,publish,Dành cho nam | Sữa rửa mặt & tẩy trang,46000,25.6,75330,66.7,58.2,https://linconnn.io.vn/product/sua-rua-mat-pharmaact-cool/
LienStore đắt hơn 24.8%,Có thể giảm về ~270.000đ (lãi còn 39.2%),slug,100,Xịt Chống Nắng Skin Aqua,270000,,http://schema.org/InStock,CHỐNG NẮNG ( UV ),https://j86store.com/product/xit-chong-nang-skin-aqua/,Xịt Chống Nắng Skin Aqua,SKIN-CNU-2304-1671,337000,,publish,Chống nắng,67000,24.8,164052,51.3,39.2,https://linconnn.io.vn/product/xit-chong-nang-skin-aqua/
LienStore đắt hơn 24.3%,Giảm một phần (về giá j86 lãi chỉ 15.6%),slug,100,Dầu Cá Omega 3 Orihiro 180 Viên,690000,,còn 20 hàng,THỰC PHẨM CHỨC NĂNG ( FUNCTIONAL FOODS ),https://j86store.com/product/dau-ca-omega-3-orihiro-180-vien/,Dầu Cá Omega 3 Orihiro 180 Viên,ORIH-TPCN-2206-1564,858000,,publish,Thực phẩm chức năng,168000,24.3,582552,32.1,15.6,https://linconnn.io.vn/product/dau-ca-omega-3-orihiro-180-vien/
LienStore đắt hơn 22.7%,Có thể giảm về ~185.000đ (lãi còn 58.8%),slug,100,Sữa Rửa Mặt Trà Xanh Rohto,185000,,còn 18 hàng,SỮA RỬA MẶT,https://j86store.com/product/sua-rua-mat-tra-xanh-rohto/,Sữa Rửa Mặt Trà Xanh Rohto,ROHT-SRMT-2010-0791,227000,,publish,Sữa rửa mặt & tẩy trang,42000,22.7,76167,66.4,58.8,https://linconnn.io.vn/product/sua-rua-mat-tra-xanh-rohto/
LienStore đắt hơn 22.7%,Có thể giảm về ~119.000đ (lãi còn 48.2%),slug,100,Kem Dưỡng Thoa Tay – Hand Cream Kose,119000,,http://schema.org/InStock,KEM DƯỠNG DÀNH CHO MẶT ( FACE CREAM ),https://j86store.com/product/kem-duong-thoa-tay-hand-cream-kose/,Kem Dưỡng Thoa Tay – Hand Cream Kose,N/A,146000,,publish,Dưỡng da mặt,27000,22.7,61603,57.8,48.2,https://linconnn.io.vn/product/kem-duong-thoa-tay-hand-cream-kose/
LienStore đắt hơn 22.5%,Có thể giảm về ~275.000đ (lãi còn 48.4%),slug,100,Orihiro Ukon Tea Trà Nghệ 60 Gói,275000,,còn 7 hàng,THỰC PHẨM CHỨC NĂNG ( FUNCTIONAL FOODS ),https://j86store.com/product/tra-nghe-orihiro/,Orihiro Ukon Tea Trà Nghệ 60 Gói,ORIH-TPCN-2005-0197,337000,,publish,Thực phẩm chức năng,62000,22.5,141788,57.9,48.4,https://linconnn.io.vn/product/tra-nghe-orihiro/
LienStore đắt hơn 20.5%,Có thể giảm về ~220.000đ (lãi còn 27.7%),slug,100,Skin Aqua Tone Up Kem Chống Nắng 80g,220000,,còn 14 hàng,CHỐNG NẮNG ( UV ),https://j86store.com/product/kem-chong-nang-skin-aqua-tone-up-uv-essence/,Skin Aqua Tone Up Kem Chống Nắng 80g,ROHT-CNU-2011-0280,265000,,publish,Chống nắng,45000,20.5,159030,40,27.7,https://linconnn.io.vn/product/kem-chong-nang-skin-aqua-tone-up-uv-essence/
LienStore đắt hơn 19.3%,Có thể giảm về ~400.000đ (lãi còn 30.9%),slug,100,Pair Acne Lotion Ngừa_Trị Mụn,400000,,còn 1 hàng,NƯỚC HOA HỒNG ( LOTION ) | TRỊ MỤN ( ACNE TREATRMENT ),https://j86store.com/product/223/,Pair Acne Lotion Ngừa Trị Mụn,PAIR-DDM-2006-0223,477000,,publish,Dưỡng da mặt | Trị mụn,77000,19.3,276210,42.1,30.9,https://linconnn.io.vn/product/223/
LienStore đắt hơn 18.9%,Có thể giảm về ~270.000đ (lãi còn 55.7%),slug,100,Mask Keana Rice Mặt Nạ Gạo 10 Miếng,270000,,còn 18 hàng,MẶT NẠ ( MASK ),https://j86store.com/product/mat-na-gao-keana-rice-mask-10-mieng/,Mask Keana Rice Mặt Nạ Gạo 10 Miếng,KEAN-MNM-2010-0258,321000,,publish,Mặt nạ,51000,18.9,119691,62.7,55.7,https://linconnn.io.vn/product/mat-na-gao-keana-rice-mask-10-mieng/
LienStore đắt hơn 17.6%,Giảm một phần (về giá j86 lãi chỉ 18.2%),slug,100,Thuốc Đặc Trị Ho Cảm Cúm PABRON S NHẬT BẢN Dạng Viên,450000,,còn 20 hàng,TỦ THUỐC GIA ĐÌNH ( FAMILY MEDICINE ),https://j86store.com/product/thuoc-dac-tri-ho-cam-cum-pabron-s-nhat-ban/,Thuốc Đặc Trị Ho Cảm Cúm PABRON S NHẬT BẢN Dạng Viên,PABR-TTGD-2203-1429,529000,,publish,Tủ thuốc gia đình,79000,17.6,368280,30.4,18.2,https://linconnn.io.vn/product/thuoc-dac-tri-ho-cam-cum-pabron-s-nhat-ban/
LienStore đắt hơn 17.3%,Giảm một phần (về giá j86 lãi chỉ 17.6%),slug,100,VIÊN BỔ NÃO TRỊ CHỨNG MẤT NGỦ TIỀN ĐÌNH,480000,,còn 20 hàng,THỰC PHẨM CHỨC NĂNG ( FUNCTIONAL FOODS ),https://j86store.com/product/vien-bo-nao-tri-chung-mat-ngu-tien-dinh/,VIÊN BỔ NÃO TRỊ CHỨNG MẤT NGỦ TIỀN ĐÌNH,NAO-TPCN-2303-1646,563000,,publish,Thực phẩm chức năng,83000,17.3,395566,29.7,17.6,https://linconnn.io.vn/product/vien-bo-nao-tri-chung-mat-ngu-tien-dinh/
LienStore đắt hơn 16.8%,Có thể giảm về ~279.000đ (lãi còn 49%),slug,100,Tẩy Trang Muji Oil Cleansing 200ml,279000,,còn 20 hàng,TẨY TRANG ( CLEANSING ),https://j86store.com/product/tay-trang-muji-oil-cleansing-200ml/,Tẩy Trang Muji Oil Cleansing 200ml,MUJI-SRMT-2110-1249,326000,,publish,Sữa rửa mặt & tẩy trang,47000,16.8,142290,56.4,49,https://linconnn.io.vn/product/tay-trang-muji-oil-cleansing-200ml/
LienStore đắt hơn 14.9%,Giữ giá (chênh ≤ 15%),slug,100,LuLuLun Face Mask Pink Mặt Nạ-Cân Bằng Ẩm,450000,,Hết hàng,MẶT NẠ ( MASK ),https://j86store.com/product/mat-na-lululun-face-mask-pink-duong-am/,LuLuLun Face Mask Pink Mặt Nạ-Cân Bằng Ẩm,LULU-MNM-2006-0250,517000,,publish · ngừng bán,Mặt nạ,67000,14.9,331452,35.9,26.3,https://linconnn.io.vn/product/mat-na-lululun-face-mask-pink-duong-am/
LienStore đắt hơn 14.5%,Giữ giá (chênh ≤ 15%),slug,100,Spirulina Tảo Xoắn Chai 2200 Viên,750000,,http://schema.org/InStock,THỰC PHẨM CHỨC NĂNG ( FUNCTIONAL FOODS ),https://j86store.com/product/spirulina-tao-xoan-chai-2200-vien/,Spirulina Tảo Xoắn Chai 2200 Viên,JAPA-TPCN-2009-0659,859000,,publish,Thực phẩm chức năng,109000,14.5,334633,61,55.4,https://linconnn.io.vn/product/spirulina-tao-xoan-chai-2200-vien/
LienStore đắt hơn 13.8%,Giữ giá (chênh ≤ 15%),slug,100,Kem Hâp và Ủ Tóc Fino ShiSeiDo,290000,,còn 20 hàng,PHỤC HỒI TÓC TẠI NHÀ ( HAIR ),https://j86store.com/product/kem-hap-va-u-toc-fino-shiseido/,Kem Hâp và Ủ Tóc Fino ShiSeiDo,FINO-CST-2210-1599,330000,,publish,Chăm sóc tóc,40000,13.8,202889,38.5,30,https://linconnn.io.vn/product/kem-hap-va-u-toc-fino-shiseido/
LienStore đắt hơn 12.4%,Giữ giá (chênh ≤ 15%),slug,100,Thực Phẩm Bảo Vệ Sức Khỏe PLACENTA 82X 450000 SAKURA PREMIUM,2590000,,còn 20 hàng,THỰC PHẨM CHỨC NĂNG ( FUNCTIONAL FOODS ),https://j86store.com/product/thuc-pham-bao-ve-suc-khoe-placenta-82x-450000-sakura-premium/,Thực Phẩm Bảo Vệ Sức Khỏe PLACENTA 82X 450000 SAKURA PREMIUM,82X-TPCN-2203-1414,2910000,,publish,Thực phẩm chức năng,320000,12.4,2008800,31,22.4,https://linconnn.io.vn/product/thuc-pham-bao-ve-suc-khoe-placenta-82x-450000-sakura-premium/
LienStore đắt hơn 11.4%,Giữ giá (chênh ≤ 15%),slug,100,Sữa Dưỡng Thể Hatomugi Chống Nắng SPF31 PA+++,290000,,còn 18 hàng,DƯỠNG THỂ ( BODY ),https://j86store.com/product/sua-duong-the-hatomugi-chong-nang-spf31-pa/,Sữa Dưỡng Thể Hatomugi Chống Nắng SPF31 PA+++,REIH-CSB-2112-1311,323000,,publish,Chăm sóc body,33000,11.4,153506,52.5,47.1,https://linconnn.io.vn/product/sua-duong-the-hatomugi-chong-nang-spf31-pa/
LienStore đắt hơn 11.2%,Giữ giá (chênh ≤ 15%),slug,100,Kem Dưỡng Trắng Da Transino Whitening Repair Cream EX,890000,,còn 18 hàng,KEM DƯỠNG DÀNH CHO MẶT ( FACE CREAM ),https://j86store.com/product/kem-duong-trang-da-transino-whitening-repair-cream-ex/,Kem Dưỡng Trắng Da Transino Whitening Repair Cream EX,TRAN-DDM-2408-1769,990000,,publish,Dưỡng da mặt,100000,11.2,736560,25.6,17.2,https://linconnn.io.vn/product/kem-duong-trang-da-transino-whitening-repair-cream-ex/
LienStore đắt hơn 9.6%,Giữ giá (chênh ≤ 15%),slug,100,Sữa Rửa Mặt Oxy Màu Xanh 130g,260000,,còn 18 hàng,SỮA RỬA MẶT,https://j86store.com/product/sua-rua-mat-oxy-mau-xanh-130g-2/,Sữa Rửa Mặt Oxy Màu Xanh 130g,OXY-SRMT-2012-0915,285000,,publish,Sữa rửa mặt & tẩy trang,25000,9.6,150493,47.2,42.1,https://linconnn.io.vn/product/sua-rua-mat-oxy-mau-xanh-130g-2/
LienStore đắt hơn 7.3%,Giữ giá (chênh ≤ 15%),slug,100,Viên Uống Trị Đau Cơ Kurema,600000,,còn 20 hàng,THỰC PHẨM CHỨC NĂNG ( FUNCTIONAL FOODS ),https://j86store.com/product/vien-uong-tri-dau-co-kurema/,Viên Uống Trị Đau Cơ Kurema,KURE-TPCN-2304-1668,644000,,publish,Thực phẩm chức năng,44000,7.3,460350,28.5,23.3,https://linconnn.io.vn/product/vien-uong-tri-dau-co-kurema/
LienStore đắt hơn 7.1%,Giữ giá (chênh ≤ 15%),slug,100,Gel tẩy tế bào chết Rosette xanh Nhật Bản,225000,,còn 20 hàng,TÂY TẾ BÀO CHẾT ( EXFOLIATE DEAD SKIN ),https://j86store.com/product/gel-tay-te-bao-chet-rosette-xanh-nhat-ban/,Gel tẩy tế bào chết Rosette xanh Nhật Bản,ROSE-SRMT-2307-1731,241000,,publish,Sữa rửa mặt & tẩy trang,16000,7.1,138105,42.7,38.6,https://linconnn.io.vn/product/gel-tay-te-bao-chet-rosette-xanh-nhat-ban/
LienStore đắt hơn 7.1%,Giữ giá (chênh ≤ 15%),slug,100,Gel tẩy tế bào chết Rosette Hồng Nhật Bản,225000,,còn 20 hàng,TÂY TẾ BÀO CHẾT ( EXFOLIATE DEAD SKIN ),https://j86store.com/product/gel-tay-te-bao-chet-rosette-hong-nhat-ban/,Gel tẩy tế bào chết Rosette Hồng Nhật Bản,ROSE-SRMT-2307-1734,241000,,publish,Sữa rửa mặt & tẩy trang,16000,7.1,138105,42.7,38.6,https://linconnn.io.vn/product/gel-tay-te-bao-chet-rosette-hong-nhat-ban/
LienStore đắt hơn 5.7%,Giữ giá (chênh ≤ 15%),slug,100,Arau Baby Sữa Tắm Gội Cho Bé 450ml,350000,,còn 4 hàng,MOM AND BABY,https://j86store.com/product/sua-tam-goi-cho-be-arau-baby/,Arau Baby Sữa Tắm Gội Cho Bé 450ml,ARAU-MAB-2006-0301,370000,,publish,Mẹ và bé,20000,5.7,109647,70.4,68.7,https://linconnn.io.vn/product/sua-tam-goi-cho-be-arau-baby/
LienStore rẻ hơn 3.5%,Giữ giá (chênh ≤ 15%),slug,100,Nước Hoa Hồng CC Melano,310000,,còn 20 hàng,NƯỚC HOA HỒNG ( LOTION ),https://j86store.com/product/nuoc-hoa-hong-cc-melano/,Nước Hoa Hồng CC Melano,MELA-DDM-2209-1590,299000,,publish,Dưỡng da mặt,-11000,-3.5,133920,55.2,56.8,https://linconnn.io.vn/product/nuoc-hoa-hong-cc-melano/
LienStore rẻ hơn 9.2%,Giữ giá (chênh ≤ 15%),slug,100,Viên Uống Tiểu Đường Mayado Tokaijyo,730000,,http://schema.org/InStock,THỰC PHẨM CHỨC NĂNG ( FUNCTIONAL FOODS ),https://j86store.com/product/vien-uong-tieu-duong-mayado-tokaijyo/,Viên Uống Tiểu Đường Mayado Tokaijyo,MAYA-TPCN-2303-1632,663000,,publish,Thực phẩm chức năng,-67000,-9.2,475583,28.3,34.9,https://linconnn.io.vn/product/vien-uong-tieu-duong-mayado-tokaijyo/
LienStore rẻ hơn 11.6%,Có thể tăng ~29k lên gần giá j86,slug,100,Thuốc Trị Cảm Sốt Cho Bé Paburon Dạng Gói,250000,,còn 20 hàng,MOM AND BABY | TỦ THUỐC GIA ĐÌNH ( FAMILY MEDICINE ),https://j86store.com/product/thuoc-tri-cam-sot-cho-be-paburon-dang-goi/,Thuốc Trị Cảm Sốt Cho Bé Paburon Dạng Gói,PABR-MAB-2203-1412,221000,,publish,Mẹ và bé | Tủ thuốc gia đình,-29000,-11.6,121700,44.9,51.3,https://linconnn.io.vn/product/thuoc-tri-cam-sot-cho-be-paburon-dang-goi/
LienStore rẻ hơn 11.8%,Có thể tăng ~45k lên gần giá j86,slug,100,Kem Dưỡng Ngày Hadalabo Xanh 7in1,380000,,còn 18 hàng,KEM DƯỠNG DÀNH CHO MẶT ( FACE CREAM ),https://j86store.com/product/kem-duong-ngay-hadalabo-xanh-7in1/,Kem Dưỡng Ngày Hadalabo Xanh 7in1,HADA-DDM-2209-1578,335000,,publish,Dưỡng da mặt,-45000,-11.8,212598,36.5,44.1,https://linconnn.io.vn/product/kem-duong-ngay-hadalabo-xanh-7in1/
LienStore rẻ hơn 12.3%,Có thể tăng ~40k lên gần giá j86,slug,100,Kem Dưỡng Trắng Da CC Melano Brightening Gel 100g,325000,,còn 20 hàng,KEM DƯỠNG DÀNH CHO MẶT ( FACE CREAM ),https://j86store.com/product/kem-duong-trang-da-cc-melano-brightening-gel-100g/,Kem Dưỡng Trắng Da CC Melano Brightening Gel 100g,MELA-DDM-2206-1531,285000,,publish,Dưỡng da mặt,-40000,-12.3,165893,41.8,49,https://linconnn.io.vn/product/kem-duong-trang-da-cc-melano-brightening-gel-100g/
LienStore rẻ hơn 13%,Có thể tăng ~220k lên gần giá j86,slug,100,Transino Trị Nám 240 Viên,1690000,,http://schema.org/InStock,TRỊ NÁM - TÀN NHANG ( TREAT MELASMA FRECKLES ),https://j86store.com/product/transino-mau-trang-240-vien/,Transino Trị Nám 240 Viên,TRAN-DDM-2011-0320,1470000,,publish,Dưỡng da mặt,-220000,-13,1054453,28.3,37.6,https://linconnn.io.vn/product/transino-mau-trang-240-vien/
LienStore rẻ hơn 13.3%,Có thể tăng ~285k lên gần giá j86,slug,100,Collagen Refa 16 Dạng Nước 480ml,2150000,,còn 20 hàng,THỰC PHẨM CHỨC NĂNG ( FUNCTIONAL FOODS ),https://j86store.com/product/collagen-refa-16-dang-nuoc-480ml/,Collagen Refa 16 Dạng Nước 480ml,REFA-TPCN-2111-1269,1865000,,publish,Thực phẩm chức năng,-285000,-13.3,1138990,38.9,47,https://linconnn.io.vn/product/collagen-refa-16-dang-nuoc-480ml/
LienStore rẻ hơn 15.5%,Có thể tăng ~51k lên gần giá j86,slug,100,Pair Acne Sữa Rửa Mặt Ngừa-Trị Mụn,330000,,còn 5 hàng,TRỊ MỤN ( ACNE TREATRMENT ),https://j86store.com/product/sua-rua-mat-ngua-mun-pair-acne/,Pair Acne Sữa Rửa Mặt Ngừa-Trị Mụn,PAIR-TMAT-2006-0226,279000,,publish,Trị mụn,-51000,-15.5,118184,57.6,64.2,https://linconnn.io.vn/product/sua-rua-mat-ngua-mun-pair-acne/
LienStore rẻ hơn 18.6%,Có thể tăng ~121k lên gần giá j86,slug,100,Transino White C Clear 120 Viên,650000,,còn 20 hàng,THỰC PHẨM CHỨC NĂNG ( FUNCTIONAL FOODS ),https://j86store.com/product/tri-nam-transino-white-c-clear-120-vien/,Transino White C Clear 120 Viên,TRAN-TPCN-2006-0228,529000,,publish,Thực phẩm chức năng,-121000,-18.6,365434,30.9,43.8,https://linconnn.io.vn/product/tri-nam-transino-white-c-clear-120-vien/
LienStore rẻ hơn 19.1%,Có thể tăng ~124k lên gần giá j86,slug,100,Viên Uống Tinh Chất Hàu Tươi Orihiro,650000,,còn 20 hàng,THỰC PHẨM CHỨC NĂNG ( FUNCTIONAL FOODS ),https://j86store.com/product/vien-uong-tinh-chat-hau-tuoi-orihiro/,Viên Uống Tinh Chất Hàu Tươi Orihiro,ORIH-TPCN-2111-1281,526000,,publish,Thực phẩm chức năng,-124000,-19.1,365602,30.5,43.8,https://linconnn.io.vn/product/vien-uong-tinh-chat-hau-tuoi-orihiro/
LienStore rẻ hơn 19.6%,Có thể tăng ~51k lên gần giá j86,slug,100,Lion Pair Acne Cream W Kem Trị Mụn 14g,260000,,còn 20 hàng,TRỊ MỤN ( ACNE TREATRMENT ),https://j86store.com/product/lion-pair-acne-cream-w-14g/,Lion Pair Acne Cream W Kem Trị Mụn 14g,PAIR-TMAT-2005-0173,209000,,publish,Trị mụn,-51000,-19.6,133920,35.9,48.5,https://linconnn.io.vn/product/lion-pair-acne-cream-w-14g/
LienStore rẻ hơn 24.6%,Có thể tăng ~194k lên gần giá j86,slug,100,Viên Uống Bổ Não DHA ITOH 1000,790000,,http://schema.org/InStock,THỰC PHẨM CHỨC NĂNG ( FUNCTIONAL FOODS ),https://j86store.com/product/vien-uong-bo-nao-dha-itoh-1000/,Viên Uống Bổ Não DHA ITOH 1000,ITOH-TPCN-2303-1630,596000,,publish,Thực phẩm chức năng,-194000,-24.6,421513,29.3,46.6,https://linconnn.io.vn/product/vien-uong-bo-nao-dha-itoh-1000/
LienStore rẻ hơn 25.2%,Có thể tăng ~244k lên gần giá j86,slug,100,Kem Ủ Trắng Hasuko Cô Gái Nhật Bản 300g,970000,,còn 5 hàng,DƯỠNG THỂ ( BODY ),https://j86store.com/product/kem-u-trang-hasuko-co-gai-nhat-ban-300g/,Kem Ủ Trắng Hasuko Cô Gái Nhật Bản 300g,HASU-CSB-2201-1370,726000,,publish,Chăm sóc body,-244000,-25.2,418500,42.4,56.9,https://linconnn.io.vn/product/kem-u-trang-hasuko-co-gai-nhat-ban-300g/
LienStore rẻ hơn 26.3%,Có thể tăng ~79k lên gần giá j86,slug,100,Kem Dưỡng -Trị Thâm Mắt Meishoku 30g,300000,,còn 18 hàng,KEM DƯỠNG DÀNH CHO MẶT ( FACE CREAM ),https://j86store.com/product/kem-duong-tri-tham-mat-meishoku-30g/,Kem Dưỡng -Trị Thâm Mắt Meishoku 30g,MEIS-DDM-2009-0730,221000,,publish,Dưỡng da mặt,-79000,-26.3,143964,34.9,52,https://linconnn.io.vn/product/kem-duong-tri-tham-mat-meishoku-30g/
LienStore rẻ hơn 27.8%,Có thể tăng ~89k lên gần giá j86,slug,100,Viên Uống Rau Củ DHC 60 Ngày,320000,,còn 20 hàng,THỰC PHẨM CHỨC NĂNG ( FUNCTIONAL FOODS ),https://j86store.com/product/vien-uong-rau-cu-dhc-60-ngay/,Viên Uống Rau Củ DHC 60 Ngày,DHC-TPCN-2206-1525,231000,,publish,Thực phẩm chức năng,-89000,-27.8,129400,44,59.6,https://linconnn.io.vn/product/vien-uong-rau-cu-dhc-60-ngay/
LienStore rẻ hơn 30%,Có thể tăng ~78k lên gần giá j86,slug,100,Sữa Rửa Mặt Oxy Màu Đen 130g,260000,,còn 18 hàng,SỮA RỬA MẶT,https://j86store.com/product/sua-rua-mat-oxy-mau-xanh-130g/,Sữa Rửa Mặt Oxy Màu Đen 130g,OXY-SRMT-2012-0912,182000,,publish,Sữa rửa mặt & tẩy trang,-78000,-30,86881,52.3,66.6,https://linconnn.io.vn/product/sua-rua-mat-oxy-mau-xanh-130g/
LienStore rẻ hơn 30.4%,Có thể tăng ~149k lên gần giá j86,slug,100,KÍNH CHỐNG CÁC TIA ĐỘC HẠI CHO BÉ FREESE,490000,,Cho phép đặt hàng trước,MOM AND BABY,https://j86store.com/product/kinh-chong-cac-tia-doc-hai-cho-be-freese/,KÍNH CHỐNG CÁC TIA ĐỘC HẠI CHO BÉ FREESE,FREE-MAB-2111-1299,341000,,publish,Mẹ và bé,-149000,-30.4,215946,36.7,55.9,https://linconnn.io.vn/product/kinh-chong-cac-tia-doc-hai-cho-be-freese/
LienStore rẻ hơn 33.2%,Có thể tăng ~123k lên gần giá j86,slug,100,Viên Uống Vitamin Tổng Hợp DHC Multi Vitamins,370000,,còn 20 hàng,THỰC PHẨM CHỨC NĂNG ( FUNCTIONAL FOODS ),https://j86store.com/product/vien-uong-vitamin-tong-hop-dhc-multi-vitamins/,Viên Uống Vitamin Tổng Hợp DHC Multi Vitamins,DHC-TPCN-2110-1234,247000,,publish,Thực phẩm chức năng,-123000,-33.2,142457,42.3,61.5,https://linconnn.io.vn/product/vien-uong-vitamin-tong-hop-dhc-multi-vitamins/
LienStore rẻ hơn 35.2%,Có thể tăng ~155k lên gần giá j86,slug,100,Dung Dịch Vệ Sinh Vùng Kín Maputi,440000,,còn 20 hàng,GỐC CHỊ EM CHÚNG MÌNH ( WOMEN ),https://j86store.com/product/dung-dich-ve-sinh-vung-kin-maputi/,Dung Dịch Vệ Sinh Vùng Kín Maputi,MAPU-GCEC-2209-1592,285000,,publish,Sức khỏe phụ nữ,-155000,-35.2,123206,56.8,72,https://linconnn.io.vn/product/dung-dich-ve-sinh-vung-kin-maputi/
LienStore rẻ hơn 36.2%,Có thể tăng ~105k lên gần giá j86,slug,100,Viên Uống Bổ Sung Vitamin E 60 Ngày,290000,,còn 20 hàng,THỰC PHẨM CHỨC NĂNG ( FUNCTIONAL FOODS ),https://j86store.com/product/vien-uong-bo-sung-vitamin-e-60-ngay/,Viên Uống Bổ Sung Vitamin E 60 Ngày,DHC-TPCN-2206-1529,185000,,publish,Thực phẩm chức năng,-105000,-36.2,92740,49.9,68,https://linconnn.io.vn/product/vien-uong-bo-sung-vitamin-e-60-ngay/
LienStore rẻ hơn 36.3%,Có thể tăng ~323k lên gần giá j86,slug,100,Viên Xương Khớp Glucosamine Orihiro,890000,,còn 20 hàng,THỰC PHẨM CHỨC NĂNG ( FUNCTIONAL FOODS ),https://j86store.com/product/vien-xuong-khop-glucosamine-orihiro/,Viên Xương Khớp Glucosamine Orihiro,ORIH-TPCN-2111-1283,567000,,publish,Thực phẩm chức năng,-323000,-36.3,398914,29.6,55.2,https://linconnn.io.vn/product/vien-xuong-khop-glucosamine-orihiro/
LienStore rẻ hơn 37.2%,Có thể tăng ~119k lên gần giá j86,slug,100,Lion Pair Acne Cream W Kem Trị Mụn 24g,320000,,còn 2 hàng,TRỊ MỤN ( ACNE TREATRMENT ),https://j86store.com/product/kem-tri-mun-lion-pair-acne-cream-w-24g/,Lion Pair Acne Cream W Kem Trị Mụn 24g,PAIR-TMAT-2006-0245,201000,,publish,Trị mụn,-119000,-37.2,127224,36.7,60.2,https://linconnn.io.vn/product/kem-tri-mun-lion-pair-acne-cream-w-24g/
LienStore rẻ hơn 39.3%,Có thể tăng ~118k lên gần giá j86,slug,100,Viên Uống Bổ Sung Canxi DHC 60 Ngày,300000,,còn 20 hàng,THỰC PHẨM CHỨC NĂNG ( FUNCTIONAL FOODS ),https://j86store.com/product/vien-uong-bo-sung-canxi-dhc-60-ngay/,Viên Uống Bổ Sung Canxi DHC 60 Ngày,DHC-TPCN-2304-1656,182000,,publish,Thực phẩm chức năng,-118000,-39.3,90563,50.2,69.8,https://linconnn.io.vn/product/vien-uong-bo-sung-canxi-dhc-60-ngay/
LienStore rẻ hơn 41%,Có thể tăng ~86k lên gần giá j86,slug,100,GEL ĐẶC TRỊ HÔI NÁCH KOBAYASHI,210000,,còn 18 hàng,GỐC CHỊ EM CHÚNG MÌNH ( WOMEN ) | SẢN PHẨM DÀNH CHO NAM ( MEN ),https://j86store.com/product/gel-dac-tri-hoi-nach-kobayashi/,GEL ĐẶC TRỊ HÔI NÁCH KOBAYASHI,KOBA-GCEC-2408-1760,124000,,publish,Sức khỏe phụ nữ | Dành cho nam,-86000,-41,44026,64.5,79,https://linconnn.io.vn/product/gel-dac-tri-hoi-nach-kobayashi/
LienStore rẻ hơn 42%,Có thể tăng ~206k lên gần giá j86,slug,100,Thuốc Detox Nhuận Tràng Trị Táo Bón Kokando Byurakka,490000,,còn 20 hàng,GIẢM CÂN ( DIET ) | THỰC PHẨM CHỨC NĂNG ( FUNCTIONAL FOODS ),https://j86store.com/product/thuoc-detox-nhuan-trang-tri-tao-bon-kokando-byurakka/,Thuốc Detox Nhuận Tràng Trị Táo Bón Kokando Byurakka,BYUR-GCD-2112-1315,284000,,publish,Giảm cân | Thực phẩm chức năng,-206000,-42,172255,39.3,64.8,https://linconnn.io.vn/product/thuoc-detox-nhuan-trang-tri-tao-bon-kokando-byurakka/
LienStore rẻ hơn 49.3%,Có thể tăng ~335k lên gần giá j86,slug,100,Kem Tăng Ngực Maputi,680000,,còn 20 hàng,GỐC CHỊ EM CHÚNG MÌNH ( WOMEN ),https://j86store.com/product/kem-tang-nguc-maputi/,Kem Tăng Ngực Maputi,MAPU-GCEC-2210-1594,345000,,publish,Sức khỏe phụ nữ,-335000,-49.3,220968,36,67.5,https://linconnn.io.vn/product/kem-tang-nguc-maputi/
LienStore rẻ hơn 79.9%,Có thể tăng ~1399k lên gần giá j86,slug,100,Viên Ngăn Ngừa Đột Quỵ An Cung Ngưu Hoàn Nhật Bản,1750000,,http://schema.org/InStock,THỰC PHẨM CHỨC NĂNG ( FUNCTIONAL FOODS ),https://j86store.com/product/vien-ngan-ngua-dot-quy-an-cung-nguu-hoan-nhat-ban/,Viên Ngăn Ngừa Đột Quỵ An Cung Ngưu Hoàn Nhật Bản,AN-TPCN-2201-1358,351000,,publish,Thực phẩm chức năng,-1399000,-79.9,225990,35.6,87.1,https://linconnn.io.vn/product/vien-ngan-ngua-dot-quy-an-cung-nguu-hoan-nhat-ban/
LienStore rẻ hơn 98.7%,Có thể tăng ~740k lên gần giá j86,slug,100,Spirulina Tảo Xoắn 2400 Viên,750000,,còn 1 hàng,THỰC PHẨM CHỨC NĂNG ( FUNCTIONAL FOODS ),https://j86store.com/product/tao-xoan-spirulina/,Spirulina Tảo Xoắn 2400 Viên,SPIR-TPCN-2009-0187,10000,1028000,publish,Thực phẩm chức năng,-740000,-98.7,415822,-4058.2,44.6,https://linconnn.io.vn/product/tao-xoan-spirulina/
Ngang giá,Giữ giá (chênh ≤ 15%),slug,100,Skin Aqua Tone Up Kem Chống Nắng 80g (Dành cho da nhạy cảm),220000,,còn 20 hàng,CHỐNG NẮNG ( UV ),https://j86store.com/product/skin-aqua-tone-up-kem-chong-nang-80g-danh-cho-da-nhay-cam/,Skin Aqua Tone Up Kem Chống Nắng 80g (Dành cho da nhạy cảm),SKIN-CNU-2306-1717,225000,,publish,Chống nắng,5000,2.3,127224,43.5,42.2,https://linconnn.io.vn/product/skin-aqua-tone-up-kem-chong-nang-80g-danh-cho-da-nhay-cam/
Ngang giá,Giữ giá (chênh ≤ 15%),slug,100,Kem Dưỡng Trắng Ban Đêm White Conc,275000,,còn 20 hàng,DƯỠNG THỂ ( BODY ),https://j86store.com/product/kem-duong-trang-ban-dem-white-conc/,Kem Dưỡng Trắng Ban Đêm White Conc,WHIT-CSB-2206-1569,276000,,publish,Chăm sóc body,1000,0.4,165893,39.9,39.7,https://linconnn.io.vn/product/kem-duong-trang-ban-dem-white-conc/
Ngang giá,Giữ giá (chênh ≤ 15%),slug,100,Tinh Chất Trị Nám – Sáng Da – Transino Whitening Essence Ex II 50g,1090000,,còn 18 hàng,KEM DƯỠNG DÀNH CHO MẶT ( FACE CREAM ),https://j86store.com/product/tinh-chat-tri-nam-sang-da-transino-whitening-essence-ex-ii-50g/,Tinh Chất Trị Nám – Sáng Da – Transino Whitening Essence Ex II  50g,TRAN-DDM-2408-1767,1091000,,publish,Dưỡng da mặt,1000,0.1,835828,23.4,23.3,https://linconnn.io.vn/product/tinh-chat-tri-nam-sang-da-transino-whitening-essence-ex-ii-50g/
Ngang giá,Chưa có giá vốn — nhập giá vốn ¥ rồi xét lại,slug,100,Sữa Meiji Cho Bé Từ 1-3 Tuổi Dạng Thanh (48 Thanh),1195000,,còn 20 hàng,MOM AND BABY,https://j86store.com/product/sua-meiji-cho-be-tu-1-3-tuoi-dang-thanh-48-thanh/,Sữa Meiji Cho Bé Từ 1-3 Tuổi Dạng Thanh (48 Thanh),MEIJ-MAB-2201-1368,1195000,,publish,Mẹ và bé,0,0,,,,https://linconnn.io.vn/product/sua-meiji-cho-be-tu-1-3-tuoi-dang-thanh-48-thanh/
Ngang giá,Chưa có giá vốn — nhập giá vốn ¥ rồi xét lại,slug,100,Siro Paburon – Siro Chó Mèo Trị Cảm Sốt Cho Bé,270000,,còn 20 hàng,MOM AND BABY | TỦ THUỐC GIA ĐÌNH ( FAMILY MEDICINE ),https://j86store.com/product/siro-paburon-siro-cho-meo-tri-cam-sot-cho-be/,Siro Paburon – Siro Con Hổ Trị Cảm Sốt Cho Bé,PABR-MAB-2203-1410,270000,,publish,Mẹ và bé | Tủ thuốc gia đình,0,0,,,,https://linconnn.io.vn/product/siro-paburon-siro-cho-meo-tri-cam-sot-cho-be/
Ngang giá,Chưa có giá vốn — nhập giá vốn ¥ rồi xét lại,slug,100,Thuốc Trị Cảm Cúm Cho Trẻ Taisho Pabron Gold A 46 gói,390000,,còn 20 hàng,MOM AND BABY | TỦ THUỐC GIA ĐÌNH ( FAMILY MEDICINE ),https://j86store.com/product/thuoc-tri-cam-cum-cho-tre-taisho-pabron-gold-a-46-goi/,Thuốc Trị Cảm Cúm Cho Trẻ Taisho Pabron Gold A 46 gói,PABR-MAB-2203-1433,390000,,publish,Mẹ và bé | Tủ thuốc gia đình,0,0,,,,https://linconnn.io.vn/product/thuoc-tri-cam-cum-cho-tre-taisho-pabron-gold-a-46-goi/
Ngang giá,Chưa có giá vốn — nhập giá vốn ¥ rồi xét lại,slug,100,THUỐC XỊT XOANG NAZAL NHẬT BẢN 30ml,225000,,còn 18 hàng,TỦ THUỐC GIA ĐÌNH ( FAMILY MEDICINE ),https://j86store.com/product/thuoc-xit-xoang-nazal-nhat-ban-30ml/,THUỐC XỊT XOANG NAZAL NHẬT BẢN 30ml,NAZA-TTGD-2408-1753,225000,,publish,Tủ thuốc gia đình,0,0,,,,https://linconnn.io.vn/product/thuoc-xit-xoang-nazal-nhat-ban-30ml/
Ngang giá,Giữ giá (chênh ≤ 15%),slug,100,Viên Uống Trắng Da DHC Hatomugi 60 ngày,390000,,còn 20 hàng,THỰC PHẨM CHỨC NĂNG ( FUNCTIONAL FOODS ),https://j86store.com/product/vien-uong-trang-da-dhc-hatomugi-60-ngay/,Viên Uống Trắng Da DHC Hatomugi 60 ngày,DHC-TPCN-2112-1317,389000,,publish,Thực phẩm chức năng,-1000,-0.3,256122,34.2,34.3,https://linconnn.io.vn/product/vien-uong-trang-da-dhc-hatomugi-60-ngay/
Ngang giá,Giữ giá (chênh ≤ 15%),slug,100,Nước Hoa Hồng Trị Mụn Meishoku Bigansui Medicated Skin Lotion 90ml,250000,,còn 20 hàng,NƯỚC HOA HỒNG ( LOTION ),https://j86store.com/product/nuoc-hoa-hong-tri-mun-meishoku-bigansui-medicated-skin-lotion-90ml/,Nước Hoa Hồng Trị Mụn Meishoku Bigansui Medicated Skin Lotion 90ml,MEIS-DDM-2303-1638,249000,,publish,Dưỡng da mặt,-1000,-0.4,136766,45.1,45.3,https://linconnn.io.vn/product/nuoc-hoa-hong-tri-mun-meishoku-bigansui-medicated-skin-lotion-90ml/
Không có ở LienStore,Xem có nên nhập bán,,0,Mặt Nạ Mắt Kose Clear Turn Plumping Eye Zone 32 Mask,295000,,còn 18 hàng,MẶT NẠ ( MASK ),https://j86store.com/product/mat-na-mat-kose-clear-turn-plumping-eye-zone-mask/,,,,,,,,,,,,
Không có ở LienStore,Xem có nên nhập bán,,0,Son Dưỡng – Trị Thâm Môi DHC Không Màu,175000,,còn 18 hàng,SON MÔI ( LIPSTICK ),https://j86store.com/product/son-duong-tri-tham-moi-dhc/,,,,,,,,,,,,
Không có ở LienStore,Xem có nên nhập bán,,0,Viên Uống Bổ Gan Liver Hydrolysate,820000,,còn 20 hàng,THỰC PHẨM CHỨC NĂNG ( FUNCTIONAL FOODS ),https://j86store.com/product/vien-uong-bo-gan-liver-hydrolysate/,,,,,,,,,,,,
Không có ở LienStore,Xem có nên nhập bán,,0,Son Shu Uemura Màu 570,890000,,còn 20 hàng,SON MÔI ( LIPSTICK ),https://j86store.com/product/son-shu-uemura-mau-570/,,,,,,,,,,,,
Không có ở LienStore,Xem có nên nhập bán,,0,Kem Dưỡng Trắng Da Oneday màu Hồng,295000,,còn 9 hàng,KEM DƯỠNG DÀNH CHO MẶT ( FACE CREAM ),https://j86store.com/product/kem-duong-trang-da-oneday-mau-hong/,,,,,,,,,,,,
Không có ở LienStore,Xem có nên nhập bán,,0,Sữa Tắm Trắng Manis White Body Shampoo Hương Hoa Cúc,290000,,còn 20 hàng,SỮA TẮM ( SHOWER GEL ),https://j86store.com/product/sua-tam-trang-manis-white-body-shampoo-huong-hoa-cuc/,,,,,,,,,,,,
Không có ở LienStore,Xem có nên nhập bán,,0,Kem Dưỡng Mắt Sana 3in1,250000,,http://schema.org/InStock,MẮT ( EYES ),https://j86store.com/product/kem-duong-mat-sana-3in1/,,,,,,,,,,,,
Không có ở LienStore,Xem có nên nhập bán,,0,THUỐC TRỊ ĐAU DẠ DÀY KOWA,490000,,còn 18 hàng,THỰC PHẨM CHỨC NĂNG ( FUNCTIONAL FOODS ) | TỦ THUỐC GIA ĐÌNH ( FAMILY MEDICINE ),https://j86store.com/product/thuoc-tri-dau-da-day-kowa/,,,,,,,,,,,,
Chỉ LienStore có,,,,,,,,,,Bình sữa Pigeon (loại to / loại nhỏ),PIGE-MAB-2609-2001,696000,,publish,Mẹ và bé,,,380500,,,https://linconnn.io.vn/product/binh-sua-to-nho-pigeon/
Chỉ LienStore có,,,,,,,,,,Bình xịt ngăn ngừa sâu răng Hamikea Tampei 25g,TAMP-CSRM-2609-2002,132000,,publish,Chăm sóc răng miệng | Mẹ và bé,,,84537,,,https://linconnn.io.vn/product/binh-xit-ngan-ngua-sau-rang-hamikea-cua-tampei/
Chỉ LienStore có,,,,,,,,,,Bộ dầu gội và dầu xả mỡ ngựa Nhật Bản 600ml,KUMA-CST-2609-2003,1863000,,publish,Chăm sóc tóc,,,498852,,,https://linconnn.io.vn/product/bo-dau-goi-xa-mo-ngua-nhat-600ml/
Chỉ LienStore có,,,,,,,,,,Ngũ cốc trái cây Calbee Frugra 700g,CALB-TPDU-2609-2005,493000,,publish,Thực phẩm & đồ uống,,,123039,,,https://linconnn.io.vn/product/bot-ngu-coc-calbee-nhat-ban-goi-800gr/
Chỉ LienStore có,,,,,,,,,,Bột trà sữa Matcha Milk Nhật Bản,THUO-TPDU-2609-2006,661000,,publish,Thực phẩm & đồ uống,,,331452,,,https://linconnn.io.vn/product/bot-tra-sua-matcha-milk-nhat/
Chỉ LienStore có,,,,,,,,,,Bột uống Collagen Meiji Amino Collagen 196g,MEIJ-TPCN-2609-2007,799000,,publish,Thực phẩm chức năng,,,567151,,,https://linconnn.io.vn/product/bot-uong-dep-da-meiji-the-collagen-beaute/
Chỉ LienStore có,,,,,,,,,,Chai xịt giảm đau Air Salonpas Nhật Bản,AIR-TTGD-2609-2008,561000,,publish,Tủ thuốc gia đình,,,346685,,,https://linconnn.io.vn/product/chai-xit-salonpas-giam-dau-tuc-thi-cua-nhat-ban/
Chỉ LienStore có,,,,,,,,,,"Dầu gội Head Spa (HS) cho tóc dầu, da đầu ngứa",HS-CST-2609-2011,403000,,publish,Chăm sóc tóc,,,187488,,,https://linconnn.io.vn/product/dau-goi-hs-danh-cho-toc-dau-ngua-mng-nha/
Chỉ LienStore có,,,,,,,,,,"Set dầu gội, dầu xả và sữa tắm Dove Nhật Bản (set 2 / set 3)",DOVE-CST-2609-2012,1066000,,publish,Chăm sóc body | Chăm sóc tóc,,,78008,,,https://linconnn.io.vn/product/dau-goi-xa-va-sua-tamdove-nhat-ban-set-2-va-set-3/
Chỉ LienStore có,,,,,,,,,,Dầu tẩy trang DHC Deep Cleansing Oil 70ml,DHC-SRMT-2609-2014,529000,,publish,Sữa rửa mặt & tẩy trang,,,381672,,,https://linconnn.io.vn/product/dau-tay-trang-deep-cleansing-oil-dhc-70ml/
Chỉ LienStore có,,,,,,,,,,Dầu tẩy trang Muji Cleansing Oil,MUJI-SRMT-2609-2015,317000,,publish,Sữa rửa mặt & tẩy trang,,,165726,,,https://linconnn.io.vn/product/dau-tay-trang-muji/
Chỉ LienStore có,,,,,,,,,,Dung dịch vệ sinh phụ nữ pH Japan Premium 150ml,PH-GCEC-2609-2017,521000,,publish,Sức khỏe phụ nữ,,,281232,,,https://linconnn.io.vn/product/dung-dich-ve-sinh-phu-nu-ph-care-nhat-ban/
Chỉ LienStore có,,,,,,,,,,Tinh chất dưỡng sáng da Genoptics Aura Essence,SKII-DDM-2609-2019,6979000,,publish,Dưỡng da mặt,,,5524200,,,https://linconnn.io.vn/product/genoptics-aura-essence/
Chỉ LienStore có,,,,,,,,,,Trà giảm cân Night Diet Tea Orihiro Nhật Bản,ORIH-GCD-2609-2020,258000,,publish,Giảm cân | Thực phẩm chức năng,,,148316,,,https://linconnn.io.vn/product/goc-giai-dap-tra-giam-can-night-diet-tea-orihiro/
Chỉ LienStore có,,,,,,,,,,Kem dưỡng mắt Kose Sekkisei,SEKK-ME-2609-2021,1153000,,publish,Chăm sóc mắt,,,867132,,,https://linconnn.io.vn/product/hang-cao-cap-kem-duong-mat-kose-sekkisei/
Chỉ LienStore có,,,,,,,,,,Kem chống nắng Biore UV Aqua Rich Watery Gel 70ml,BIOR-CNU-2609-2025,199000,,publish,Chống nắng,,,133585,,,https://linconnn.io.vn/product/kem-chong-nang-biore-watery-gel-90g/
Chỉ LienStore có,,,,,,,,,,Kem chống nắng Kanebo Allie Chrono Beauty Gel UV EX 90g,ALLI-CNU-2609-2026,480000,,publish,Chống nắng,,,351205,,,https://linconnn.io.vn/product/kem-chong-nang-kanebo-allie-extra-uv-highlight-gel-60gr-mau-moi-2019-duong-trang/
Chỉ LienStore có,,,,,,,,,,Kem chống nhăn vùng mắt và khoé miệng Hada Labo,HADA-ME-2609-2029,248000,,publish,Chăm sóc mắt,,,176607,,,https://linconnn.io.vn/product/kem-chong-nhan-mat-va-khoe-mieng-hadalabo/
Chỉ LienStore có,,,,,,,,,,Kem dưỡng da Aloins Nhật Bản,ALOI-DDM-2609-2030,412000,,publish,Dưỡng da mặt,,,234360,,,https://linconnn.io.vn/product/kem-duong-da-aloins-nhat-ban/
Chỉ LienStore có,,,,,,,,,,Kem dưỡng da ban đêm Shiseido Elixir Enriched Cream,ELIX-DDM-2609-2031,1919000,,publish,Dưỡng da mặt,,,1473120,,,https://linconnn.io.vn/product/kem-duong-da-ban-dem-shiseido-elixir-enriched-cream/
Chỉ LienStore có,,,,,,,,,,Kem dưỡng da tay Kose Coenrich Q10 Whitening Medicated,COEN-CSB-2609-2034,179000,,publish,Chăm sóc body,,,109982,,,https://linconnn.io.vn/product/kem-duong-da-tay-kose-coenrich-q10-whitening-medicated/
Chỉ LienStore có,,,,,,,,,,Kem dưỡng da tay Q10,COEN-CSB-2609-2035,141000,,publish,Chăm sóc body,,,79348,,,https://linconnn.io.vn/product/kem-duong-da-tay-q10/
Chỉ LienStore có,,,,,,,,,,Kem dưỡng Kose Grace One Repair Gel (50+) 100g,GRAC-GCEC-2609-2036,460000,,publish,Dưỡng da mặt | Sức khỏe phụ nữ,,,331452,,,https://linconnn.io.vn/product/kem-duong-danh-cho-phu-nu-50-tuoi-tro-len/
Chỉ LienStore có,,,,,,,,,,Kem dưỡng Hada Labo UV White Gel 7 trong 1,HADA-CNU-2609-2039,362000,,publish,Chống nắng | Dưỡng da mặt,,,270686,,,https://linconnn.io.vn/product/kem-duong-hadalabo-uv-white-gel-voi-7-cong-dung-trong-1-san-pham/
Chỉ LienStore có,,,,,,,,,,Kem dưỡng Kanebo Freshel 5 in 1 dạng gel,FRES-DDM-2609-2040,670000,,publish,Dưỡng da mặt,,,477090,,,https://linconnn.io.vn/product/kem-duong-kanebo-freshel-5-in-1-dang-gel/
Chỉ LienStore có,,,,,,,,,,Kem dưỡng mắt chống lão hoá SK-II R.N.A. Power Eye Cream,SKII-ME-2609-2042,3314000,,publish,Dưỡng da mặt | Chăm sóc mắt,,,2577960,,,https://linconnn.io.vn/product/kem-duong-mat-chong-lao-hoa/
Chỉ LienStore có,,,,,,,,,,Kem dưỡng trắng da nhau thai Meishoku Placenta Whitening Cream 55g,PLAC-DDM-2609-2045,245000,,publish,Dưỡng da mặt,,,134757,,,https://linconnn.io.vn/product/kem-duong-trang-da-nhau-thai-meishoku/
Chỉ LienStore có,,,,,,,,,,Kem đánh răng trẻ em Lion,LION-CSRM-2609-2047,123000,,publish,Chăm sóc răng miệng | Mẹ và bé,,,83700,,,https://linconnn.io.vn/product/kem-danh-rang-tre-em-lion/
Chỉ LienStore có,,,,,,,,,,Kem dưỡng mắt Sana Nameraka Honpo 20g,NAME-ME-2609-2048,728000,,publish,Chăm sóc mắt,,,217620,,,https://linconnn.io.vn/product/kem-mat-dang-duoc-cosme-binh-chon-kem-mat-ban-chay-nhat-nam-nay/
Chỉ LienStore có,,,,,,,,,,Kem tẩy trang Kose Sekkisei 140g,SEKK-SRMT-2609-2050,582000,,publish,Sữa rửa mặt & tẩy trang,,,414315,,,https://linconnn.io.vn/product/kem-tay-trang-kose-sekkisei-140-g/
Chỉ LienStore có,,,,,,,,,,Kem trị rạn da Pigeon dùng trước sinh 110g,PIGE-CSB-2609-2052,279000,,publish,Chăm sóc body | Mẹ và bé,,,182968,,,https://linconnn.io.vn/product/kem-tri-ran-da-pigeon-truoc-sinh-110g/
Chỉ LienStore có,,,,,,,,,,Kem dưỡng mắt Meishoku Placenta Whitening Eye Cream 30g,MEIS-ME-2609-2053,214000,,publish,Chăm sóc mắt,,,143964,,,https://linconnn.io.vn/product/kem-tri-tham-chong-nhan-mat-meishoku-whitening-eye-cream/
Chỉ LienStore có,,,,,,,,,,Lotion se khít lỗ chân lông Labo Labo,LABO-DDM-2609-2056,999000,,publish,Dưỡng da mặt,,,689688,,,https://linconnn.io.vn/product/lotion-se-khit-lo-chan-long-labo-labo-dang-nuoc-hoi-dac-giong-toner/
Chỉ LienStore có,,,,,,,,,,Lotion trị mụn Meishoku Bigansui,MEIS-TMAT-2609-2057,281000,,publish,Dưỡng da mặt | Trị mụn,,,136766,,,https://linconnn.io.vn/product/lotion-tri-mun-meishoku-bigansui/
Chỉ LienStore có,,,,,,,,,,Mặt nạ Kose Clear Turn Essence Mask 32 miếng,CLEA-MNM-2609-2058,273000,,publish,Mặt nạ,,,145638,,,https://linconnn.io.vn/product/mask/
Chỉ LienStore có,,,,,,,,,,Dầu gội Ichikami Kracie Smooth Care 480ml,ICHI-DDM-2609-2059,396000,,publish,Dưỡng da mặt,,,141788,,,https://linconnn.io.vn/product/ngan-ngua-hu-ton-cung-cac-tinh-chat/
Chỉ LienStore có,,,,,,,,,,Nước thần SK-II Facial Treatment Essence,SKII-DDM-2609-2061,6205000,,publish,Dưỡng da mặt,,,4879710,,,https://linconnn.io.vn/product/nhac-toi-my-pham-skii-khong-the-khong-nhac-toi-san-pham-nuoc-than-skii-facial-treatment-essence/
Chỉ LienStore có,,,,,,,,,,Nước hoa hồng Kose Sekkisei Lotion,SEKK-DDM-2609-2062,1234000,,publish,Dưỡng da mặt,,,920700,,,https://linconnn.io.vn/product/nuoc-hoa-hong-kose-sekkisei-lotion/
Chỉ LienStore có,,,,,,,,,,Nước súc miệng Propolinse 600ml,PROP-CSRM-2609-2063,578000,,publish,Chăm sóc răng miệng,,,225488,,,https://linconnn.io.vn/product/nuoc-xuc-mieng-ve-du-mau-moi-chi-em-lem-don/
Chỉ LienStore có,,,,,,,,,,Serum nhau thai Fracora Placenta Extract 30ml,FRAC-DDM-2609-2066,807000,,publish,Dưỡng da mặt,,,613856,,,https://linconnn.io.vn/product/serum-fracora-lan-da-khong-tuoi/
Chỉ LienStore có,,,,,,,,,,Son dưỡng có màu DHC,DHC-TDM-2609-2067,209000,,publish,Trang điểm,,,158360,,,https://linconnn.io.vn/product/son-duong-dhc-co-mau-cua-nhat-mau/
Chỉ LienStore có,,,,,,,,,,Son dưỡng môi DHC Lip Cream 1.5g,DHC-TDM-2609-2069,252000,,publish,Trang điểm,,,194017,,,https://linconnn.io.vn/product/son-duong-moi-dhc-lip-cream-10g-nhat-ban/
Chỉ LienStore có,,,,,,,,,,Sữa Meiji số 9 800g,MEIJ-MAB-2609-2073,867000,,publish,Mẹ và bé | Thực phẩm & đồ uống,,,364932,,,https://linconnn.io.vn/product/sua-meiji-so-9-800g/
Chỉ LienStore có,,,,,,,,,,Sữa rửa mặt Kose Softymo White 150g,SOFT-SRMT-2609-2075,147000,,publish,Sữa rửa mặt & tẩy trang,,,62608,,,https://linconnn.io.vn/product/sua-rua-mat-ko-se-nhat-ve-du-loai-nha-khach/
Chỉ LienStore có,,,,,,,,,,Sữa rửa mặt Kose Softymo (mẫu 2018),SOFT-SRMT-2609-2076,303000,,publish,Sữa rửa mặt & tẩy trang,,,187488,,,https://linconnn.io.vn/product/sua-rua-mat-kose-softymo-mau-2018/
Chỉ LienStore có,,,,,,,,,,"Sữa rửa mặt Transino dưỡng mịn da, bổ sung collagen",TRAN-SRMT-2609-2079,474000,,publish,Sữa rửa mặt & tẩy trang,,,331452,,,https://linconnn.io.vn/product/sua-rua-mat-transino-cung-cap-cac-duong-chat-lam-min-da-collagen/
Chỉ LienStore có,,,,,,,,,,Sữa rửa mặt chiết xuất hạt ý dĩ Hatomugi,REIH-SRMT-2609-2080,175000,,publish,Sữa rửa mặt & tẩy trang,,,92070,,,https://linconnn.io.vn/product/sua-rua-mat-tu-hat-i-di-sieu-hot-va-sieu-thich/
Chỉ LienStore có,,,,,,,,,,Sữa tắm Hatomugi chiết xuất hạt ý dĩ 800ml,REIH-CSB-2609-2083,210000,,publish,Chăm sóc body,,,154000,,,https://linconnn.io.vn/product/sua-tam-hatomugi-chiet-xuat-tu-hat-y-di/
Chỉ LienStore có,,,,,,,,,,Sữa tắm Shiseido Senka Perfect Whip Bubble,SENK-CSB-2609-2084,592000,,publish,Chăm sóc body,,,254448,,,https://linconnn.io.vn/product/sua-tam-shiseido-senka-perfect-whip-bubble/
Chỉ LienStore có,,,,,,,,,,Sữa tắm trắng da White Conc Vitamin C Nhật Bản,WHIT-CSB-2609-2085,221000,,publish,Chăm sóc body,,,110484,,,https://linconnn.io.vn/product/sua-tam-trang-da-white-conc-nhat-vitamin-c/
Chỉ LienStore có,,,,,,,,,,Nước uống The Collagen Shiseido,SHIS-TPCN-2609-2090,1098000,,publish,Thực phẩm chức năng,,,415487,,,https://linconnn.io.vn/product/the-collagen-shiseido/
Chỉ LienStore có,,,,,,,,,,Viên uống The Collagen Shiseido Nhật Bản,SHIS-TPCN-2609-2091,781000,,publish,Thực phẩm chức năng,,,606155,,,https://linconnn.io.vn/product/the-collagen-vien-shiseido-nhat-ban/
Chỉ LienStore có,,,,,,,,,,Viên uống Nattokinase 2000FU Noguchi 60 viên,NOGU-TTGD-2609-2095,562000,,publish,Thực phẩm chức năng | Tủ thuốc gia đình,,,435240,,,https://linconnn.io.vn/product/thuoc-chong-dot-quy-natto-kinase-2000fu-nhat-ban/
Chỉ LienStore có,,,,,,,,,,Viên chống say tàu xe Anerol Nhật Bản,ANER-TTGD-2609-2096,426000,,publish,Tủ thuốc gia đình,,,324756,,,https://linconnn.io.vn/product/thuoc-chong-say-tau-xe-anerol-cua-nhat-ban/
Chỉ LienStore có,,,,,,,,,,Thuốc dạ dày Kowa Cabagin α 300 viên,KOWA-TTGD-2609-2099,588000,,publish,Tủ thuốc gia đình,,,383346,,,https://linconnn.io.vn/product/thuoc-dau-da-day-kowa-nhat-ban-hop-300-vien/
Chỉ LienStore có,,,,,,,,,,Bột hỗ trợ tiêu hoá dạ dày Taisho Kampo 48 gói,TAIS-TTGD-2609-2102,443000,,publish,Tủ thuốc gia đình,,,317725,,,https://linconnn.io.vn/product/thuoc-dieu-tri-tieu-hoa-da-day-taisho-kampo-hop-48-goi/
Chỉ LienStore có,,,,,,,,,,Viên uống hỗ trợ điều trị gout,MINA-TTGD-2609-2103,621000,,publish,Thực phẩm chức năng | Tủ thuốc gia đình,,,441601,,,https://linconnn.io.vn/product/thuoc-ho-tro-tri-benh-gout/
Chỉ LienStore có,,,,,,,,,,Viên uống tăng chiều cao GH Creation EX+ 270 viên,GH-TPCN-2609-2106,780000,,publish,Thực phẩm chức năng,,,552420,,,https://linconnn.io.vn/product/thuoc-tang-chieu-cao-gh-creation-cua-nhat-ban-hop-300-vien-mau-moi/
Chỉ LienStore có,,,,,,,,,,Viên uống tiền đình Ginkgo Leaf DHA-EPA chiết xuất bạch quả,NOGU-TTGD-2609-2107,479000,,publish,Thực phẩm chức năng | Tủ thuốc gia đình,,,335302,,,https://linconnn.io.vn/product/thuoc-tien-dinh-ginkgo-leaf-dha-epa-chiet-suat-100-tu-qua-bach-qua/
Chỉ LienStore có,,,,,,,,,,Viên uống giảm mỡ bụng Rohto Bofutsushosan 372 viên,ROHT-GCD-2609-2108,1288000,,publish,Giảm cân | Thực phẩm chức năng,,,962885,,,https://linconnn.io.vn/product/thuoc-uong-giam-can/
Chỉ LienStore có,,,,,,,,,,Thuốc xịt mũi Nhật Bản,CHUA-TTGD-2609-2110,810000,,publish,Tủ thuốc gia đình,,,592596,,,https://linconnn.io.vn/product/thuoc-xit-mui-nhat-ban/
Chỉ LienStore có,,,,,,,,,,Viên uống xương khớp Zeria Chondroitin ZS 270 viên,ZERI-TTGD-2609-2111,1338000,,publish,Thực phẩm chức năng | Tủ thuốc gia đình,,,1046250,,,https://linconnn.io.vn/product/thuoc-xuong-nhen-zs-mon-qua-cho-nguoi-bi-dau-khop/
Chỉ LienStore có,,,,,,,,,,Kem đánh răng muối Sunstar 170g,SUNS-TPCN-2609-2112,192000,,publish,Thực phẩm chức năng,,,80519,,,https://linconnn.io.vn/product/thuong-hut-thuoc-uong-cafe/
Chỉ LienStore có,,,,,,,,,,Tinh chất nâng cơ chống nhăn Shiseido Elixir Enriched Serum,SHIS-DDM-2609-2113,858000,,publish,Dưỡng da mặt,,,644490,,,https://linconnn.io.vn/product/tinh-chat-nang-co-chong-nhan-shiseido-elixir-enriched-serum/
Chỉ LienStore có,,,,,,,,,,Viên tỏi đen Orihiro Nhật Bản 180 viên,ORIH-TPCN-2609-2114,346000,,publish,Thực phẩm chức năng,,,243567,,,https://linconnn.io.vn/product/toi-den-orihiro-nhat-ban-180-vien/
Chỉ LienStore có,,,,,,,,,,Trà lúa mạch Itoen Mugicha 54 gói,ITOE-TPDU-2609-2116,59000,,publish,Thực phẩm & đồ uống,,,33982,,,https://linconnn.io.vn/product/tra-mugi-nhat-ban/
Chỉ LienStore có,,,,,,,,,,Viên bổ sung nội tiết tố nữ Equelle Nhật Bản,OTSU-GCEC-2609-2117,1139000,,publish,Sức khỏe phụ nữ | Thực phẩm chức năng,,,723168,,,https://linconnn.io.vn/product/vien-bo-sung-noi-tiet-to-nu-equelle-nhat-ban/
Chỉ LienStore có,,,,,,,,,,Viên uống bổ khớp Q&P Kowa Chondroizer 90 viên,KOWA-TPCN-2609-2119,667000,,publish,Thực phẩm chức năng,,,505046,,,https://linconnn.io.vn/product/vien-uong-bo-khop-q-p-kowa-nhat-ban/
Chỉ LienStore có,,,,,,,,,,Viên uống bổ não DHA EPA Orihiro Nhật Bản 180 viên,ORIH-TPCN-2609-2121,640000,,publish,Thực phẩm chức năng,,,416659,,,https://linconnn.io.vn/product/vien-uong-bo-nao-dha-epa-orihiro-nhat-ban-180-vien/
Chỉ LienStore có,,,,,,,,,,Viên uống bổ sung canxi CBP tăng chiều cao DHC vị sữa,DHC-TPCN-2609-2122,301000,,publish,Thực phẩm chức năng,,,232853,,,https://linconnn.io.vn/product/vien-uong-bo-sung-canxi-cbp-tang-chieu-cao-dhc-thom-vi-sua/
Chỉ LienStore có,,,,,,,,,,Viên uống hỗ trợ giảm cân DHC 20 ngày,DHC-GCD-2609-2123,213000,,publish,Giảm cân | Thực phẩm chức năng,,,115506,,,https://linconnn.io.vn/product/vien-uong-giam-can/
Chỉ LienStore có,,,,,,,,,,Viên uống nhau thai cừu EX Placenta 120 viên,MUCO-TPCN-2609-2126,2146000,,publish,Thực phẩm chức năng,,,1657260,,,https://linconnn.io.vn/product/vien-uong-nhau-thai-cuu-ex-placenta-120/
Chỉ LienStore có,,,,,,,,,,Viên uống sụn vi cá mập Orihiro 360 viên,ORIH-TPCN-2609-2128,644000,,publish,Thực phẩm chức năng,,,365267,,,https://linconnn.io.vn/product/vien-uong-sun-vi-ca-map-orihiro/
Chỉ LienStore có,,,,,,,,,,Viên uống tiền mãn kinh Kobayashi Inochi no Haha A 420 viên,KOBA-GCEC-2609-2129,497000,,publish,Sức khỏe phụ nữ | Thực phẩm chức năng,,,331452,,,https://linconnn.io.vn/product/vien-uong-tien-man-kinh-kobayashi/
Chỉ LienStore có,,,,,,,,,,Viên uống tiền mãn kinh Kobayashi 840 viên,KOBA-GCEC-2609-2130,923000,,publish,Sức khỏe phụ nữ | Thực phẩm chức năng,,,606490,,,https://linconnn.io.vn/product/vien-uong-tien-man-kinh-kobayashi-hop-840-vien/
Chỉ LienStore có,,,,,,,,,,Viên uống trắng da Transino White C,TRAN-DDM-2609-2131,805000,,publish,Dưỡng da mặt | Thực phẩm chức năng,,,549407,,,https://linconnn.io.vn/product/vien-uong-trang-da-transino-white-c-cac-chi-nao-da-nam-nhe/
Chỉ LienStore có,,,,,,,,,,Viên uống vitamin tổng hợp DHC Multi Vitamin 60 ngày,DHC-TPCN-2609-2134,173000,,publish,Thực phẩm chức năng,,,113330,,,https://linconnn.io.vn/product/vien-vitamin-tong-hop-dhc-60-ngay/
Chỉ LienStore có,,,,,,,,,,Viên uống vitamin bầu Pigeon bổ sung axit folic và canxi 60 viên,PIGE-MAB-2609-2135,227000,,publish,Mẹ và bé | Thực phẩm chức năng,,,171585,,,https://linconnn.io.vn/product/vitamin-bau-pigeon-bo-sung-axit-folic-canxi-60-vien-320k/
Chỉ LienStore có,,,,,,,,,,Viên uống trắng da DHC Vitamin C,DHC-TPCN-2609-2136,276000,,publish,Thực phẩm chức năng,,,166061,,,https://linconnn.io.vn/product/vitamin-c-vien-uong-trang-da-dhc/
Chỉ LienStore có,,,,,,,,,,Xà phòng trị thâm mông Pelican For Back 135g,PELI-TMAT-2609-2138,208000,,publish,Sữa rửa mặt & tẩy trang | Trị mụn,,,117180,,,https://linconnn.io.vn/product/xa-phong-tri-mun-tri-tham/
Chỉ LienStore có,,,,,,,,,,Bột Canxi Cá Tuyết Kizz Kids Calcium Vị Socola 140g,FINE-TPCN-2609-2139,262000,,publish,Thực phẩm chức năng,,,94246,,,https://linconnn.io.vn/product/bot-canxi-ca-tuyet-kizz-kids-calcium-vi-socola-140g/
Chỉ LienStore có,,,,,,,,,,Phấn Nền Chống Nắng Anessa All-In-One Beauty Pact SPF50+,ANES-CNU-2609-2140,651000,,publish,Chống nắng,,,497178,,,https://linconnn.io.vn/product/phan-nen-chong-nang-anessa-all-in-one-beauty-pact-spf50/
Chỉ LienStore có,,,,,,,,,,Viên Uống Nature Made Super Calcium 600mg Với Vitamin D3 120 Viên,NATU-TPCN-2609-2142,256000,,publish,Thực phẩm chức năng,,,123541,,,https://linconnn.io.vn/product/vien-uong-nature-made-super-calcium-600mg-voi-vitamin-d3-120-vien/
Chỉ LienStore có,,,,,,,,,,Viên Uống Canxi Tăng Chiều Cao Kokando CBP,KOKA-TPCN-2609-2143,862000,,publish,Thực phẩm chức năng,,,634446,,,https://linconnn.io.vn/product/vien-uong-canxi-tang-chieu-cao-kokando-cbp/
Chỉ LienStore có,,,,,,,,,,Nước Hoa Hồng Aqualabel Shiseido,AQUA-DDM-2609-2146,409000,,publish,Dưỡng da mặt,,,239382,,,https://linconnn.io.vn/product/nuoc-hoa-hong-aqualabel-shiseido/
Chỉ LienStore có,,,,,,,,,,Viên Uống Bổ Não Asahi Schwabe Ginkgo Leaf Extract,SCHW-TPCN-2609-2147,1432000,,publish,Thực phẩm chức năng,,,1112373,,,https://linconnn.io.vn/product/vien-uong-bo-nao-asahi-schwabe-ginkgo-leaf-extract/
Chỉ LienStore có,,,,,,,,,,Viên Uống Bổ Gan Hepalyse Plus II 180 Viên,HEPA-TPCN-2609-2148,996000,,publish,Thực phẩm chức năng,,,722331,,,https://linconnn.io.vn/product/vien-uong-bo-gan-hepalyse-plus-ii-180-vien/
Chỉ LienStore có,,,,,,,,,,Viên Uống Bổ Gan Liver Extract Ornithine 90 Viên,FINE-TPCN-2609-2149,186000,,publish,Thực phẩm chức năng,,,125885,,,https://linconnn.io.vn/product/vien-uong-bo-gan-liver-extract-ornithine-90-vien/
Chỉ LienStore có,,,,,,,,,,Nước Uống Bổ Gan Hepalyse Hi Plus 50ml X 10 Chai,HEPA-TPCN-2609-2150,1245000,,publish,Thực phẩm chức năng,,,485460,,,https://linconnn.io.vn/product/nuoc-uong-bo-gan-hepalyse-hi-plus-50ml-x-10-chai/
Chỉ LienStore có,,,,,,,,,,Serum NMN Bạc 60ml,CAPI-DDM-2609-2152,495000,,publish,Dưỡng da mặt,,,331452,,,https://linconnn.io.vn/product/serum-nmn-bac-60ml/
Chỉ LienStore có,,,,,,,,,,Son Shu Uemura Màu 580 Fullsize,SHU-TDM-2609-2154,1399000,,publish,Trang điểm,,,1049598,,,https://linconnn.io.vn/product/son-shu-uemura-mau-580-fullsize/
Chỉ LienStore có,,,,,,,,,,Viên Uống Levante NMN22050,LEVA-TPCN-2609-2155,1075000,,publish,Thực phẩm chức năng,,,833652,,,https://linconnn.io.vn/product/vien-uong-levante-nmn22050/
Chỉ LienStore có,,,,,,,,,,Kem Mắt Elixir Shiseido Retinol 22g,ELIX-ME-2609-2157,1532000,,publish,Chăm sóc mắt,,,1168452,,,https://linconnn.io.vn/product/kem-mat-elixir-shiseido-retinol-22g/
Chỉ LienStore có,,,,,,,,,,Set Dao Inox Global Nhật Bản,GLOB-NCDS-2609-2158,5431000,,publish,Nhà cửa & đời sống,,,3866940,,,https://linconnn.io.vn/product/set-dao-inox-global-nhat-ban/
Chỉ LienStore có,,,,,,,,,,Đồng Hồ Nữ Casio Collection LTP-1177A-2AJH Màu Xanh,CASI-DHW-2609-2159,908000,,publish,Đồng hồ,,,708939,,,https://linconnn.io.vn/product/dong-ho-nu-casio-collection-ltp-1177a-2ajh-mau-xanh/
Chỉ LienStore có,,,,,,,,,,Đồng Hồ Nữ Casio Collection LTP-1177A-4A1JH Màu Hồng,CASI-DHW-2609-2160,908000,,publish,Đồng hồ,,,708939,,,https://linconnn.io.vn/product/dong-ho-nu-casio-collection-ltp-1177a-4a1jh-mau-hong/
Chỉ LienStore có,,,,,,,,,,Kem Chống Nắng Elixir Tone Up,ELIX-CNU-2609-2161,686000,,publish,Chống nắng,,,518940,,,https://linconnn.io.vn/product/kem-chong-nang-elixir-tone-up/
Chỉ LienStore có,,,,,,,,,,Chì Kẻ Lông Mày 3 Trong 1 Picomonte 3 Way Eye Brow,PICO-TDM-2609-2163,196000,,publish,Trang điểm,,,135594,,,https://linconnn.io.vn/product/chi-ke-long-may-3-trong-1-picomonte-3-way-eye-brow/
Chỉ LienStore có,,,,,,,,,,Viên Uống Bổ Gan Hepalyse GX 360 Viên,HEPA-TPCN-2609-2164,2192000,,publish,Thực phẩm chức năng,,,1607542,,,https://linconnn.io.vn/product/vien-uong-bo-gan-hepalyse-gx-360-vien/
Chỉ LienStore có,,,,,,,,,,DHA Koplina Kids Vị Cam,KOPL-MAB-2609-2165,852000,,publish,Mẹ và bé,,,666922,,,https://linconnn.io.vn/product/dha-koplina-kids-vi-cam/
Chỉ LienStore có,,,,,,,,,,Sữa Tắm Lux Celestial Escape 300g,LUX-CSB-2609-2166,604000,,publish,Chăm sóc body,,,351540,,,https://linconnn.io.vn/product/sua-tam-lux-celestial-escape/
Chỉ LienStore có,,,,,,,,,,Viên Uống Vitamin Tổng Hợp Cho Bà Bầu Pigeon 60 Viên,PIGE-MAB-2609-2167,265000,,publish,Mẹ và bé,,,200378,,,https://linconnn.io.vn/product/vien-uong-vitamin-tong-hop-cho-ba-bau-pigeon-60-vien/
Chỉ LienStore có,,,,,,,,,,Tẩy Tế Bào Chết Botanical Nhật Bản,BOTA-SRMT-2609-2168,842000,,publish,Sữa rửa mặt & tẩy trang,,,618710,,,https://linconnn.io.vn/product/tay-te-bao-chet-botanical-nhat-ban/
Chỉ LienStore có,,,,,,,,,,Viên Uống Bổ Não Maruman Ginkgo Biloba,MARU-TPCN-2609-2170,842000,,publish,Thực phẩm chức năng,,,585900,,,https://linconnn.io.vn/product/vien-uong-bo-nao-maruman-ginkgo-biloba/
Chỉ LienStore có,,,,,,,,,,"Đồng Hồ Nữ Casio Dây Nhựa 42,8mm",CASI-DHW-2609-2171,667000,,publish,Đồng hồ,,,515592,,,https://linconnn.io.vn/product/dong-ho-nu-casio-day-nhua-42-8mm/
Chỉ LienStore có,,,,,,,,,,Sữa Bột Dinh Dưỡng Người Cao Tuổi Morinaga,MORI-TPDU-2609-2174,724000,,publish,Thực phẩm & đồ uống,,,381672,,,https://linconnn.io.vn/product/sua-bot-dinh-duong-nguoi-cao-tuoi-morinaga/
Chỉ LienStore có,,,,,,,,,,Bột Matcha Gokugoku Nhật Bản,TENN-TPDU-2609-2175,214000,,publish,Thực phẩm & đồ uống,,,133920,,,https://linconnn.io.vn/product/bot-matcha-gokugoku-nhat-ban/
Chỉ LienStore có,,,,,,,,,,Kem Chống Nắng Anessa Gel Nâng Tông Trắng Hồng,ANES-CNU-2609-2176,345000,,publish,Chống nắng,,,250430,,,https://linconnn.io.vn/product/kem-chong-nang-anessa-gel-nang-tong-trang-hong/
Chỉ LienStore có,,,,,,,,,,Bộ 3 Chăm Sóc Da Elixir Shiseido,ELIX-DDM-2609-2179,304000,,publish,Dưỡng da mặt,,,198871,,,https://linconnn.io.vn/product/bo-3-cham-soc-da-elixir-shiseido/
Chỉ LienStore có,,,,,,,,,,Viên Uống Bổ Mắt Noguchi Blueberry & Lutein,NOGU-TPCN-2609-2180,479000,,publish,Thực phẩm chức năng,,,335302,,,https://linconnn.io.vn/product/vien-uong-bo-mat-noguchi-blueberry-lutein/
Chỉ LienStore có,,,,,,,,,,Viên Uống Hỗ Trợ Tuần Hoàn Maruman Nattokinase 4200FU DHA EPA,MARU-TPCN-2609-2181,712000,,publish,Thực phẩm chức năng,,,510570,,,https://linconnn.io.vn/product/vien-uong-ho-tro-tuan-hoan-maruman-nattokinase-4200fu-dha-epa/
Chỉ LienStore có,,,,,,,,,,Sữa Tăng Cơ Meiji Savas Protein 100 các vị,SAVA-TPDU-2609-2182,1434000,,publish,Thực phẩm & đồ uống,,,646331,,,https://linconnn.io.vn/product/sua-tang-co-meiji-savas-protein-100/
Chỉ LienStore có,,,,,,,,,,Áo Phông Uniqlo Size M,UNIQ-TTF-2609-2184,710000,,publish,Thời trang,,,498852,,,https://linconnn.io.vn/product/ao-phong-uniqlo-size-m/
Chỉ LienStore có,,,,,,,,,,Đồng Hồ Casio Standard LRW-200H Màu Đen,CASI-DHW-2609-2186,593000,,publish,Đồng hồ,,,457002,,,https://linconnn.io.vn/product/dong-ho-casio-standard-lrw-200h-mau-den/
Chỉ LienStore có,,,,,,,,,,Nến Thơm Jo Malone,JO-NCDS-2609-2187,2183000,,publish,Nhà cửa & đời sống,,,1586952,,,https://linconnn.io.vn/product/nen-thom-jo-malone/
Chỉ LienStore có,,,,,,,,,,Mũ Bucket Chống Thấm Nước Uniqlo,UNIQ-TTF-2609-2188,454000,,publish,Thời trang,,,158863,,,https://linconnn.io.vn/product/mu-bucket-chong-tham-nuoc-uniqlo/
Chỉ LienStore có,,,,,,,,,,Kẹp Mi Shiseido,SHIS-DCLD-2609-2189,271000,,publish,Dụng cụ làm đẹp,,,200880,,,https://linconnn.io.vn/product/kep-mi-shiseido/
Chỉ LienStore có,,,,,,,,,,Nama Socola Matcha Nhật Bản,SALO-TPDU-2609-2191,348000,,publish,Thực phẩm & đồ uống,,,215946,,,https://linconnn.io.vn/product/socola-matcha-nhat-ban/
Chỉ LienStore có,,,,,,,,,,Nama Socola Au Lait Nhật Bản,MEIJ-TPDU-2609-2192,387000,,publish,Thực phẩm & đồ uống,,,195188,,,https://linconnn.io.vn/product/socola-au-lait-nhat-ban/
Chỉ LienStore có,,,,,,,,,,Áo Lông Cừu Uniqlo,UNIQ-TTF-2609-2193,1974000,,publish,Thời trang,,,502033,,,https://linconnn.io.vn/product/ao-long-cuu-uniqlo/
Chỉ LienStore có,,,,,,,,,,Set Dao Dĩa Thìa Nội Địa Nhật,MGOX-NCDS-2609-2194,1306000,,publish,Nhà cửa & đời sống,,,497680,,,https://linconnn.io.vn/product/set-dao-dia-thia-noi-dia-nhat/
Chỉ LienStore có,,,,,,,,,,Áo Parka Lông Vũ Dáng Dài Uniqlo Cho Trẻ Em,KAYI-TTF-2609-2195,1159000,,publish,Thời trang,,,744260,,,https://linconnn.io.vn/product/ao-parka-long-vu-dang-dai-uniqlo-cho-tre-em/
Chỉ LienStore có,,,,,,,,,,Sữa Bột Dinh Dưỡng Người Lớn Bean Stalk Ít Lactose,BEAN-TPDU-2609-2196,543000,,publish,Thực phẩm & đồ uống,,,284580,,,https://linconnn.io.vn/product/sua-bot-dinh-duong-nguoi-lon-bean-stalk-it-lactose/
Chỉ LienStore có,,,,,,,,,,Set Túi Phúc SK-II 5 Món,SKII-DDM-2609-2197,8409000,,publish,Dưỡng da mặt,,,6592212,,,https://linconnn.io.vn/product/set-tui-phuc-sk-ii-5-mon/
Chỉ LienStore có,,,,,,,,,,Set Kẹo Mochi Nhật Bản 3 Vị 60 Cái,KYOU-TPDU-2609-2198,1839000,,publish,Thực phẩm & đồ uống,,,498852,,,https://linconnn.io.vn/product/set-keo-mochi-nhat-ban-3-vi-60-cai/
Chỉ LienStore có,,,,,,,,,,Bình Giữ Nhiệt Thermos,THER-NCDS-2609-2200,615000,,publish,Nhà cửa & đời sống,,,368280,,,https://linconnn.io.vn/product/binh-giu-nhiet-thermos/
Chỉ LienStore có,,,,,,,,,,Viên Uống Hỗ Trợ Tuần Hoàn Orihiro Nattokinase 2000FU,ORIH-TPCN-2609-2202,326000,,publish,Thực phẩm chức năng,,,225153,,,https://linconnn.io.vn/product/vien-uong-ho-tro-tuan-hoan-orihiro-nattokinase-2000fu/
Chỉ LienStore có,,,,,,,,,,Sữa Bean Stalk Sukoyaka M1 Cho Bé 0-1 Tuổi,BEAN-MAB-2609-2203,1085000,,publish,Mẹ và bé,,,496174,,,https://linconnn.io.vn/product/sua-bean-stalk-sukoyaka-m1-cho-be-0-1-tuoi/
Chỉ LienStore có,,,,,,,,,,"Rượu Mơ Takachiho Umeshu 1,8L Tặng 720ml",TAKA-TPDU-2609-2204,892000,,publish,Thực phẩm & đồ uống,,,348862,,,https://linconnn.io.vn/product/ruou-mo-takachiho-umeshu-1-8l-tang-720ml/
Chỉ LienStore có,,,,,,,,,,Giày Nữ First Contact Made In Japan,FIRS-TTF-2609-2205,1876000,,publish,Thời trang,,,844533,,,https://linconnn.io.vn/product/giay-nu-first-contact-made-in-japan/
Chỉ LienStore có,,,,,,,,,,Dầu Tẩy Trang Fancl,FANC-SRMT-2609-2206,442000,,publish,Sữa rửa mặt & tẩy trang,,,313038,,,https://linconnn.io.vn/product/dau-tay-trang-fancl/
Chỉ LienStore có,,,,,,,,,,Nước Uống Melsmon Platinum Liquid Placenta,MELS-TPCN-2609-2209,251000,,publish,Thực phẩm chức năng,,,164052,,,https://linconnn.io.vn/product/nuoc-uong-melsmon-platinum-liquid-placenta/
Chỉ LienStore có,,,,,,,,,,Kem Dưỡng NMN Cao Cấp Màu Đen 270g,NMN-DDM-2609-2210,1329000,,publish,Dưỡng da mặt,,,917352,,,https://linconnn.io.vn/product/kem-duong-nmn-cao-cap-mau-den-270g/
Chỉ LienStore có,,,,,,,,,,Kem Bôi Da Oronine H Ointment,ORON-TTGD-2609-2212,497000,,publish,Tủ thuốc gia đình,,,298307,,,https://linconnn.io.vn/product/kem-boi-da-oronine-h-ointment/
Chỉ LienStore có,,,,,,,,,,Viên Uống Purelab NMN 21000mg 90 Viên,PURE-TPCN-2609-2213,748000,,publish,Thực phẩm chức năng,,,550746,,,https://linconnn.io.vn/product/vien-uong-purelab-nmn-21000mg-90-vien/
Chỉ LienStore có,,,,,,,,,,Khăn Che Mặt Và Cổ Chống Nắng Delling UPF50+,DELL-CNU-2609-2214,415000,,publish,Chống nắng,,,281232,,,https://linconnn.io.vn/product/khan-che-mat-va-co-chong-nang-delling-upf50/
Chỉ LienStore có,,,,,,,,,,Cặp Chống Gù Randoseru Nhật Bản Cho Học Sinh,KYOW-TTF-2609-2215,7205000,,publish,Thời trang,,,4185000,,,https://linconnn.io.vn/product/cap-chong-gu-randoseru-nhat-ban-cho-hoc-sinh/
Chỉ LienStore có,,,,,,,,,,Nước Uống Fracora Placenta Extract 150000mg 480ml,FRAC-TPCN-2609-2216,1352000,,publish,Thực phẩm chức năng,,,728692,,,https://linconnn.io.vn/product/nuoc-uong-fracora-placenta-extract-150000mg-480ml/
Chỉ LienStore có,,,,,,,,,,Nước Uống ReFa Collagen Enrich,REFA-TPCN-2609-2217,1204000,,publish,Thực phẩm chức năng,,,831643,,,https://linconnn.io.vn/product/nuoc-uong-refa-collagen-enrich/
Chỉ LienStore có,,,,,,,,,,Viên Uống Baby Support For Boy 90 Viên,BABY-TPCN-2609-2218,1384000,,publish,Thực phẩm chức năng,,,1084752,,,https://linconnn.io.vn/product/vien-uong-baby-support-for-boy-90-vien/
Chỉ LienStore có,,,,,,,,,,Viên Uống Baby Support For Girl 90 Viên,BABY-TPCN-2609-2219,1379000,,publish,Thực phẩm chức năng,,,1084752,,,https://linconnn.io.vn/product/vien-uong-baby-support-for-girl-90-vien/
Chỉ LienStore có,,,,,,,,,,Kem Nền Meishoku Moist Labo BB Essence Cream SPF50+,MEIS-TDM-2609-2220,295000,,publish,Trang điểm,,,220968,,,https://linconnn.io.vn/product/kem-nen-meishoku-moist-labo-bb-essence-cream-spf50/
Chỉ LienStore có,,,,,,,,,,Tinh Chất Estée Lauder Advanced Night Repair 50ml,ESTE-DDM-2609-2221,3779000,,publish,Dưỡng da mặt,,,2890998,,,https://linconnn.io.vn/product/tinh-chat-estee-lauder-advanced-night-repair-50ml/
Chỉ LienStore có,,,,,,,,,,Bao Cao Su Sagami Original 0.01 Hộp 5 Cái,SAGA-TTGD-2609-2223,206000,,publish,Tủ thuốc gia đình,,,149990,,,https://linconnn.io.vn/product/bao-cao-su-sagami-original-0-01-hop-5-cai/
Chỉ LienStore có,,,,,,,,,,Combo 10 Mặt Nạ Mitomo,MITO-MNM-2609-2225,276000,,publish,Mặt nạ,,,105462,,,https://linconnn.io.vn/product/combo-10-mat-na-mitomo/
Chỉ LienStore có,,,,,,,,,,Rượu Gin Suntory Roku Select Edition 700ml,SUNT-TPDU-2609-2226,1651000,,publish,Thực phẩm & đồ uống,,,659556,,,https://linconnn.io.vn/product/ruou-gin-suntory-roku-select-edition-700ml/
Chỉ LienStore có,,,,,,,,,,Sữa chống nắng Anessa Perfect UV Skincare Milk SPF50+ PA++++ 60ml,ANES-CNU-2609-2228,502000,,publish,Chống nắng,,,368280,,,https://linconnn.io.vn/product/sua-chong-nang-anessa-perfect-uv-skincare-milk-60ml/
Chỉ LienStore có,,,,,,,,,,Sữa Chống Nắng Anessa Perfect UV Mild Milk 60ml,ANES-CNU-2609-2229,681000,,publish,Chống nắng,,,511909,,,https://linconnn.io.vn/product/sua-chong-nang-anessa-perfect-uv-mild-milk-60ml/
Chỉ LienStore có,,,,,,,,,,Viên uống Vitamin D3 5000 IU + K2 MK-7 Micro Ingredients 300 viên,MII-61694,914000,,publish,Thực phẩm chức năng,,,644323,,,https://linconnn.io.vn/product/vien-uong-vitamin-d3-k2-micro-ingredients-300-vien/
Chỉ LienStore có,,,,,,,,,,Viên uống Magie hấp thu cao Doctor's Best High Absorption Magnesium 100mg 120 viên,DRB-00025,685000,,publish,Thực phẩm chức năng,,,502033,,,https://linconnn.io.vn/product/vien-uong-magie-doctors-best-high-absorption-magnesium-120-vien/
Chỉ LienStore có,,,,,,,,,,Dầu cá Omega-3 Nordic Naturals Ultimate Omega-D3 1280mg vị chanh 120 viên,NOR-01793,681000,,publish,Thực phẩm chức năng,,,498852,,,https://linconnn.io.vn/product/dau-ca-omega-3-nordic-naturals-ultimate-omega-d3-chanh-120-vien/